{
  "directions": {
    "below": [
      -0.0,
      -0.0,
      -1.0
    ],
    "above": [
      0.0,
      0.0,
      1.0
    ],
    "behind": [
      -0.754490315914154,
      0.6563112735748291,
      0.0
    ],
    "left": [
      -0.6563112735748291,
      -0.7544902563095093,
      0.0
    ],
    "right": [
      0.6563112735748291,
      0.7544902563095093,
      -0.0
    ],
    "front": [
      0.754490315914154,
      -0.6563112735748291,
      -0.0
    ]
  },
  "relationships": {
    "left": [
      [
        2,
        12,
        14
      ],
      [
        0,
        2,
        10,
        12,
        14
      ],
      [
        12
      ],
      [
        0,
        1,
        2,
        4,
        6,
        7,
        10,
        11,
        12,
        13,
        14,
        15
      ],
      [
        0,
        1,
        2,
        7,
        10,
        11,
        12,
        14,
        15
      ],
      [
        0,
        1,
        2,
        3,
        4,
        6,
        7,
        8,
        10,
        11,
        12,
        13,
        14,
        15
      ],
      [
        0,
        1,
        2,
        4,
        7,
        10,
        11,
        12,
        14,
        15
      ],
      [
        0,
        1,
        2,
        10,
        11,
        12,
        14,
        15
      ],
      [
        0,
        1,
        2,
        3,
        4,
        6,
        7,
        10,
        11,
        12,
        13,
        14,
        15
      ],
      [
        0,
        1,
        2,
        3,
        4,
        5,
        6,
        7,
        8,
        10,
        11,
        12,
        13,
        14,
        15
      ],
      [
        0,
        2,
        12,
        14
      ],
      [
        0,
        1,
        2,
        10,
        12,
        14
      ],
      [],
      [
        0,
        1,
        2,
        4,
        6,
        7,
        10,
        11,
        12,
        14,
        15
      ],
      [
        2,
        12
      ],
      [
        0,
        1,
        2,
        10,
        11,
        12,
        14
      ]
    ],
    "right": [
      [
        1,
        3,
        4,
        5,
        6,
        7,
        8,
        9,
        10,
        11,
        13,
        15
      ],
      [
        3,
        4,
        5,
        6,
        7,
        8,
        9,
        11,
        13,
        15
      ],
      [
        0,
        1,
        3,
        4,
        5,
        6,
        7,
        8,
        9,
        10,
        11,
        13,
        14,
        15
      ],
      [
        5,
        8,
        9
      ],
      [
        3,
        5,
        6,
        8,
        9,
        13
      ],
      [
        9
      ],
      [
        3,
        5,
        8,
        9,
        13
      ],
      [
        3,
        4,
        5,
        6,
        8,
        9,
        13
      ],
      [
        5,
        9
      ],
      [],
      [
        1,
        3,
        4,
        5,
        6,
        7,
        8,
        9,
        11,
        13,
        15
      ],
      [
        3,
        4,
        5,
        6,
        7,
        8,
        9,
        13,
        15
      ],
      [
        0,
        1,
        2,
        3,
        4,
        5,
        6,
        7,
        8,
        9,
        10,
        11,
        13,
        14,
        15
      ],
      [
        3,
        5,
        8,
        9
      ],
      [
        0,
        1,
        3,
        4,
        5,
        6,
        7,
        8,
        9,
        10,
        11,
        13,
        15
      ],
      [
        3,
        4,
        5,
        6,
        7,
        8,
        9,
        13
      ]
    ],
    "front": [
      [
        1,
        3,
        7,
        15
      ],
      [
        7
      ],
      [
        0,
        1,
        3,
        5,
        6,
        7,
        9,
        10,
        12,
        15
      ],
      [
        1,
        7
      ],
      [
        0,
        1,
        2,
        3,
        5,
        6,
        7,
        8,
        9,
        10,
        12,
        13,
        14,
        15
      ],
      [
        0,
        1,
        3,
        7,
        15
      ],
      [
        0,
        1,
        3,
        5,
        7,
        9,
        10,
        12,
        15
      ],
      [],
      [
        0,
        1,
        2,
        3,
        5,
        6,
        7,
        9,
        10,
        12,
        14,
        15
      ],
      [
        0,
        1,
        3,
        5,
        7,
        10,
        12,
        15
      ],
      [
        0,
        1,
        3,
        5,
        7,
        15
      ],
      [
        0,
        1,
        2,
        3,
        4,
        5,
        6,
        7,
        8,
        9,
        10,
        12,
        13,
        14,
        15
      ],
      [
        0,
        1,
        3,
        5,
        7,
        10,
        15
      ],
      [
        0,
        1,
        2,
        3,
        5,
        6,
        7,
        8,
        9,
        10,
        12,
        14,
        15
      ],
      [
        0,
        1,
        2,
        3,
        5,
        6,
        7,
        9,
        10,
        12,
        15
      ],
      [
        1,
        3,
        7
      ]
    ],
    "behind": [
      [
        2,
        4,
        5,
        6,
        8,
        9,
        10,
        11,
        12,
        13,
        14
      ],
      [
        0,
        2,
        3,
        4,
        5,
        6,
        8,
        9,
        10,
        11,
        12,
        13,
        14,
        15
      ],
      [
        4,
        8,
        11,
        13,
        14
      ],
      [
        0,
        2,
        4,
        5,
        6,
        8,
        9,
        10,
        11,
        12,
        13,
        14,
        15
      ],
      [
        11
      ],
      [
        2,
        4,
        6,
        8,
        9,
        10,
        11,
        12,
        13,
        14
      ],
      [
        2,
        4,
        8,
        11,
        13,
        14
      ],
      [
        0,
        1,
        2,
        3,
        4,
        5,
        6,
        8,
        9,
        10,
        11,
        12,
        13,
        14,
        15
      ],
      [
        4,
        11,
        13
      ],
      [
        2,
        4,
        6,
        8,
        11,
        13,
        14
      ],
      [
        2,
        4,
        6,
        8,
        9,
        11,
        12,
        13,
        14
      ],
      [],
      [
        2,
        4,
        6,
        8,
        9,
        11,
        13,
        14
      ],
      [
        4,
        11
      ],
      [
        4,
        8,
        11,
        13
      ],
      [
        0,
        2,
        4,
        5,
        6,
        8,
        9,
        10,
        11,
        12,
        13,
        14
      ]
    ]
  },
  "objects": [
    {
      "3d_coords": [
        -0.4787071943283081,
        -2.157405138015747,
        0.30000001192092896
      ],
      "rotation": 91.1351415135709,
      "size": "small",
      "pixel_coords": [
        179,
        259,
        9.61766529083252
      ],
      "color": "green",
      "shape": "cube",
      "material": "rubber"
    },
    {
      "3d_coords": [
        0.884996235370636,
        -2.1672444343566895,
        0.30000001192092896
      ],
      "rotation": 45.72213545691102,
      "size": "small",
      "pixel_coords": [
        235,
        303,
        8.718463897705078
      ],
      "color": "gray",
      "shape": "cylinder",
      "material": "rubber"
    },
    {
      "3d_coords": [
        -2.6862270832061768,
        -1.5001096725463867,
        0.30000001192092896
      ],
      "rotation": 40.97378728210814,
      "size": "small",