{
  "directions": {
    "below": [
      -0.0,
      -0.0,
      -1.0
    ],
    "above": [
      0.0,
      0.0,
      1.0
    ],
    "behind": [
      -0.754490315914154,
      0.6563112735748291,
      0.0
    ],
    "left": [
      -0.6563112735748291,
      -0.7544902563095093,
      0.0
    ],
    "right": [
      0.6563112735748291,
      0.7544902563095093,
      -0.0
    ],
    "front": [
      0.754490315914154,
      -0.6563112735748291,
      -0.0
    ]
  },
  "relationships": {
    "left": [
      [
        1,
        2,
        4,
        6,
        8,
        9,
        11,
        12,
        14,
        15
      ],
      [
        2,
        4,
        6,
        8,
        9,
        11,
        12,
        14,
        15
      ],
      [],
      [
        0,
        1,
        2,
        4,
        5,
        6,
        7,
        8,
        9,
        11,
        12,
        13,
        14,
        15
      ],
      [
        2,
        8,
        11,
        12
      ],
      [
        0,
        1,
        2,
        4,
        6,
        7,
        8,
        9,
        11,
        12,
        13,
        14,
        15
      ],
      [
        2,
        4,
        8,
        11,
        12
      ],
      [
        0,
        1,
        2,
        4,
        6,
        8,
        9,
        11,
        12,
        13,
        14,
        15
      ],
      [
        2,
        12
      ],
      [
        2,
        4,
        6,
        8,
        11,
        12
      ],
      [
        0,
        1,
        2,
        3,
        4,
        5,
        6,
        7,
        8,
        9,
        11,
        12,
        13,
        14,
        15
      ],
      [
        2,
        8,
        12
      ],
      [
        2
      ],
      [
        0,
        1,
        2,
        4,
        6,
        8,
        9,
        11,
        12,
        14,
        15
      ],
      [
        2,
        4,
        6,
        8,
        9,
        11,
        12
      ],
      [
        2,
        4,
        6,
        8,
        9,
        11,
        12,
        14
      ]
    ],
    "right": [
      [
        3,
        5,
        7,
        10,
        13
      ],
      [
        0,
        3,
        5,
        7,
        10,
        13
      ],
      [
        0,
        1,
        3,
        4,
        5,
        6,
        7,
        8,
        9,
        10,
        11,
        12,
        13,
        14,
        15
      ],
      [
        10
      ],
      [
        0,
        1,
        3,
        5,
        6,
        7,
        9,
        10,
        13,
        14,
        15
      ],
      [
        3,
        10
      ],
      [
        0,
        1,
        3,
        5,
        7,
        9,
        10,
        13,
        14,
        15
      ],
      [
        3,
        5,
        10
      ],
      [
        0,
        1,
        3,
        4,
        5,
        6,
        7,
        9,
        10,
        11,
        13,
        14,
        15
      ],
      [
        0,
        1,
        3,
        5,
        7,
        10,
        13,
        14,
        15
      ],
      [],
      [
        0,
        1,
        3,
        4,
        5,
        6,
        7,
        9,
        10,
        13,
        14,
        15
      ],
      [
        0,
        1,
        3,
        4,
        5,
        6,
        7,
        8,
        9,
        10,
        11,
        13,
        14,
        15
      ],
      [
        3,
        5,
        7,
        10
      ],
      [
        0,
        1,
        3,
        5,
        7,
        10,
        13,
        15
      ],
      [
        0,
        1,
        3,
        5,
        7,
        10,
        13
      ]
    ],
    "front": [
      [
        4,
        11,
        14
      ],
      [
        0,
        2,
        3,
        4,
        5,
        6,
        7,
        8,
        9,
        10,
        11,
        12,
        13,
        14,
        15
      ],
      [
        0,
        3,
        4,
        5,
        6,
        7,
        8,
        9,
        10,
        11,
        14,
        15
      ],
      [
        0,
        4,
        5,
        6,
        7,
        8,
        9,
        10,
        11,
        14,
        15
      ],
      [],
      [
        0,
        4,
        8,
        9,
        11,
        14
      ],
      [
        0,
        4,
        5,
        8,
        9,
        11,
        14
      ],
      [
        0,
        4,
        5,
        6,
        8,
        9,
        10,
        11,
        14
      ],
      [
        0,
        4,
        9,
        11,
        14
      ],
      [
        0,
        4,
        11,
        14
      ],
      [
        0,
        4,
        5,
        6,
        8,
        9,
        11,
        14
      ],
      [
        4,
        14
      ],
      [
        0,
        2,
        3,
        4,
        5,
        6,
        7,
        8,
        9,
        10,
        11,
        14,
        15
      ],
      [
        0,
        2,
        3,
        4,
        5,
        6,
        7,
        8,
        9,
        10,
        11,
        12,
        14,
        15
      ],
      [
        4
      ],
      [
        0,
        4,
        5,
        6,
        7,
        8,
        9,
        10,
        11,
        14
      ]
    ],
    "behind": [
      [
        1,
        2,
        3,
        5,
        6,
        7,
        8,
        9,
        10,
        12,
        13,
        15
      ],
      [],
      [
        1,
        12,
        13
      ],
      [
        1,
        2,
        12,
        13
      ],
      [
        0,
        1,
        2,
        3,
        5,
        6,
        7,
        8,
        9,
        10,
        11,
        12,
        13,
        14,
        15
      ],
      [
        1,
        2,
        3,
        6,
        7,
        10,
        12,
        13,
        15
      ],
      [
        1,
        2,
        3,
        7,
        10,
        12,
        13,
        15
      ],
      [
        1,
        2,
        3,
        12,
        13,
        15
      ],
      [
        1,
        2,
        3,
        5,
        6,
        7,
        10,
        12,
        13,
        15
      ],
      [
        1,
        2,
        3,
        5,
        6,
        7,
        8,
        10,
        12,
        13,
        15
      ],
      [
        1,
        2,
        3,
        7,
        12,
        13,
        15
      ],
      [
        0,
        1,
        2,
        3,
        5,
        6,
        7,
        8,
        9,
        10,
        12,
        13,
        15
      ],
      [
        1,
        13
      ],
      [
        1
      ],
      [
        0,
        1,
        2,
        3,
        5,
        6,
        7,
        8,
        9,
        10,
        11,
        12,
        13,
        15
      ],
      [
        1,
        2,
        3,
        12,
        13
      ]
    ]
  },
  "objects": [
    {
      "3d_coords": [
        2.381725311279297,
        -0.03202279657125473,
        0.30000001192092896
      ],
      "rotation": 204.97559342297922,
      "size": "small",
      "pixel_coords": [
        438,
        283,
        9.507734298706055
      ],
      "color": "gray",
      "shape": "cylinder",
      "material": "rubber"
    },
    {
      "3d_coords": [
        -1.0415619611740112,
        2.5755631923675537,
        0.30000001192092896
      ],
      "rotation": 216.0446431512776,
      "size": "small",
      "pixel_coords": [
        382,
        163,
        13.269719123840332
      ],
      "color": "green",
      "shape": "sphere",
      "material": "rubber"
    },
    {
      "3d_coords": [
        -2.665762424468994,
        -1.7238550186157227,
        0.30000001192092896
      ],
      "rotation": 226.48459909615968,
      "size": "large",