{
  "relationships": {
    "right": [
      [],
      [
        0,
        3,
        4,
        7
      ],
      [
        0,
        1,
        3,
        4,
        5,
        6,
        7
      ],
      [
        0,
        7
      ],
      [
        0,
        3,
        7
      ],
      [
        0,
        1,
        3,
        4,
        7
      ],
      [
        0,
        1,
        3,
        4,
        5,
        7
      ],
      [
        0
      ]
    ],
    "left": [
      [
        1,
        2,
        3,
        4,
        5,
        6,
        7
      ],
      [
        2,
        5,
        6
      ],
      [],
      [
        1,
        2,
        4,
        5,
        6
      ],
      [
        1,
        2,
        5,
        6
      ],
      [
        2,
        6
      ],
      [
        2
      ],
      [
        1,
        2,
        3,
        4,
        5,
        6
      ]
    ],
    "behind": [
      [
        4,
        5
      ],
      [
        0,
        2,
        4,
        5
      ],
      [
        0,
        4,
        5
      ],
      [
        0,
        1,
        2,
        4,
        5,
        6
      ],
      [
        5
      ],
      [],
      [
        0,
        1,
        2,
        4,
        5
      ],
      [
        0,
        1,
        2,
        3,
        4,
        5,
        6
      ]
    ],
    "front": [
      [
        1,
        2,
        3,
        6,
        7
      ],
      [
        3,
        6,
        7
      ],
      [
        1,
        3,
        6,
        7
      ],
      [
        7
      ],
      [
        0,
        1,
        2,
        3,
        6,
        7
      ],
      [
        0,
        1,
        2,
        3,
        4,
        6,
        7
      ],
      [
        3,
        7
      ],
      []
    ]
  },
  "image_index": 825,
  "directions": {
    "below": [
      -0.0,
      -0.0,
      -1.0
    ],
    "left": [
      -0.6563112735748291,
      -0.7544902563095093,
      0.0
    ],
    "above": [
      0.0,
      0.0,
      1.0
    ],
    "front": [
      0.754490315914154,
      -0.6563112735748291,
      -0.0
    ],
    "behind": [
      -0.754490315914154,
      0.6563112735748291,
      0.0
    ],
    "right": [
      0.6563112735748291,
      0.7544902563095093,
      -0.0
    ]
  },
  "objects": [
    {
      "shape": "cube",
      "pixel_coords": [
        463,
        184,
        12.17095947265625
      ],
      "color": "purple",
      "rotation": 316.68756611072064,
      "size": "large",
      "material": "rubber",
      "3d_coords": [
        0.5970860719680786,
        2.785750389099121,
        0.30000001192092896
      ]
    },
    {
      "shape": "cube",
      "pixel_coords": [
        342,
        226,
        10.915786743164062
      ],
      "color": "blue",
      "rotation": 146.27103162748728,
      "size": "large",
      "material": "rubber",
      "3d_coords": [
        0.2774132192134857,
        0.21483281254768372,
        0.30000001192092896
      ]
    },
    {
      "shape": "cube",
      "pixel_coords": [
        206,
        215,
        11.221710205078125
      ],
      "color": "yellow",
      "rotation": 111.22705418906804,
      "size": "large",
      "material": "rubber",
      "3d_coords": [
        -1.4272083044052124,
        -1.1708582639694214,
        0.30000001192092896
      ]
    },
    {
      "shape": "cube",
      "pixel_coords": [
        430,
        249,
        10.31515121459961
      ],
      "color": "red",
      "rotation": 120.94344781786994,
      "size": "large",
      "material": "rubber",
      "3d_coords": [
        1.6519010066986084,
        0.7089244723320007,
        0.30000001192092896
      ]
    },
    {
      "shape": "cylinder",
      "pixel_coords": [
        348,
        139,
        13.872422218322754
      ],
      "color": "red",
      "rotation": 346.8784261451849,
      "size": "small",
      "material": "rubber",
      "3d_coords": [
        -2.1707277297973633,
        2.657010555267334,
        0.30000001192092896
      ]
    },
    {
      "shape": "cube",
      "pixel_coords": [
        319,
        128,
        14.366304397583008
      ],
      "color": "brown",
      "rotation": 123.43260384570708,
      "size": "small",
      "material": "rubber",
      "3d_coords": [
        -2.984978199005127,
        2.6074047088623047,
        0.30000001192092896
      ]
    },
    {
      "shape": "cylinder",
      "pixel_coords": [
        245,
        234,
        10.688949584960938
      ],
      "color": "gray",
      "rotation": 209.54933494677948,
      "size": "large",
      "material": "rubber",
      "3d_coords": [
        -0.5163977146148682,
        -1.080701231956482,
        0.30000001192092896
      ]
    },
    {
      "shape": "cube",
      "pixel_coords": [
        469,
        309,
        9.060434341430664
      ],
      "color": "gray",
      "rotation": 90.0466528243669,
      "size": "small",
      "material": "rubber",
      "3d_coords": [
        2.946077823638916,
        -0.0393168069422245,
        0.30000001192092896
      ]
    }
  ],
  "image_filename": "CLEVR_new_000825.png",
  "split": "new"
}