{
  "directions": {
    "above": [
      0.0,
      0.0,
      1.0
    ],
    "left": [
      -0.6563112735748291,
      -0.7544902563095093,
      0.0
    ],
    "front": [
      0.754490315914154,
      -0.6563112735748291,
      -0.0
    ],
    "below": [
      -0.0,
      -0.0,
      -1.0
    ],
    "behind": [
      -0.754490315914154,
      0.6563112735748291,
      0.0
    ],
    "right": [
      0.6563112735748291,
      0.7544902563095093,
      -0.0
    ]
  },
  "image_filename": "CLEVR_new_001049.png",
  "image_index": 1049,
  "relationships": {
    "front": [
      [
        3,
        8
      ],
      [
        0,
        2,
        3,
        4,
        5,
        6,
        7,
        8,
        9
      ],
      [
        0,
        3,
        8
      ],
      [
        8
      ],
      [
        0,
        2,
        3,
        5,
        7,
        8,
        9
      ],
      [
        0,
        2,
        3,
        7,
        8,
        9
      ],
      [
        0,
        2,
        3,
        4,
        5,
        7,
        8,
        9
      ],
      [
        0,
        2,
        3,
        8,
        9
      ],
      [],
      [
        0,
        2,
        3,
        8
      ]
    ],
    "left": [
      [
        2,
        3,
        6,
        7
      ],
      [
        0,
        2,
        3,
        4,
        6,
        7
      ],
      [
        3
      ],
      [],
      [
        0,
        2,
        3,
        6,
        7
      ],
      [
        0,
        1,
        2,
        3,
        4,
        6,
        7
      ],
      [
        2,
        3
      ],
      [
        2,
        3,
        6
      ],
      [
        0,
        1,
        2,
        3,
        4,
        5,
        6,
        7
      ],
      [
        0,
        1,
        2,
        3,
        4,
        5,
        6,
        7,
        8
      ]
    ],
    "behind": [
      [
        1,
        2,
        4,
        5,
        6,
        7,
        9
      ],
      [],
      [
        1,
        4,
        5,
        6,
        7,
        9
      ],
      [
        0,
        1,
        2,
        4,
        5,
        6,
        7,
        9
      ],
      [
        1,
        6
      ],
      [
        1,
        4,
        6
      ],
      [
        1
      ],
      [
        1,
        4,
        5,
        6
      ],
      [
        0,
        1,
        2,
        3,
        4,
        5,
        6,
        7,
        9
      ],
      [
        1,
        4,
        5,
        6,
        7
      ]
    ],
    "right": [
      [
        1,
        4,
        5,
        8,
        9
      ],
      [
        5,
        8,
        9
      ],
      [
        0,
        1,
        4,
        5,
        6,
        7,
        8,
        9
      ],
      [
        0,
        1,
        2,
        4,
        5,
        6,
        7,
        8,
        9
      ],
      [
        1,
        5,
        8,
        9
      ],
      [
        8,
        9
      ],
      [
        0,
        1,
        4,
        5,
        7,
        8,
        9
      ],
      [
        0,
        1,
        4,
        5,
        8,
        9
      ],
      [
        9
      ],
      []
    ]
  },
  "split": "new",
  "objects": [
    {
      "3d_coords": [
        -0.21970516443252563,
        -0.4871674180030823,
        0.30000001192092896
      ],
      "rotation": 316.1532744876375,
      "color": "cyan",
      "shape": "cube",
      "pixel_coords": [
        287,
        228,
        11.04463005065918
      ],
      "material": "rubber",
      "size": "small"
    },
    {
      "3d_coords": [
        -2.0146121978759766,
        2.4497296810150146,
        0.30000001192092896
      ],
      "rotation": 39.17300032468587,
      "color": "blue",
      "shape": "sphere",
      "pixel_coords": [
        348,
        148,
        13.876982688903809
      ],
      "material": "rubber",
      "size": "small"
    },
    {
      "3d_coords": [
        -1.2619950771331787,
        -1.227768898010254,
        0.30000001192092896
      ],
      "rotation": 11.813894709728277,
      "color": "green",
      "shape": "cylinder",
      "pixel_coords": [
        212,
        219,
        11.315366744995117
      ],
      "material": "rubber",
      "size": "large"
    },
    {
      "3d_coords": [
        -1.217934012413025,
        -2.1966726779937744,
        0.30000001192092896
      ],
      "rotation": 335.7930989513881,
      "color": "blue",
      "shape": "cube",
      "pixel_coords": [
        160,
        239,
        10.742082595825195
      ],
      "material": "rubber",
      "size": "large"
    },
    {
      "3d_coords": [
        -1.6443822383880615,
        1.7028135061264038,
        0.30000001192092896
      ],
      "rotation": 194.4980313047415,
      "color": "cyan",
      "shape": "cube",
      "pixel_coords": [
        332,
        164,
        13.213485717773438
      ],
      "material": "rubber",
      "size": "small"
    },
    {
      "3d_coords": [
        -0.8784980177879333,
        2.0086324214935303,
        0.30000001192092896
      ],
      "rotation": 64.33750778680331,
      "color": "cyan",
      "shape": "sphere",
      "pixel_coords": [
        372,
        172,
        12.880640983581543
      ],
      "material": "rubber",
      "size": "large"
    },
    {
      "3d_coords": [
        -2.9450182914733887,
        0.9156822562217712,
        0.30000001192092896
      ],
      "rotation": 141.63455741784395,
      "color": "gray",
      "shape": "cylinder",
      "pixel_coords": [
        258,
        154,
        13.62830638885498
      ],
      "material": "rubber",
      "size": "small"
    },
    {
      "3d_coords": [
        -1.560191035270691,
        0.19968776404857635,
        0.30000001192092896
      ],
      "rotation": 268.5911053703282,
      "color": "red",
      "shape": "sphere",
      "pixel_coords": [
        271,
        188,
        12.313675880432129
      ],
      "material": "rubber",
      "size": "large"
    },
    {
      "3d_coords": [
        1.774566411972046,
        0.6080370545387268,
        0.30000001192092896
      ],
      "rotation": 203.88080273299425,
      "color": "purple",
      "shape": "sphere",
      "pixel_coords": [
        429,
        255,
        10.345833778381348
      ],
      "material": "rubber",
      "size": "large"
    },
    {
      "3d_coords": [
        1.0903807878494263,
        1.8491154909133911,
        0.30000001192092896
      ],
      "rotation": 15.714413636253797,
      "color": "yellow",
      "shape": "cylinder",
      "pixel_coords": [
        449,
        213,
        11.493773460388184
      ],
      "material": "rubber",
      "size": "large"
    }
  ]
}