{
  "directions": {
    "above": [
      0.0,
      0.0,
      1.0
    ],
    "left": [
      -0.6563112735748291,
      -0.7544902563095093,
      0.0
    ],
    "front": [
      0.754490315914154,
      -0.6563112735748291,
      -0.0
    ],
    "below": [
      -0.0,
      -0.0,
      -1.0
    ],
    "behind": [
      -0.754490315914154,
      0.6563112735748291,
      0.0
    ],
    "right": [
      0.6563112735748291,
      0.7544902563095093,
      -0.0
    ]
  },
  "image_filename": "CLEVR_new_001046.png",
  "image_index": 1046,
  "relationships": {
    "front": [
      [
        1,
        2,
        3,
        4,
        5,
        6,
        8
      ],
      [],
      [
        1,
        4,
        8
      ],
      [
        1,
        2,
        4,
        5,
        6,
        8
      ],
      [
        1,
        8
      ],
      [
        1,
        2,
        4,
        8
      ],
      [
        1,
        2,
        4,
        5,
        8
      ],
      [
        0,
        1,
        2,
        3,
        4,
        5,
        6,
        8
      ],
      [
        1
      ],
      [
        0,
        1,
        2,
        3,
        4,
        5,
        6,
        7,
        8
      ]
    ],
    "left": [
      [],
      [
        0,
        5,
        8
      ],
      [
        0,
        1,
        3,
        4,
        5,
        6,
        7,
        8,
        9
      ],
      [
        0,
        1,
        5,
        8
      ],
      [
        0,
        1,
        3,
        5,
        8,
        9
      ],
      [
        0
      ],
      [
        0,
        1,
        3,
        4,
        5,
        8,
        9
      ],
      [
        0,
        1,
        3,
        4,
        5,
        6,
        8,
        9
      ],
      [
        0,
        5
      ],
      [
        0,
        1,
        3,
        5,
        8
      ]
    ],
    "behind": [
      [
        7,
        9
      ],
      [
        0,
        2,
        3,
        4,
        5,
        6,
        7,
        8,
        9
      ],
      [
        0,
        3,
        5,
        6,
        7,
        9
      ],
      [
        0,
        7,
        9
      ],
      [
        0,
        2,
        3,
        5,
        6,
        7,
        9
      ],
      [
        0,
        3,
        6,
        7,
        9
      ],
      [
        0,
        3,
        7,
        9
      ],
      [
        9
      ],
      [
        0,
        2,
        3,
        4,
        5,
        6,
        7,
        9
      ],
      []
    ],
    "right": [
      [
        1,
        2,
        3,
        4,
        5,
        6,
        7,
        8,
        9
      ],
      [
        2,
        3,
        4,
        6,
        7,
        9
      ],
      [],
      [
        2,
        4,
        6,
        7,
        9
      ],
      [
        2,
        6,
        7
      ],
      [
        1,
        2,
        3,
        4,
        6,
        7,
        8,
        9
      ],
      [
        2,
        7
      ],
      [
        2
      ],
      [
        1,
        2,
        3,
        4,
        6,
        7,
        9
      ],
      [
        2,
        4,
        6,
        7
      ]
    ]
  },
  "split": "new",
  "objects": [
    {
      "3d_coords": [
        -2.7843267917633057,
        -2.7645697593688965,
        0.30000001192092896
      ],
      "rotation": 332.06582596162957,
      "color": "red",
      "shape": "cube",
      "pixel_coords": [
        78,
        218,
        11.350043296813965
      ],
      "material": "rubber",
      "size": "small"
    },
    {
      "3d_coords": [
        1.1517452001571655,
        -1.6767659187316895,
        0.30000001192092896
      ],
      "rotation": 57.45760498941268,
      "color": "cyan",
      "shape": "sphere",
      "pixel_coords": [
        286,
        291,
        9.44609546661377
      ],
      "material": "rubber",
      "size": "large"
    },
    {
      "3d_coords": [
        2.993828773498535,
        1.8439242839813232,
        0.30000001192092896
      ],
      "rotation": 149.45800605410352,
      "color": "red",
      "shape": "cylinder",
      "pixel_coords": [
        549,
        253,
        10.34292221069336
      ],
      "material": "rubber",
      "size": "large"
    },
    {
      "3d_coords": [
        0.0004160486569162458,
        -0.03812810778617859,
        0.30000001192092896
      ],
      "rotation": 94.88897703735775,
      "color": "yellow",
      "shape": "sphere",
      "pixel_coords": [
        318,
        224,
        11.164710998535156
      ],
      "material": "rubber",
      "size": "large"
    },
    {
      "3d_coords": [
        1.380415439605713,
        -0.396771639585495,
        0.30000001192092896
      ],
      "rotation": 124.64684514655362,
      "color": "red",
      "shape": "cube",
      "pixel_coords": [
        365,
        264,
        10.057851791381836
      ],
      "material": "rubber",
      "size": "large"
    },
    {
      "3d_coords": [
        -1.168101191520691,
        -2.1039788722991943,
        0.30000001192092896
      ],
      "rotation": 228.3610795780063,
      "color": "blue",
      "shape": "cylinder",
      "pixel_coords": [
        167,
        240,
        10.695241928100586
      ],
      "material": "rubber",
      "size": "large"
    },
    {
      "3d_coords": [
        1.3747817277908325,
        1.2313469648361206,
        0.30000001192092896
      ],
      "rotation": 195.096191635499,
      "color": "blue",
      "shape": "cylinder",
      "pixel_coords": [
        437,
        229,
        11.028056144714355
      ],
      "material": "rubber",
      "size": "large"
    },
    {
      "3d_coords": [
        1.0721369981765747,
        2.7218616008758545,
        0.30000001192092896
      ],
      "rotation": 163.85631138956265,
      "color": "red",
      "shape": "cylinder",
      "pixel_coords": [
        478,
        196,
        12.108969688415527
      ],
      "material": "rubber",
      "size": "large"
    },
    {
      "3d_coords": [
        0.3938157558441162,
        -2.048017740249634,
        0.30000001192092896
      ],
      "rotation": 180.84296585239827,
      "color": "cyan",
      "shape": "cube",
      "pixel_coords": [
        230,
        279,
        9.716673851013184
      ],
      "material": "rubber",
      "size": "large"
    },
    {
      "3d_coords": [
        -2.1952273845672607,
        2.201481819152832,
        0.30000001192092896
      ],
      "rotation": 294.1551987931213,
      "color": "cyan",
      "shape": "cylinder",
      "pixel_coords": [
        327,
        152,
        13.916596412658691
      ],
      "material": "rubber",
      "size": "small"
    }
  ]
}