{
  "relationships": {
    "right": [
      [
        6
      ],
      [
        0,
        2,
        3,
        4,
        6,
        7
      ],
      [
        0,
        3,
        4,
        6
      ],
      [
        0,
        4,
        6
      ],
      [
        0,
        6
      ],
      [
        0,
        1,
        2,
        3,
        4,
        6,
        7
      ],
      [],
      [
        0,
        2,
        3,
        4,
        6
      ]
    ],
    "left": [
      [
        1,
        2,
        3,
        4,
        5,
        7
      ],
      [
        5
      ],
      [
        1,
        5,
        7
      ],
      [
        1,
        2,
        5,
        7
      ],
      [
        1,
        2,
        3,
        5,
        7
      ],
      [],
      [
        0,
        1,
        2,
        3,
        4,
        5,
        7
      ],
      [
        1,
        5
      ]
    ],
    "behind": [
      [
        2,
        3,
        7
      ],
      [
        0,
        2,
        3,
        5,
        6,
        7
      ],
      [
        3,
        7
      ],
      [
        7
      ],
      [
        0,
        1,
        2,
        3,
        5,
        6,
        7
      ],
      [
        0,
        2,
        3,
        7
      ],
      [
        0,
        2,
        3,
        5,
        7
      ],
      []
    ],
    "front": [
      [
        1,
        4,
        5,
        6
      ],
      [
        4
      ],
      [
        0,
        1,
        4,
        5,
        6
      ],
      [
        0,
        1,
        2,
        4,
        5,
        6
      ],
      [],
      [
        1,
        4,
        6
      ],
      [
        1,
        4
      ],
      [
        0,
        1,
        2,
        3,
        4,
        5,
        6
      ]
    ]
  },
  "image_index": 818,
  "directions": {
    "below": [
      -0.0,
      -0.0,
      -1.0
    ],
    "left": [
      -0.6563112735748291,
      -0.7544902563095093,
      0.0
    ],
    "above": [
      0.0,
      0.0,
      1.0
    ],
    "front": [
      0.754490315914154,
      -0.6563112735748291,
      -0.0
    ],
    "behind": [
      -0.754490315914154,
      0.6563112735748291,
      0.0
    ],
    "right": [
      0.6563112735748291,
      0.7544902563095093,
      -0.0
    ]
  },
  "objects": [
    {
      "shape": "cylinder",
      "pixel_coords": [
        472,
        224,
        11.431938171386719
      ],
      "color": "brown",
      "rotation": 346.4643911635825,
      "size": "small",
      "material": "rubber",
      "3d_coords": [
        1.6732908487319946,
        1.839161992073059,
        0.30000001192092896
      ]
    },
    {
      "shape": "cube",
      "pixel_coords": [
        212,
        274,
        10.139270782470703
      ],
      "color": "gray",
      "rotation": 110.11150260767421,
      "size": "large",
      "material": "rubber",
      "3d_coords": [
        0.06823103129863739,
        -2.1736557483673096,
        0.30000001192092896
      ]
    },
    {
      "shape": "sphere",
      "pixel_coords": [
        271,
        206,
        12.009292602539062
      ],
      "color": "gray",
      "rotation": 159.5830615625348,
      "size": "large",
      "material": "rubber",
      "3d_coords": [
        -1.0509307384490967,
        -0.18596066534519196,
        0.30000001192092896
      ]
    },
    {
      "shape": "cylinder",
      "pixel_coords": [
        336,
        199,
        12.235163688659668
      ],
      "color": "cyan",
      "rotation": 181.2301229233485,
      "size": "small",
      "material": "rubber",
      "3d_coords": [
        -0.4912581741809845,
        0.8249599933624268,
        0.30000001192092896
      ]
    },
    {
      "shape": "cylinder",
      "pixel_coords": [
        375,
        333,
        8.947371482849121
      ],
      "color": "yellow",
      "rotation": 132.939484520522,
      "size": "large",
      "material": "rubber",
      "3d_coords": [
        2.6145246028900146,
        -1.4071444272994995,
        0.30000001192092896
      ]
    },
    {
      "shape": "sphere",
      "pixel_coords": [
        173,
        235,
        11.144521713256836
      ],
      "color": "brown",
      "rotation": 309.25197764170133,
      "size": "small",
      "material": "rubber",
      "3d_coords": [
        -1.3088328838348389,
        -1.9653931856155396,
        0.30000001192092896
      ]
    },
    {
      "shape": "sphere",
      "pixel_coords": [
        545,
        244,
        10.898266792297363
      ],
      "color": "purple",
      "rotation": 318.8372253854726,
      "size": "large",
      "material": "rubber",
      "3d_coords": [
        2.8109846115112305,
        2.1796982288360596,
        0.30000001192092896
      ]
    },
    {
      "shape": "cylinder",
      "pixel_coords": [
        245,
        178,
        12.963898658752441
      ],
      "color": "blue",
      "rotation": 198.54837718301152,
      "size": "small",
      "material": "rubber",
      "3d_coords": [
        -2.240234851837158,
        0.14313940703868866,
        0.30000001192092896
      ]
    }
  ],
  "image_filename": "CLEVR_new_000818.png",
  "split": "new"
}