{
  "relationships": {
    "right": [
      [
        6,
        7
      ],
      [
        0,
        6,
        7
      ],
      [
        0,
        1,
        3,
        4,
        6,
        7
      ],
      [
        0,
        1,
        6,
        7
      ],
      [
        0,
        1,
        3,
        6,
        7
      ],
      [
        0,
        1,
        2,
        3,
        4,
        6,
        7
      ],
      [
        7
      ],
      []
    ],
    "left": [
      [
        1,
        2,
        3,
        4,
        5
      ],
      [
        2,
        3,
        4,
        5
      ],
      [
        5
      ],
      [
        2,
        4,
        5
      ],
      [
        2,
        5
      ],
      [],
      [
        0,
        1,
        2,
        3,
        4,
        5
      ],
      [
        0,
        1,
        2,
        3,
        4,
        5,
        6
      ]
    ],
    "behind": [
      [
        1,
        2,
        4,
        5
      ],
      [
        2,
        4
      ],
      [],
      [
        0,
        1,
        2,
        4,
        5,
        6,
        7
      ],
      [
        2
      ],
      [
        1,
        2,
        4
      ],
      [
        0,
        1,
        2,
        4,
        5,
        7
      ],
      [
        0,
        1,
        2,
        4,
        5
      ]
    ],
    "front": [
      [
        3,
        6,
        7
      ],
      [
        0,
        3,
        5,
        6,
        7
      ],
      [
        0,
        1,
        3,
        4,
        5,
        6,
        7
      ],
      [],
      [
        0,
        1,
        3,
        5,
        6,
        7
      ],
      [
        0,
        3,
        6,
        7
      ],
      [
        3
      ],
      [
        3,
        6
      ]
    ]
  },
  "image_index": 807,
  "directions": {
    "below": [
      -0.0,
      -0.0,
      -1.0
    ],
    "left": [
      -0.6563112735748291,
      -0.7544902563095093,
      0.0
    ],
    "above": [
      0.0,
      0.0,
      1.0
    ],
    "front": [
      0.754490315914154,
      -0.6563112735748291,
      -0.0
    ],
    "behind": [
      -0.754490315914154,
      0.6563112735748291,
      0.0
    ],
    "right": [
      0.6563112735748291,
      0.7544902563095093,
      -0.0
    ]
  },
  "objects": [
    {
      "shape": "sphere",
      "pixel_coords": [
        423,
        210,
        11.422525405883789
      ],
      "color": "gray",
      "rotation": 208.0275767377023,
      "size": "small",
      "material": "rubber",
      "3d_coords": [
        0.783790111541748,
        1.5477380752563477,
        0.30000001192092896
      ]
    },
    {
      "shape": "cylinder",
      "pixel_coords": [
        392,
        178,
        12.46381950378418
      ],
      "color": "yellow",
      "rotation": 75.49723909695255,
      "size": "large",
      "material": "rubber",
      "3d_coords": [
        -0.3845978379249573,
        2.0547409057617188,
        0.30000001192092896
      ]
    },
    {
      "shape": "sphere",
      "pixel_coords": [
        275,
        149,
        13.584298133850098
      ],
      "color": "brown",
      "rotation": 263.4395618310897,
      "size": "small",
      "material": "rubber",
      "3d_coords": [
        -2.7804300785064697,
        1.328763484954834,
        0.30000001192092896
      ]
    },
    {
      "shape": "sphere",
      "pixel_coords": [
        383,
        272,
        9.827629089355469
      ],
      "color": "blue",
      "rotation": 203.82059182552229,
      "size": "small",
      "material": "rubber",
      "3d_coords": [
        1.6376750469207764,
        -0.27373117208480835,
        0.30000001192092896
      ]
    },
    {
      "shape": "sphere",
      "pixel_coords": [
        348,
        170,
        12.748139381408691
      ],
      "color": "green",
      "rotation": 292.30234417375755,
      "size": "large",
      "material": "rubber",
      "3d_coords": [
        -1.1360905170440674,
        1.7102092504501343,
        0.30000001192092896
      ]
    },
    {
      "shape": "cylinder",
      "pixel_coords": [
        166,
        191,
        12.023469924926758
      ],
      "color": "blue",
      "rotation": 28.08775864457907,
      "size": "small",
      "material": "rubber",
      "3d_coords": [
        -2.6200830936431885,
        -1.2079432010650635,
        0.30000001192092896
      ]
    },
    {
      "shape": "cube",
      "pixel_coords": [
        468,
        251,
        10.310276985168457
      ],
      "color": "brown",
      "rotation": 332.832961863076,
      "size": "large",
      "material": "rubber",
      "3d_coords": [
        2.086202621459961,
        1.0669515132904053,
        0.30000001192092896
      ]
    },
    {
      "shape": "cylinder",
      "pixel_coords": [
        525,
        235,
        10.73157024383545
      ],
      "color": "brown",
      "rotation": 280.99915839915917,
      "size": "large",
      "material": "rubber",
      "3d_coords": [
        2.357306957244873,
        2.1027421951293945,
        0.30000001192092896
      ]
    }
  ],
  "image_filename": "CLEVR_new_000807.png",
  "split": "new"
}