{
  "directions": {
    "above": [
      0.0,
      0.0,
      1.0
    ],
    "left": [
      -0.6563112735748291,
      -0.7544902563095093,
      0.0
    ],
    "front": [
      0.754490315914154,
      -0.6563112735748291,
      -0.0
    ],
    "below": [
      -0.0,
      -0.0,
      -1.0
    ],
    "behind": [
      -0.754490315914154,
      0.6563112735748291,
      0.0
    ],
    "right": [
      0.6563112735748291,
      0.7544902563095093,
      -0.0
    ]
  },
  "image_filename": "CLEVR_new_001008.png",
  "image_index": 1008,
  "relationships": {
    "front": [
      [
        1,
        4,
        6,
        7,
        9
      ],
      [
        7,
        9
      ],
      [
        0,
        1,
        4,
        5,
        6,
        7,
        9
      ],
      [
        0,
        1,
        2,
        4,
        5,
        6,
        7,
        8,
        9
      ],
      [
        1,
        6,
        7,
        9
      ],
      [
        0,
        1,
        4,
        6,
        7,
        9
      ],
      [
        1,
        7,
        9
      ],
      [
        9
      ],
      [
        0,
        1,
        2,
        4,
        5,
        6,
        7,
        9
      ],
      []
    ],
    "left": [
      [
        2,
        3,
        4,
        5,
        6,
        7,
        8
      ],
      [
        0,
        2,
        3,
        4,
        5,
        6,
        7,
        8,
        9
      ],
      [],
      [
        2,
        4,
        5,
        6,
        8
      ],
      [
        2,
        5
      ],
      [
        2
      ],
      [
        2,
        4,
        5,
        8
      ],
      [
        2,
        3,
        4,
        5,
        6,
        8
      ],
      [
        2,
        4,
        5
      ],
      [
        0,
        2,
        3,
        4,
        5,
        6,
        7,
        8
      ]
    ],
    "behind": [
      [
        2,
        3,
        5,
        8
      ],
      [
        0,
        2,
        3,
        4,
        5,
        6,
        8
      ],
      [
        3,
        8
      ],
      [],
      [
        0,
        2,
        3,
        5,
        8
      ],
      [
        2,
        3,
        8
      ],
      [
        0,
        2,
        3,
        4,
        5,
        8
      ],
      [
        0,
        1,
        2,
        3,
        4,
        5,
        6,
        8
      ],
      [
        3
      ],
      [
        0,
        1,
        2,
        3,
        4,
        5,
        6,
        7,
        8
      ]
    ],
    "right": [
      [
        1,
        9
      ],
      [],
      [
        0,
        1,
        3,
        4,
        5,
        6,
        7,
        8,
        9
      ],
      [
        0,
        1,
        7,
        9
      ],
      [
        0,
        1,
        3,
        6,
        7,
        8,
        9
      ],
      [
        0,
        1,
        3,
        4,
        6,
        7,
        8,
        9
      ],
      [
        0,
        1,
        3,
        7,
        9
      ],
      [
        0,
        1,
        9
      ],
      [
        0,
        1,
        3,
        6,
        7,
        9
      ],
      [
        1
      ]
    ]
  },
  "split": "new",
  "objects": [
    {
      "3d_coords": [
        0.6602899432182312,
        -0.5952131748199463,
        0.30000001192092896
      ],
      "rotation": 115.08406243404839,
      "color": "cyan",
      "shape": "cube",
      "pixel_coords": [
        322,
        249,
        10.222885131835938
      ],
      "material": "rubber",
      "size": "large"
    },
    {
      "3d_coords": [
        1.9708346128463745,
        -0.5784408450126648,
        0.30000001192092896
      ],
      "rotation": 260.726957813218,
      "color": "purple",
      "shape": "cube",
      "pixel_coords": [
        391,
        281,
        9.38907527923584
      ],
      "material": "rubber",
      "size": "large"
    },
    {
      "3d_coords": [
        -2.9137048721313477,
        -2.8301644325256348,
        0.30000001192092896
      ],
      "rotation": 213.18478317880445,
      "color": "yellow",
      "shape": "cube",
      "pixel_coords": [
        65,
        219,
        11.141043663024902
      ],
      "material": "rubber",
      "size": "small"
    },
    {
      "3d_coords": [
        -2.9032206535339355,
        0.5881196856498718,
        0.30000001192092896
      ],
      "rotation": 176.49331068417754,
      "color": "green",
      "shape": "sphere",
      "pixel_coords": [
        236,
        167,
        13.251160621643066
      ],
      "material": "rubber",
      "size": "small"
    },
    {
      "3d_coords": [
        -0.9067831635475159,
        -2.8982315063476562,
        0.30000001192092896
      ],
      "rotation": 118.61872613215479,
      "color": "red",
      "shape": "cube",
      "pixel_coords": [
        126,
        264,
        9.80611801147461
      ],
      "material": "rubber",
      "size": "small"
    },
    {
      "3d_coords": [
        -2.150216579437256,
        -2.307520627975464,
        0.30000001192092896
      ],
      "rotation": 183.2589096259127,
      "color": "cyan",
      "shape": "cube",
      "pixel_coords": [
        119,
        224,
        10.972899436950684
      ],
      "material": "rubber",
      "size": "small"
    },
    {
      "3d_coords": [
        -0.14201149344444275,
        -2.3313586711883545,
        0.30000001192092896
      ],
      "rotation": 8.48853780320502,
      "color": "green",
      "shape": "cylinder",
      "pixel_coords": [
        191,
        270,
        9.664536476135254
      ],
      "material": "rubber",
      "size": "small"
    },
    {
      "3d_coords": [
        1.5071722269058228,
        -2.5415496826171875,
        0.30000001192092896
      ],
      "rotation": 188.90608644809427,
      "color": "red",
      "shape": "sphere",
      "pixel_coords": [
        255,
        323,
        8.47203540802002
      ],
      "material": "rubber",
      "size": "large"
    },
    {
      "3d_coords": [
        -2.302666425704956,
        -1.1988903284072876,
        0.30000001192092896
      ],
      "rotation": 175.43327568221878,
      "color": "green",
      "shape": "cube",
      "pixel_coords": [
        174,
        202,
        11.757652282714844
      ],
      "material": "rubber",
      "size": "small"
    },
    {
      "3d_coords": [
        2.7769486904144287,
        -1.8942006826400757,
        0.30000001192092896
      ],
      "rotation": 148.18475088443904,
      "color": "brown",
      "shape": "cylinder",
      "pixel_coords": [
        369,
        346,
        8.054988861083984
      ],
      "material": "rubber",
      "size": "small"
    }
  ]
}