{
  "relationships": {
    "right": [
      [
        1,
        2,
        3,
        5,
        6,
        7
      ],
      [
        2,
        3,
        5,
        6,
        7
      ],
      [],
      [
        2,
        6,
        7
      ],
      [
        0,
        1,
        2,
        3,
        5,
        6,
        7
      ],
      [
        2,
        3,
        6,
        7
      ],
      [
        2
      ],
      [
        2,
        6
      ]
    ],
    "left": [
      [
        4
      ],
      [
        0,
        4
      ],
      [
        0,
        1,
        3,
        4,
        5,
        6,
        7
      ],
      [
        0,
        1,
        4,
        5
      ],
      [],
      [
        0,
        1,
        4
      ],
      [
        0,
        1,
        3,
        4,
        5,
        7
      ],
      [
        0,
        1,
        3,
        4,
        5
      ]
    ],
    "behind": [
      [
        6
      ],
      [
        0,
        2,
        3,
        4,
        5,
        6
      ],
      [
        0,
        6
      ],
      [
        0,
        2,
        4,
        6
      ],
      [
        0,
        2,
        6
      ],
      [
        0,
        2,
        3,
        4,
        6
      ],
      [],
      [
        0,
        1,
        2,
        3,
        4,
        5,
        6
      ]
    ],
    "front": [
      [
        1,
        2,
        3,
        4,
        5,
        7
      ],
      [
        7
      ],
      [
        1,
        3,
        4,
        5,
        7
      ],
      [
        1,
        5,
        7
      ],
      [
        1,
        3,
        5,
        7
      ],
      [
        1,
        7
      ],
      [
        0,
        1,
        2,
        3,
        4,
        5,
        7
      ],
      []
    ]
  },
  "image_index": 811,
  "directions": {
    "below": [
      -0.0,
      -0.0,
      -1.0
    ],
    "left": [
      -0.6563112735748291,
      -0.7544902563095093,
      0.0
    ],
    "above": [
      0.0,
      0.0,
      1.0
    ],
    "front": [
      0.754490315914154,
      -0.6563112735748291,
      -0.0
    ],
    "behind": [
      -0.754490315914154,
      0.6563112735748291,
      0.0
    ],
    "right": [
      0.6563112735748291,
      0.7544902563095093,
      -0.0
    ]
  },
  "objects": [
    {
      "shape": "cube",
      "pixel_coords": [
        146,
        205,
        11.708778381347656
      ],
      "color": "yellow",
      "rotation": 55.58183175365069,
      "size": "large",
      "material": "rubber",
      "3d_coords": [
        -2.5356802940368652,
        -1.5944806337356567,
        0.30000001192092896
      ]
    },
    {
      "shape": "cylinder",
      "pixel_coords": [
        222,
        283,
        9.562274932861328
      ],
      "color": "brown",
      "rotation": 11.317719809075545,
      "size": "large",
      "material": "rubber",
      "3d_coords": [
        0.30898517370224,
        -2.2035295963287354,
        0.30000001192092896
      ]
    },
    {
      "shape": "cube",
      "pixel_coords": [
        518,
        211,
        11.520702362060547
      ],
      "color": "purple",
      "rotation": 96.25766484240508,
      "size": "small",
      "material": "rubber",
      "3d_coords": [
        1.9683135747909546,
        2.634944438934326,
        0.30000001192092896
      ]
    },
    {
      "shape": "sphere",
      "pixel_coords": [
        368,
        242,
        10.587579727172852
      ],
      "color": "cyan",
      "rotation": 301.0331657287564,
      "size": "large",
      "material": "rubber",
      "3d_coords": [
        0.9440346956253052,
        0.09437289834022522,
        0.30000001192092896
      ]
    },
    {
      "shape": "cube",
      "pixel_coords": [
        83,
        242,
        10.59253978729248
      ],
      "color": "gray",
      "rotation": 164.0955367921608,
      "size": "large",
      "material": "rubber",
      "3d_coords": [
        -2.100283622741699,
        -2.9619877338409424,
        0.30000001192092896
      ]
    },
    {
      "shape": "sphere",
      "pixel_coords": [
        297,
        264,
        10.011961936950684
      ],
      "color": "gray",
      "rotation": 354.3687099752688,
      "size": "small",
      "material": "rubber",
      "3d_coords": [
        0.6620934009552002,
        -1.1206218004226685,
        0.30000001192092896
      ]
    },
    {
      "shape": "cube",
      "pixel_coords": [
        438,
        172,
        12.912125587463379
      ],
      "color": "purple",
      "rotation": 25.47829901219485,
      "size": "large",
      "material": "rubber",
      "3d_coords": [
        0.08068185299634933,
        2.9858181476593018,
        0.30000001192092896
      ]
    },
    {
      "shape": "sphere",
      "pixel_coords": [
        416,
        301,
        9.178130149841309
      ],
      "color": "brown",
      "rotation": 261.18039777765165,
      "size": "large",
      "material": "rubber",
      "3d_coords": [
        2.4591915607452393,
        -0.6605929732322693,
        0.30000001192092896
      ]
    }
  ],
  "image_filename": "CLEVR_new_000811.png",
  "split": "new"
}