{
  "directions": {
    "above": [
      0.0,
      0.0,
      1.0
    ],
    "left": [
      -0.6563112735748291,
      -0.7544902563095093,
      0.0
    ],
    "front": [
      0.754490315914154,
      -0.6563112735748291,
      -0.0
    ],
    "below": [
      -0.0,
      -0.0,
      -1.0
    ],
    "behind": [
      -0.754490315914154,
      0.6563112735748291,
      0.0
    ],
    "right": [
      0.6563112735748291,
      0.7544902563095093,
      -0.0
    ]
  },
  "image_filename": "CLEVR_new_001013.png",
  "image_index": 1013,
  "relationships": {
    "front": [
      [
        1,
        2,
        4,
        5,
        6,
        7,
        8,
        9
      ],
      [
        5,
        6
      ],
      [
        1,
        4,
        5,
        6,
        8
      ],
      [
        0,
        1,
        2,
        4,
        5,
        6,
        7,
        8,
        9
      ],
      [
        1,
        5,
        6
      ],
      [
        6
      ],
      [],
      [
        1,
        2,
        4,
        5,
        6,
        8
      ],
      [
        1,
        4,
        5,
        6
      ],
      [
        1,
        2,
        4,
        5,
        6,
        7,
        8
      ]
    ],
    "left": [
      [
        2,
        3,
        4,
        5,
        6,
        7
      ],
      [
        0,
        2,
        3,
        4,
        5,
        6,
        7,
        9
      ],
      [
        4
      ],
      [
        2,
        4,
        5
      ],
      [],
      [
        2,
        4
      ],
      [
        2,
        3,
        4,
        5
      ],
      [
        2,
        3,
        4,
        5,
        6
      ],
      [
        0,
        1,
        2,
        3,
        4,
        5,
        6,
        7,
        9
      ],
      [
        0,
        2,
        3,
        4,
        5,
        6,
        7
      ]
    ],
    "behind": [
      [
        3
      ],
      [
        0,
        2,
        3,
        4,
        7,
        8,
        9
      ],
      [
        0,
        3,
        7,
        9
      ],
      [],
      [
        0,
        2,
        3,
        7,
        8,
        9
      ],
      [
        0,
        1,
        2,
        3,
        4,
        7,
        8,
        9
      ],
      [
        0,
        1,
        2,
        3,
        4,
        5,
        7,
        8,
        9
      ],
      [
        0,
        3,
        9
      ],
      [
        0,
        2,
        3,
        7,
        9
      ],
      [
        0,
        3
      ]
    ],
    "right": [
      [
        1,
        8,
        9
      ],
      [
        8
      ],
      [
        0,
        1,
        3,
        5,
        6,
        7,
        8,
        9
      ],
      [
        0,
        1,
        6,
        7,
        8,
        9
      ],
      [
        0,
        1,
        2,
        3,
        5,
        6,
        7,
        8,
        9
      ],
      [
        0,
        1,
        3,
        6,
        7,
        8,
        9
      ],
      [
        0,
        1,
        7,
        8,
        9
      ],
      [
        0,
        1,
        8,
        9
      ],
      [],
      [
        1,
        8
      ]
    ]
  },
  "split": "new",
  "objects": [
    {
      "3d_coords": [
        -0.9041496515274048,
        1.4686301946640015,
        0.30000001192092896
      ],
      "rotation": 304.4270281952234,
      "color": "purple",
      "shape": "cylinder",
      "pixel_coords": [
        347,
        187,
        12.9932222366333
      ],
      "material": "rubber",
      "size": "large"
    },
    {
      "3d_coords": [
        2.6990036964416504,
        -0.04263034462928772,
        0.30000001192092896
      ],
      "rotation": 117.5919606011317,
      "color": "yellow",
      "shape": "cube",
      "pixel_coords": [
        446,
        285,
        9.656218528747559
      ],
      "material": "rubber",
      "size": "small"
    },
    {
      "3d_coords": [
        -1.4854307174682617,
        -1.106838345527649,
        0.30000001192092896
      ],
      "rotation": 24.50311601243215,
      "color": "yellow",
      "shape": "cube",
      "pixel_coords": [
        213,
        214,
        11.8610200881958
      ],
      "material": "rubber",
      "size": "small"
    },
    {
      "3d_coords": [
        -1.9872286319732666,
        1.3127648830413818,
        0.30000001192092896
      ],
      "rotation": 90.47697959394448,
      "color": "green",
      "shape": "cylinder",
      "pixel_coords": [
        304,
        173,
        13.634764671325684
      ],
      "material": "rubber",
      "size": "large"
    },
    {
      "3d_coords": [
        -0.7541525363922119,
        -2.5178561210632324,
        0.30000001192092896
      ],
      "rotation": 212.47913205999689,
      "color": "purple",
      "shape": "sphere",
      "pixel_coords": [
        161,
        254,
        10.529410362243652
      ],
      "material": "rubber",
      "size": "small"
    },
    {
      "3d_coords": [
        1.391525149345398,
        -2.600595474243164,
        0.30000001192092896
      ],
      "rotation": 80.3766500455351,
      "color": "blue",
      "shape": "cube",
      "pixel_coords": [
        239,
        312,
        9.02646255493164
      ],
      "material": "rubber",
      "size": "small"
    },
    {
      "3d_coords": [
        2.526578903198242,
        -2.1543896198272705,
        0.30000001192092896
      ],
      "rotation": 160.6201122074332,
      "color": "brown",
      "shape": "cylinder",
      "pixel_coords": [
        323,
        337,
        8.52174186706543
      ],
      "material": "rubber",
      "size": "large"
    },
    {
      "3d_coords": [
        -0.3410206735134125,
        0.6865605115890503,
        0.30000001192092896
      ],
      "rotation": 278.3625566165846,
      "color": "brown",
      "shape": "cylinder",
      "pixel_coords": [
        337,
        207,
        12.148232460021973
      ],
      "material": "rubber",
      "size": "small"
    },
    {
      "3d_coords": [
        2.439223289489746,
        2.311387062072754,
        0.30000001192092896
      ],
      "rotation": 232.4783651683079,
      "color": "purple",
      "shape": "cylinder",
      "pixel_coords": [
        529,
        232,
        11.2271089553833
      ],
      "material": "rubber",
      "size": "small"
    },
    {
      "3d_coords": [
        -0.09692887961864471,
        2.050823926925659,
        0.30000001192092896
      ],
      "rotation": 217.844864041885,
      "color": "brown",
      "shape": "cylinder",
      "pixel_coords": [
        401,
        191,
        12.79122257232666
      ],
      "material": "rubber",
      "size": "small"
    }
  ]
}