{
  "directions": {
    "above": [
      0.0,
      0.0,
      1.0
    ],
    "left": [
      -0.6563112735748291,
      -0.7544902563095093,
      0.0
    ],
    "front": [
      0.754490315914154,
      -0.6563112735748291,
      -0.0
    ],
    "below": [
      -0.0,
      -0.0,
      -1.0
    ],
    "behind": [
      -0.754490315914154,
      0.6563112735748291,
      0.0
    ],
    "right": [
      0.6563112735748291,
      0.7544902563095093,
      -0.0
    ]
  },
  "image_filename": "CLEVR_new_001004.png",
  "image_index": 1004,
  "relationships": {
    "front": [
      [],
      [
        0,
        2,
        4,
        5,
        7,
        8,
        9
      ],
      [
        0,
        4,
        5,
        7,
        9
      ],
      [
        0,
        1,
        2,
        4,
        5,
        6,
        7,
        8,
        9
      ],
      [
        0,
        5,
        7
      ],
      [
        0,
        7
      ],
      [
        0,
        1,
        2,
        4,
        5,
        7,
        8,
        9
      ],
      [
        0
      ],
      [
        0,
        2,
        4,
        5,
        7,
        9
      ],
      [
        0,
        4,
        5,
        7
      ]
    ],
    "left": [
      [
        1,
        3,
        6,
        8,
        9
      ],
      [
        8
      ],
      [
        0,
        1,
        3,
        5,
        6,
        7,
        8,
        9
      ],
      [
        1,
        6,
        8,
        9
      ],
      [
        0,
        1,
        2,
        3,
        5,
        6,
        7,
        8,
        9
      ],
      [
        0,
        1,
        3,
        6,
        8,
        9
      ],
      [
        1,
        8,
        9
      ],
      [
        0,
        1,
        3,
        5,
        6,
        8,
        9
      ],
      [],
      [
        1,
        8
      ]
    ],
    "behind": [
      [
        1,
        2,
        3,
        4,
        5,
        6,
        7,
        8,
        9
      ],
      [
        3,
        6
      ],
      [
        1,
        3,
        6,
        8
      ],
      [],
      [
        1,
        2,
        3,
        6,
        8,
        9
      ],
      [
        1,
        2,
        3,
        4,
        6,
        8,
        9
      ],
      [
        3
      ],
      [
        1,
        2,
        3,
        4,
        5,
        6,
        8,
        9
      ],
      [
        1,
        3,
        6
      ],
      [
        1,
        2,
        3,
        6,
        8
      ]
    ],
    "right": [
      [
        2,
        4,
        5,
        7
      ],
      [
        0,
        2,
        3,
        4,
        5,
        6,
        7,
        9
      ],
      [
        4
      ],
      [
        0,
        2,
        4,
        5,
        7
      ],
      [],
      [
        2,
        4,
        7
      ],
      [
        0,
        2,
        3,
        4,
        5,
        7
      ],
      [
        2,
        4
      ],
      [
        0,
        1,
        2,
        3,
        4,
        5,
        6,
        7,
        9
      ],
      [
        0,
        2,
        3,
        4,
        5,
        6,
        7
      ]
    ]
  },
  "split": "new",
  "objects": [
    {
      "3d_coords": [
        2.513702154159546,
        -1.5387818813323975,
        0.30000001192092896
      ],
      "rotation": 329.6868211662182,
      "color": "red",
      "shape": "cylinder",
      "pixel_coords": [
        373,
        324,
        8.388447761535645
      ],
      "material": "rubber",
      "size": "small"
    },
    {
      "3d_coords": [
        -2.4672703742980957,
        -0.9143622517585754,
        0.30000001192092896
      ],
      "rotation": 112.56529800035814,
      "color": "gray",
      "shape": "cylinder",
      "pixel_coords": [
        182,
        195,
        11.991730690002441
      ],
      "material": "rubber",
      "size": "small"
    },
    {
      "3d_coords": [
        1.0272940397262573,
        1.8395898342132568,
        0.30000001192092896
      ],
      "rotation": 298.99487171328695,
      "color": "yellow",
      "shape": "cube",
      "pixel_coords": [
        444,
        209,
        11.4537992477417
      ],
      "material": "rubber",
      "size": "small"
    },
    {
      "3d_coords": [
        -2.7438242435455322,
        1.8743730783462524,
        0.30000001192092896
      ],
      "rotation": 220.51651718376533,
      "color": "green",
      "shape": "cylinder",
      "pixel_coords": [
        292,
        154,
        13.908811569213867
      ],
      "material": "rubber",
      "size": "small"
    },
    {
      "3d_coords": [
        2.3511242866516113,
        2.068094253540039,
        0.30000001192092896
      ],
      "rotation": 76.6381180018717,
      "color": "gray",
      "shape": "cube",
      "pixel_coords": [
        523,
        230,
        10.742053985595703
      ],
      "material": "rubber",
      "size": "large"
    },
    {
      "3d_coords": [
        1.1217983961105347,
        -0.03729924187064171,
        0.30000001192092896
      ],
      "rotation": 173.80266282288798,
      "color": "brown",
      "shape": "cube",
      "pixel_coords": [
        372,
        247,
        10.222675323486328
      ],
      "material": "rubber",
      "size": "large"
    },
    {
      "3d_coords": [
        -2.775947332382202,
        0.7135518789291382,
        0.30000001192092896
      ],
      "rotation": 31.3186363083306,
      "color": "blue",
      "shape": "cylinder",
      "pixel_coords": [
        245,
        167,
        13.205825805664062
      ],
      "material": "rubber",
      "size": "small"
    },
    {
      "3d_coords": [
        1.9169926643371582,
        -0.2090936005115509,
        0.30000001192092896
      ],
      "rotation": 115.54917445102774,
      "color": "gray",
      "shape": "cube",
      "pixel_coords": [
        406,
        269,
        9.602468490600586
      ],
      "material": "rubber",
      "size": "small"
    },
    {
      "3d_coords": [
        -2.9978106021881104,
        -2.3456923961639404,
        0.30000001192092896
      ],
      "rotation": 2.9123572616883653,
      "color": "purple",
      "shape": "cylinder",
      "pixel_coords": [
        89,
        209,
        11.441702842712402
      ],
      "material": "rubber",
      "size": "large"
    },
    {
      "3d_coords": [
        -1.2159463167190552,
        -1.531676173210144,
        0.30000001192092896
      ],
      "rotation": 140.20630205757544,
      "color": "blue",
      "shape": "sphere",
      "pixel_coords": [
        194,
        228,
        10.799446105957031
      ],
      "material": "rubber",
      "size": "small"
    }
  ]
}