{
  "directions": {
    "above": [
      0.0,
      0.0,
      1.0
    ],
    "left": [
      -0.6563112735748291,
      -0.7544902563095093,
      0.0
    ],
    "front": [
      0.754490315914154,
      -0.6563112735748291,
      -0.0
    ],
    "below": [
      -0.0,
      -0.0,
      -1.0
    ],
    "behind": [
      -0.754490315914154,
      0.6563112735748291,
      0.0
    ],
    "right": [
      0.6563112735748291,
      0.7544902563095093,
      -0.0
    ]
  },
  "image_filename": "CLEVR_new_001034.png",
  "image_index": 1034,
  "relationships": {
    "front": [
      [
        1,
        2,
        3,
        4,
        5,
        6,
        7,
        8
      ],
      [
        2,
        3,
        5,
        6,
        7,
        8
      ],
      [],
      [
        2,
        5,
        7
      ],
      [
        1,
        2,
        3,
        5,
        6,
        7,
        8
      ],
      [
        2
      ],
      [
        2,
        3,
        5,
        7
      ],
      [
        2,
        5
      ],
      [
        2,
        3,
        5,
        6,
        7
      ],
      [
        0,
        1,
        2,
        3,
        4,
        5,
        6,
        7,
        8
      ]
    ],
    "left": [
      [
        1,
        2,
        4,
        5,
        6,
        7
      ],
      [
        5
      ],
      [
        1,
        4,
        5,
        6
      ],
      [
        0,
        1,
        2,
        4,
        5,
        6,
        7,
        8,
        9
      ],
      [
        1,
        5,
        6
      ],
      [],
      [
        1,
        5
      ],
      [
        1,
        2,
        4,
        5,
        6
      ],
      [
        0,
        1,
        2,
        4,
        5,
        6,
        7,
        9
      ],
      [
        0,
        1,
        2,
        4,
        5,
        6,
        7
      ]
    ],
    "behind": [
      [
        9
      ],
      [
        0,
        4,
        9
      ],
      [
        0,
        1,
        3,
        4,
        5,
        6,
        7,
        8,
        9
      ],
      [
        0,
        1,
        4,
        6,
        8,
        9
      ],
      [
        0,
        9
      ],
      [
        0,
        1,
        3,
        4,
        6,
        7,
        8,
        9
      ],
      [
        0,
        1,
        4,
        8,
        9
      ],
      [
        0,
        1,
        3,
        4,
        6,
        8,
        9
      ],
      [
        0,
        1,
        4,
        9
      ],
      []
    ],
    "right": [
      [
        3,
        8,
        9
      ],
      [
        0,
        2,
        3,
        4,
        6,
        7,
        8,
        9
      ],
      [
        0,
        3,
        7,
        8,
        9
      ],
      [],
      [
        0,
        2,
        3,
        7,
        8,
        9
      ],
      [
        0,
        1,
        2,
        3,
        4,
        6,
        7,
        8,
        9
      ],
      [
        0,
        2,
        3,
        4,
        7,
        8,
        9
      ],
      [
        0,
        3,
        8,
        9
      ],
      [
        3
      ],
      [
        3,
        8
      ]
    ]
  },
  "split": "new",
  "objects": [
    {
      "3d_coords": [
        -1.3802282810211182,
        1.722046136856079,
        0.30000001192092896
      ],
      "rotation": 320.94398698856594,
      "color": "cyan",
      "shape": "sphere",
      "pixel_coords": [
        335,
        170,
        13.057443618774414
      ],
      "material": "rubber",
      "size": "large"
    },
    {
      "3d_coords": [
        -2.177882432937622,
        -0.957755982875824,
        0.30000001192092896
      ],
      "rotation": 294.0783354955602,
      "color": "yellow",
      "shape": "cylinder",
      "pixel_coords": [
        191,
        199,
        11.934572219848633
      ],
      "material": "rubber",
      "size": "small"
    },
    {
      "3d_coords": [
        2.8500938415527344,
        -2.7673065662384033,
        0.30000001192092896
      ],
      "rotation": 349.8726528518456,
      "color": "cyan",
      "shape": "cylinder",
      "pixel_coords": [
        318,
        390,
        7.654440402984619
      ],
      "material": "rubber",
      "size": "large"
    },
    {
      "3d_coords": [
        2.221823215484619,
        2.4870636463165283,
        0.30000001192092896
      ],
      "rotation": 177.75731267227485,
      "color": "gray",
      "shape": "sphere",
      "pixel_coords": [
        528,
        220,
        11.243097305297852
      ],
      "material": "rubber",
      "size": "large"
    },
    {
      "3d_coords": [
        -1.73446524143219,
        0.2577442526817322,
        0.30000001192092896
      ],
      "rotation": 249.9522864685191,
      "color": "red",
      "shape": "sphere",
      "pixel_coords": [
        263,
        186,
        12.392243385314941
      ],
      "material": "rubber",
      "size": "large"
    },
    {
      "3d_coords": [
        -0.4293537139892578,
        -2.8544223308563232,
        0.30000001192092896
      ],
      "rotation": 9.970296774622485,
      "color": "cyan",
      "shape": "cylinder",
      "pixel_coords": [
        150,
        279,
        9.676392555236816
      ],
      "material": "rubber",
      "size": "large"
    },
    {
      "3d_coords": [
        -1.2774096727371216,
        -1.0520833730697632,
        0.30000001192092896
      ],
      "rotation": 173.2320095446786,
      "color": "red",
      "shape": "sphere",
      "pixel_coords": [
        218,
        218,
        11.307567596435547
      ],
      "material": "rubber",
      "size": "large"
    },
    {
      "3d_coords": [
        0.7379966378211975,
        -0.4809234142303467,
        0.30000001192092896
      ],
      "rotation": 107.47579434167173,
      "color": "cyan",
      "shape": "cube",
      "pixel_coords": [
        331,
        250,
        10.37933349609375
      ],
      "material": "rubber",
      "size": "large"
    },
    {
      "3d_coords": [
        1.1957192420959473,
        2.114983081817627,
        0.30000001192092896
      ],
      "rotation": 150.0939302943696,
      "color": "purple",
      "shape": "cube",
      "pixel_coords": [
        461,
        207,
        11.666321754455566
      ],
      "material": "rubber",
      "size": "small"
    },
    {
      "3d_coords": [
        -0.5572474598884583,
        2.9729855060577393,
        0.30000001192092896
      ],
      "rotation": 15.082185606176552,
      "color": "cyan",
      "shape": "sphere",
      "pixel_coords": [
        413,
        164,
        13.296493530273438
      ],
      "material": "rubber",
      "size": "large"
    }
  ]
}