{
  "relationships": {
    "right": [
      [
        1,
        2,
        3,
        4,
        5,
        6,
        7
      ],
      [
        2,
        3,
        4,
        5,
        6
      ],
      [
        3,
        4,
        5,
        6
      ],
      [
        4
      ],
      [],
      [
        3,
        4
      ],
      [
        3,
        4,
        5
      ],
      [
        1,
        2,
        3,
        4,
        5,
        6
      ]
    ],
    "left": [
      [],
      [
        0,
        7
      ],
      [
        0,
        1,
        7
      ],
      [
        0,
        1,
        2,
        5,
        6,
        7
      ],
      [
        0,
        1,
        2,
        3,
        5,
        6,
        7
      ],
      [
        0,
        1,
        2,
        6,
        7
      ],
      [
        0,
        1,
        2,
        7
      ],
      [
        0
      ]
    ],
    "behind": [
      [
        6
      ],
      [
        0,
        2,
        3,
        4,
        5,
        6,
        7
      ],
      [
        0,
        3,
        4,
        5,
        6
      ],
      [
        0,
        5,
        6
      ],
      [
        0,
        3,
        5,
        6
      ],
      [
        0,
        6
      ],
      [],
      [
        0,
        2,
        3,
        4,
        5,
        6
      ]
    ],
    "front": [
      [
        1,
        2,
        3,
        4,
        5,
        7
      ],
      [],
      [
        1,
        7
      ],
      [
        1,
        2,
        4,
        7
      ],
      [
        1,
        2,
        7
      ],
      [
        1,
        2,
        3,
        4,
        7
      ],
      [
        0,
        1,
        2,
        3,
        4,
        5,
        7
      ],
      [
        1
      ]
    ]
  },
  "image_index": 832,
  "directions": {
    "below": [
      -0.0,
      -0.0,
      -1.0
    ],
    "left": [
      -0.6563112735748291,
      -0.7544902563095093,
      0.0
    ],
    "above": [
      0.0,
      0.0,
      1.0
    ],
    "front": [
      0.754490315914154,
      -0.6563112735748291,
      -0.0
    ],
    "behind": [
      -0.754490315914154,
      0.6563112735748291,
      0.0
    ],
    "right": [
      0.6563112735748291,
      0.7544902563095093,
      -0.0
    ]
  },
  "objects": [
    {
      "shape": "cube",
      "pixel_coords": [
        188,
        184,
        13.068460464477539
      ],
      "color": "gray",
      "rotation": 293.32402761298783,
      "size": "large",
      "material": "rubber",
      "3d_coords": [
        -2.89151930809021,
        -0.7667884230613708,
        0.30000001192092896
      ]
    },
    {
      "shape": "cube",
      "pixel_coords": [
        276,
        299,
        9.456968307495117
      ],
      "color": "red",
      "rotation": 304.2151599946152,
      "size": "small",
      "material": "rubber",
      "3d_coords": [
        1.3970439434051514,
        -1.987565517425537,
        0.30000001192092896
      ]
    },
    {
      "shape": "cube",
      "pixel_coords": [
        298,
        235,
        11.191001892089844
      ],
      "color": "green",
      "rotation": 148.80273876442166,
      "size": "small",
      "material": "rubber",
      "3d_coords": [
        0.07646875083446503,
        -0.539050817489624,
        0.30000001192092896
      ]
    },
    {
      "shape": "cylinder",
      "pixel_coords": [
        455,
        209,
        12.06919002532959
      ],
      "color": "red",
      "rotation": 161.6254223500519,
      "size": "small",
      "material": "rubber",
      "3d_coords": [
        1.0730352401733398,
        2.1390998363494873,
        0.30000001192092896
      ]
    },
    {
      "shape": "sphere",
      "pixel_coords": [
        541,
        230,
        11.36451244354248
      ],
      "color": "purple",
      "rotation": 61.71136522921876,
      "size": "large",
      "material": "rubber",
      "3d_coords": [
        2.49688720703125,
        2.5863852500915527,
        0.30000001192092896
      ]
    },
    {
      "shape": "sphere",
      "pixel_coords": [
        395,
        195,
        12.634745597839355
      ],
      "color": "purple",
      "rotation": 248.40197937562982,
      "size": "large",
      "material": "rubber",
      "3d_coords": [
        -0.042886462062597275,
        1.8114417791366577,
        0.30000001192092896
      ]
    },
    {
      "shape": "cylinder",
      "pixel_coords": [
        325,
        152,
        14.653426170349121
      ],
      "color": "blue",
      "rotation": 357.89102301600366,
      "size": "large",
      "material": "rubber",
      "3d_coords": [
        -2.5748982429504395,
        2.336319923400879,
        0.30000001192092896
      ]
    },
    {
      "shape": "cube",
      "pixel_coords": [
        203,
        254,
        10.619346618652344
      ],
      "color": "cyan",
      "rotation": 19.72677096745677,
      "size": "small",
      "material": "rubber",
      "3d_coords": [
        -0.3543802797794342,
        -2.027998685836792,
        0.30000001192092896
      ]
    }
  ],
  "image_filename": "CLEVR_new_000832.png",
  "split": "new"
}