{
  "directions": {
    "above": [
      0.0,
      0.0,
      1.0
    ],
    "left": [
      -0.6563112735748291,
      -0.7544902563095093,
      0.0
    ],
    "front": [
      0.754490315914154,
      -0.6563112735748291,
      -0.0
    ],
    "below": [
      -0.0,
      -0.0,
      -1.0
    ],
    "behind": [
      -0.754490315914154,
      0.6563112735748291,
      0.0
    ],
    "right": [
      0.6563112735748291,
      0.7544902563095093,
      -0.0
    ]
  },
  "image_filename": "CLEVR_new_001036.png",
  "image_index": 1036,
  "relationships": {
    "front": [
      [
        5,
        8
      ],
      [
        0,
        5,
        8
      ],
      [
        0,
        1,
        3,
        4,
        5,
        6,
        7,
        8
      ],
      [
        0,
        1,
        5,
        8
      ],
      [
        0,
        1,
        3,
        5,
        6,
        7,
        8
      ],
      [],
      [
        0,
        1,
        3,
        5,
        8
      ],
      [
        0,
        1,
        3,
        5,
        6,
        8
      ],
      [
        5
      ],
      [
        0,
        1,
        2,
        3,
        4,
        5,
        6,
        7,
        8
      ]
    ],
    "left": [
      [
        5,
        7
      ],
      [
        0,
        2,
        3,
        4,
        5,
        6,
        7,
        8,
        9
      ],
      [
        0,
        5,
        6,
        7,
        9
      ],
      [
        0,
        2,
        4,
        5,
        6,
        7,
        9
      ],
      [
        0,
        2,
        5,
        6,
        7,
        9
      ],
      [
        7
      ],
      [
        0,
        5,
        7,
        9
      ],
      [],
      [
        0,
        2,
        3,
        4,
        5,
        6,
        7,
        9
      ],
      [
        0,
        5,
        7
      ]
    ],
    "behind": [
      [
        1,
        2,
        3,
        4,
        6,
        7,
        9
      ],
      [
        2,
        3,
        4,
        6,
        7,
        9
      ],
      [
        9
      ],
      [
        2,
        4,
        6,
        7,
        9
      ],
      [
        2,
        9
      ],
      [
        0,
        1,
        2,
        3,
        4,
        6,
        7,
        8,
        9
      ],
      [
        2,
        4,
        7,
        9
      ],
      [
        2,
        4,
        9
      ],
      [
        0,
        1,
        2,
        3,
        4,
        6,
        7,
        9
      ],
      []
    ],
    "right": [
      [
        1,
        2,
        3,
        4,
        6,
        8,
        9
      ],
      [],
      [
        1,
        3,
        4,
        8
      ],
      [
        1,
        8
      ],
      [
        1,
        3,
        8
      ],
      [
        0,
        1,
        2,
        3,
        4,
        6,
        8,
        9
      ],
      [
        1,
        2,
        3,
        4,
        8
      ],
      [
        0,
        1,
        2,
        3,
        4,
        5,
        6,
        8,
        9
      ],
      [
        1
      ],
      [
        1,
        2,
        3,
        4,
        6,
        8
      ]
    ]
  },
  "split": "new",
  "objects": [
    {
      "3d_coords": [
        0.4093947112560272,
        -1.549752116203308,
        0.30000001192092896
      ],
      "rotation": 78.74014666457961,
      "color": "yellow",
      "shape": "cube",
      "pixel_coords": [
        256,
        266,
        10.033334732055664
      ],
      "material": "rubber",
      "size": "large"
    },
    {
      "3d_coords": [
        2.524820566177368,
        1.7419606447219849,
        0.30000001192092896
      ],
      "rotation": 88.19101759711918,
      "color": "yellow",
      "shape": "cube",
      "pixel_coords": [
        518,
        248,
        10.49233627319336
      ],
      "material": "rubber",
      "size": "small"
    },
    {
      "3d_coords": [
        -1.325661063194275,
        1.8623268604278564,
        0.30000001192092896
      ],
      "rotation": 4.2615208540921135,
      "color": "red",
      "shape": "cube",
      "pixel_coords": [
        350,
        169,
        13.128726959228516
      ],
      "material": "rubber",
      "size": "small"
    },
    {
      "3d_coords": [
        1.554124116897583,
        1.1117680072784424,
        0.30000001192092896
      ],
      "rotation": 188.94211957732583,
      "color": "green",
      "shape": "cube",
      "pixel_coords": [
        440,
        237,
        10.781746864318848
      ],
      "material": "rubber",
      "size": "large"
    },
    {
      "3d_coords": [
        0.6181554794311523,
        1.282365083694458,
        0.30000001192092896
      ],
      "rotation": 276.19224647153277,
      "color": "green",
      "shape": "cylinder",
      "pixel_coords": [
        404,
        213,
        11.502883911132812
      ],
      "material": "rubber",
      "size": "small"
    },
    {
      "3d_coords": [
        1.3998498916625977,
        -2.6838274002075195,
        0.30000001192092896
      ],
      "rotation": 335.6465635998937,
      "color": "blue",
      "shape": "cube",
      "pixel_coords": [
        229,
        327,
        8.728556632995605
      ],
      "material": "rubber",
      "size": "small"
    },
    {
      "3d_coords": [
        0.04712486267089844,
        -0.2152884602546692,
        0.30000001192092896
      ],
      "rotation": 114.10377217525604,
      "color": "yellow",
      "shape": "cylinder",
      "pixel_coords": [
        312,
        229,
        11.032983779907227
      ],
      "material": "rubber",
      "size": "small"
    },
    {
      "3d_coords": [
        -2.681492805480957,
        -2.821094036102295,
        0.30000001192092896
      ],
      "rotation": 85.48811938802928,
      "color": "gray",
      "shape": "cube",
      "pixel_coords": [
        81,
        218,
        11.37256908416748
      ],
      "material": "rubber",
      "size": "large"
    },
    {
      "3d_coords": [
        2.9649617671966553,
        1.018222689628601,
        0.30000001192092896
      ],
      "rotation": 74.98965322814256,
      "color": "yellow",
      "shape": "cube",
      "pixel_coords": [
        513,
        276,
        9.787672996520996
      ],
      "material": "rubber",
      "size": "small"
    },
    {
      "3d_coords": [
        -2.7438833713531494,
        1.935651421546936,
        0.30000001192092896
      ],
      "rotation": 356.3115199980701,
      "color": "purple",
      "shape": "cube",
      "pixel_coords": [
        305,
        147,
        14.116239547729492
      ],
      "material": "rubber",
      "size": "large"
    }
  ]
}