{
  "relationships": {
    "right": [
      [
        7
      ],
      [
        0,
        2,
        3,
        4,
        6,
        7
      ],
      [
        0,
        3,
        6,
        7
      ],
      [
        0,
        7
      ],
      [
        0,
        2,
        3,
        6,
        7
      ],
      [
        0,
        1,
        2,
        3,
        4,
        6,
        7
      ],
      [
        0,
        3,
        7
      ],
      []
    ],
    "left": [
      [
        1,
        2,
        3,
        4,
        5,
        6
      ],
      [
        5
      ],
      [
        1,
        4,
        5
      ],
      [
        1,
        2,
        4,
        5,
        6
      ],
      [
        1,
        5
      ],
      [],
      [
        1,
        2,
        4,
        5
      ],
      [
        0,
        1,
        2,
        3,
        4,
        5,
        6
      ]
    ],
    "behind": [
      [
        2,
        6,
        7
      ],
      [
        0,
        2,
        3,
        4,
        5,
        6,
        7
      ],
      [],
      [
        0,
        2,
        4,
        5,
        6,
        7
      ],
      [
        0,
        2,
        5,
        6,
        7
      ],
      [
        0,
        2,
        6,
        7
      ],
      [
        2
      ],
      [
        2,
        6
      ]
    ],
    "front": [
      [
        1,
        3,
        4,
        5
      ],
      [],
      [
        0,
        1,
        3,
        4,
        5,
        6,
        7
      ],
      [
        1
      ],
      [
        1,
        3
      ],
      [
        1,
        3,
        4
      ],
      [
        0,
        1,
        3,
        4,
        5,
        7
      ],
      [
        0,
        1,
        3,
        4,
        5
      ]
    ]
  },
  "image_index": 843,
  "directions": {
    "below": [
      -0.0,
      -0.0,
      -1.0
    ],
    "left": [
      -0.6563112735748291,
      -0.7544902563095093,
      0.0
    ],
    "above": [
      0.0,
      0.0,
      1.0
    ],
    "front": [
      0.754490315914154,
      -0.6563112735748291,
      -0.0
    ],
    "behind": [
      -0.754490315914154,
      0.6563112735748291,
      0.0
    ],
    "right": [
      0.6563112735748291,
      0.7544902563095093,
      -0.0
    ]
  },
  "objects": [
    {
      "shape": "sphere",
      "pixel_coords": [
        437,
        214,
        11.755975723266602
      ],
      "color": "gray",
      "rotation": 52.83336374604484,
      "size": "large",
      "material": "rubber",
      "3d_coords": [
        0.9931554794311523,
        1.7294312715530396,
        0.30000001192092896
      ]
    },
    {
      "shape": "sphere",
      "pixel_coords": [
        206,
        313,
        9.137397766113281
      ],
      "color": "cyan",
      "rotation": 201.55697886298208,
      "size": "small",
      "material": "rubber",
      "3d_coords": [
        0.9914779663085938,
        -2.8159608840942383,
        0.30000001192092896
      ]
    },
    {
      "shape": "sphere",
      "pixel_coords": [
        296,
        163,
        13.741365432739258
      ],
      "color": "green",
      "rotation": 185.12562330508456,
      "size": "large",
      "material": "rubber",
      "3d_coords": [
        -2.2947864532470703,
        1.3657968044281006,
        0.30000001192092896
      ]
    },
    {
      "shape": "cylinder",
      "pixel_coords": [
        428,
        258,
        10.416259765625
      ],
      "color": "cyan",
      "rotation": 199.67349623103593,
      "size": "large",
      "material": "rubber",
      "3d_coords": [
        1.9152814149856567,
        0.47301962971687317,
        0.30000001192092896
      ]
    },
    {
      "shape": "sphere",
      "pixel_coords": [
        254,
        250,
        10.637164115905762
      ],
      "color": "purple",
      "rotation": 152.01678262045036,
      "size": "large",
      "material": "rubber",
      "3d_coords": [
        0.0195810217410326,
        -1.339498519897461,
        0.30000001192092896
      ]
    },
    {
      "shape": "sphere",
      "pixel_coords": [
        188,
        219,
        11.579265594482422
      ],
      "color": "red",
      "rotation": 129.61171113155427,
      "size": "small",
      "material": "rubber",
      "3d_coords": [
        -1.5628525018692017,
        -1.5378211736679077,
        0.30000001192092896
      ]
    },
    {
      "shape": "cube",
      "pixel_coords": [
        387,
        185,
        12.802033424377441
      ],
      "color": "red",
      "rotation": 132.64300045239008,
      "size": "small",
      "material": "rubber",
      "3d_coords": [
        -0.3823617696762085,
        1.9511542320251465,
        0.30000001192092896
      ]
    },
    {
      "shape": "cylinder",
      "pixel_coords": [
        479,
        205,
        12.063627243041992
      ],
      "color": "blue",
      "rotation": 266.22828746835205,
      "size": "large",
      "material": "rubber",
      "3d_coords": [
        1.2402377128601074,
        2.549429178237915,
        0.30000001192092896
      ]
    }
  ],
  "image_filename": "CLEVR_new_000843.png",
  "split": "new"
}