{
  "relationships": {
    "right": [
      [
        1,
        2,
        3,
        4,
        5,
        7
      ],
      [
        3,
        5,
        7
      ],
      [
        1,
        3,
        5,
        7
      ],
      [
        5,
        7
      ],
      [
        1,
        2,
        3,
        5,
        7
      ],
      [],
      [
        0,
        1,
        2,
        3,
        4,
        5,
        7
      ],
      [
        5
      ]
    ],
    "left": [
      [
        6
      ],
      [
        0,
        2,
        4,
        6
      ],
      [
        0,
        4,
        6
      ],
      [
        0,
        1,
        2,
        4,
        6
      ],
      [
        0,
        6
      ],
      [
        0,
        1,
        2,
        3,
        4,
        6,
        7
      ],
      [],
      [
        0,
        1,
        2,
        3,
        4,
        6
      ]
    ],
    "behind": [
      [
        1,
        5,
        6,
        7
      ],
      [],
      [
        0,
        1,
        3,
        4,
        5,
        6,
        7
      ],
      [
        0,
        1,
        5,
        6,
        7
      ],
      [
        0,
        1,
        3,
        5,
        6,
        7
      ],
      [
        1
      ],
      [
        1,
        5
      ],
      [
        1,
        5,
        6
      ]
    ],
    "front": [
      [
        2,
        3,
        4
      ],
      [
        0,
        2,
        3,
        4,
        5,
        6,
        7
      ],
      [],
      [
        2,
        4
      ],
      [
        2
      ],
      [
        0,
        2,
        3,
        4,
        6,
        7
      ],
      [
        0,
        2,
        3,
        4,
        7
      ],
      [
        0,
        2,
        3,
        4
      ]
    ]
  },
  "image_index": 838,
  "directions": {
    "below": [
      -0.0,
      -0.0,
      -1.0
    ],
    "left": [
      -0.6563112735748291,
      -0.7544902563095093,
      0.0
    ],
    "above": [
      0.0,
      0.0,
      1.0
    ],
    "front": [
      0.754490315914154,
      -0.6563112735748291,
      -0.0
    ],
    "behind": [
      -0.754490315914154,
      0.6563112735748291,
      0.0
    ],
    "right": [
      0.6563112735748291,
      0.7544902563095093,
      -0.0
    ]
  },
  "objects": [
    {
      "shape": "cylinder",
      "pixel_coords": [
        243,
        247,
        10.497883796691895
      ],
      "color": "brown",
      "rotation": 347.146552251595,
      "size": "large",
      "material": "rubber",
      "3d_coords": [
        -0.198019340634346,
        -1.361762523651123,
        0.30000001192092896
      ]
    },
    {
      "shape": "sphere",
      "pixel_coords": [
        359,
        152,
        13.731926918029785
      ],
      "color": "brown",
      "rotation": 22.613410391436734,
      "size": "large",
      "material": "rubber",
      "3d_coords": [
        -1.7328834533691406,
        2.5349485874176025,
        0.30000001192092896
      ]
    },
    {
      "shape": "sphere",
      "pixel_coords": [
        342,
        311,
        9.052580833435059
      ],
      "color": "cyan",
      "rotation": 19.408486235157344,
      "size": "small",
      "material": "rubber",
      "3d_coords": [
        2.0019049644470215,
        -1.3633710145950317,
        0.30000001192092896
      ]
    },
    {
      "shape": "cylinder",
      "pixel_coords": [
        411,
        263,
        10.086002349853516
      ],
      "color": "green",
      "rotation": 60.29409417794875,
      "size": "small",
      "material": "rubber",
      "3d_coords": [
        1.7773847579956055,
        0.18741287291049957,
        0.30000001192092896
      ]
    },
    {
      "shape": "cylinder",
      "pixel_coords": [
        273,
        275,
        9.82089614868164
      ],
      "color": "cyan",
      "rotation": 14.006639444428156,
      "size": "large",
      "material": "rubber",
      "3d_coords": [
        0.7190383076667786,
        -1.4928315877914429,
        0.30000001192092896
      ]
    },
    {
      "shape": "cylinder",
      "pixel_coords": [
        453,
        200,
        11.872060775756836
      ],
      "color": "brown",
      "rotation": 61.216839641115556,
      "size": "large",
      "material": "rubber",
      "3d_coords": [
        0.8547535538673401,
        2.2532825469970703,
        0.30000001192092896
      ]
    },
    {
      "shape": "sphere",
      "pixel_coords": [
        227,
        219,
        11.289435386657715
      ],
      "color": "blue",
      "rotation": 61.21515794882705,
      "size": "large",
      "material": "rubber",
      "3d_coords": [
        -1.109196662902832,
        -1.0234167575836182,
        0.30000001192092896
      ]
    },
    {
      "shape": "cylinder",
      "pixel_coords": [
        446,
        230,
        10.961713790893555
      ],
      "color": "cyan",
      "rotation": 180.46471235649736,
      "size": "small",
      "material": "rubber",
      "3d_coords": [
        1.4576987028121948,
        1.3527934551239014,
        0.30000001192092896
      ]
    }
  ],
  "image_filename": "CLEVR_new_000838.png",
  "split": "new"
}