{
  "directions": {
    "above": [
      0.0,
      0.0,
      1.0
    ],
    "left": [
      -0.6563112735748291,
      -0.7544902563095093,
      0.0
    ],
    "front": [
      0.754490315914154,
      -0.6563112735748291,
      -0.0
    ],
    "below": [
      -0.0,
      -0.0,
      -1.0
    ],
    "behind": [
      -0.754490315914154,
      0.6563112735748291,
      0.0
    ],
    "right": [
      0.6563112735748291,
      0.7544902563095093,
      -0.0
    ]
  },
  "image_filename": "CLEVR_new_001033.png",
  "image_index": 1033,
  "relationships": {
    "front": [
      [
        2,
        3,
        4,
        6,
        7,
        8
      ],
      [
        0,
        2,
        3,
        4,
        5,
        6,
        7,
        8,
        9
      ],
      [
        3,
        6,
        7,
        8
      ],
      [],
      [
        2,
        3,
        6,
        7,
        8
      ],
      [
        0,
        2,
        3,
        4,
        6,
        7,
        8,
        9
      ],
      [
        3
      ],
      [
        3,
        6,
        8
      ],
      [
        3,
        6
      ],
      [
        0,
        2,
        3,
        4,
        6,
        7,
        8
      ]
    ],
    "left": [
      [
        1,
        2,
        3,
        4,
        5,
        6,
        8,
        9
      ],
      [
        2,
        3,
        5,
        6,
        8
      ],
      [
        5
      ],
      [
        2,
        5
      ],
      [
        1,
        2,
        3,
        5,
        6,
        8,
        9
      ],
      [],
      [
        2,
        3,
        5,
        8
      ],
      [
        0,
        1,
        2,
        3,
        4,
        5,
        6,
        8,
        9
      ],
      [
        2,
        3,
        5
      ],
      [
        1,
        2,
        3,
        5,
        6,
        8
      ]
    ],
    "behind": [
      [
        1,
        5,
        9
      ],
      [],
      [
        0,
        1,
        4,
        5,
        9
      ],
      [
        0,
        1,
        2,
        4,
        5,
        6,
        7,
        8,
        9
      ],
      [
        0,
        1,
        5,
        9
      ],
      [
        1
      ],
      [
        0,
        1,
        2,
        4,
        5,
        7,
        8,
        9
      ],
      [
        0,
        1,
        2,
        4,
        5,
        9
      ],
      [
        0,
        1,
        2,
        4,
        5,
        7,
        9
      ],
      [
        1,
        5
      ]
    ],
    "right": [
      [
        7
      ],
      [
        0,
        4,
        7,
        9
      ],
      [
        0,
        1,
        3,
        4,
        6,
        7,
        8,
        9
      ],
      [
        0,
        1,
        4,
        6,
        7,
        8,
        9
      ],
      [
        0,
        7
      ],
      [
        0,
        1,
        2,
        3,
        4,
        6,
        7,
        8,
        9
      ],
      [
        0,
        1,
        4,
        7,
        9
      ],
      [],
      [
        0,
        1,
        4,
        6,
        7,
        9
      ],
      [
        0,
        4,
        7
      ]
    ]
  },
  "split": "new",
  "objects": [
    {
      "3d_coords": [
        1.0712409019470215,
        2.7342309951782227,
        0.30000001192092896
      ],
      "rotation": 59.57604611899499,
      "color": "red",
      "shape": "cylinder",
      "pixel_coords": [
        483,
        200,
        12.012445449829102
      ],
      "material": "rubber",
      "size": "small"
    },
    {
      "3d_coords": [
        -2.1217093467712402,
        2.9401586055755615,
        0.30000001192092896
      ],
      "rotation": 60.70428328756753,
      "color": "purple",
      "shape": "cube",
      "pixel_coords": [
        366,
        146,
        14.313013076782227
      ],
      "material": "rubber",
      "size": "large"
    },
    {
      "3d_coords": [
        -0.04971125349402428,
        -1.1529754400253296,
        0.30000001192092896
      ],
      "rotation": 276.17293502947894,
      "color": "brown",
      "shape": "sphere",
      "pixel_coords": [
        259,
        244,
        10.619233131408691
      ],
      "material": "rubber",
      "size": "large"
    },
    {
      "3d_coords": [
        2.288914680480957,
        -2.6965456008911133,
        0.30000001192092896
      ],
      "rotation": 184.72006058000775,
      "color": "cyan",
      "shape": "sphere",
      "pixel_coords": [
        264,
        358,
        8.16006851196289
      ],
      "material": "rubber",
      "size": "small"
    },
    {
      "3d_coords": [
        1.476240873336792,
        1.0731086730957031,
        0.30000001192092896
      ],
      "rotation": 183.47191973076502,
      "color": "brown",
      "shape": "sphere",
      "pixel_coords": [
        434,
        237,
        10.811826705932617
      ],
      "material": "rubber",
      "size": "small"
    },
    {
      "3d_coords": [
        -2.5771267414093018,
        -0.3118477165699005,
        0.30000001192092896
      ],
      "rotation": 48.325520466586866,
      "color": "gray",
      "shape": "cylinder",
      "pixel_coords": [
        218,
        179,
        12.817206382751465
      ],
      "material": "rubber",
      "size": "small"
    },
    {
      "3d_coords": [
        2.1576225757598877,
        -1.4432399272918701,
        0.30000001192092896
      ],
      "rotation": 29.300534286379563,
      "color": "blue",
      "shape": "cube",
      "pixel_coords": [
        339,
        315,
        8.94660472869873
      ],
      "material": "rubber",
      "size": "large"
    },
    {
      "3d_coords": [
        2.7389776706695557,
        1.712483525276184,
        0.30000001192092896
      ],
      "rotation": 318.52889630775326,
      "color": "gray",
      "shape": "cube",
      "pixel_coords": [
        528,
        256,
        10.302667617797852
      ],
      "material": "rubber",
      "size": "small"
    },
    {
      "3d_coords": [
        0.8079709410667419,
        -0.9222027063369751,
        0.30000001192092896
      ],
      "rotation": 279.2816252745987,
      "color": "gray",
      "shape": "cube",
      "pixel_coords": [
        306,
        261,
        10.160282135009766
      ],
      "material": "rubber",
      "size": "large"
    },
    {
      "3d_coords": [
        -0.1240251362323761,
        2.0061087608337402,
        0.30000001192092896
      ],
      "rotation": 91.74437446917199,
      "color": "yellow",
      "shape": "cylinder",
      "pixel_coords": [
        403,
        189,
        12.426078796386719
      ],
      "material": "rubber",
      "size": "large"
    }
  ]
}