{
  "directions": {
    "below": [
      -0.0,
      -0.0,
      -1.0
    ],
    "above": [
      0.0,
      0.0,
      1.0
    ],
    "behind": [
      -0.754490315914154,
      0.6563112735748291,
      0.0
    ],
    "left": [
      -0.6563112735748291,
      -0.7544902563095093,
      0.0
    ],
    "right": [
      0.6563112735748291,
      0.7544902563095093,
      -0.0
    ],
    "front": [
      0.754490315914154,
      -0.6563112735748291,
      -0.0
    ]
  },
  "relationships": {
    "left": [
      [
        1,
        2,
        3,
        4,
        5,
        6,
        7,
        8,
        9,
        10,
        11,
        12,
        13,
        14,
        15
      ],
      [
        3,
        6,
        7,
        9,
        10,
        14
      ],
      [
        1,
        3,
        4,
        5,
        6,
        7,
        8,
        9,
        10,
        11,
        12,
        13,
        14
      ],
      [
        14
      ],
      [
        1,
        3,
        5,
        6,
        7,
        9,
        10,
        12,
        14
      ],
      [
        1,
        3,
        6,
        7,
        9,
        10,
        14
      ],
      [
        3,
        10,
        14
      ],
      [
        3,
        6,
        10,
        14
      ],
      [
        1,
        3,
        4,
        5,
        6,
        7,
        9,
        10,
        12,
        13,
        14
      ],
      [
        3,
        6,
        7,
        10,
        14
      ],
      [
        3,
        14
      ],
      [
        1,
        3,
        4,
        5,
        6,
        7,
        8,
        9,
        10,
        12,
        13,
        14
      ],
      [
        1,
        3,
        5,
        6,
        7,
        9,
        10,
        14
      ],
      [
        1,
        3,
        4,
        5,
        6,
        7,
        9,
        10,
        12,
        14
      ],
      [],
      [
        1,
        2,
        3,
        4,
        5,
        6,
        7,
        8,
        9,
        10,
        11,
        12,
        13,
        14
      ]
    ],
    "right": [
      [],
      [
        0,
        2,
        4,
        5,
        8,
        11,
        12,
        13,
        15
      ],
      [
        0,
        15
      ],
      [
        0,
        1,
        2,
        4,
        5,
        6,
        7,
        8,
        9,
        10,
        11,
        12,
        13,
        15
      ],
      [
        0,
        2,
        8,
        11,
        13,
        15
      ],
      [
        0,
        2,
        4,
        8,
        11,
        12,
        13,
        15
      ],
      [
        0,
        1,
        2,
        4,
        5,
        7,
        8,
        9,
        11,
        12,
        13,
        15
      ],
      [
        0,
        1,
        2,
        4,
        5,
        8,
        9,
        11,
        12,
        13,
        15
      ],
      [
        0,
        2,
        11,
        15
      ],
      [
        0,
        1,
        2,
        4,
        5,
        8,
        11,
        12,
        13,
        15
      ],
      [
        0,
        1,
        2,
        4,
        5,
        6,
        7,
        8,
        9,
        11,
        12,
        13,
        15
      ],
      [
        0,
        2,
        15
      ],
      [
        0,
        2,
        4,
        8,
        11,
        13,
        15
      ],
      [
        0,
        2,
        8,
        11,
        15
      ],
      [
        0,
        1,
        2,
        3,
        4,
        5,
        6,
        7,
        8,
        9,
        10,
        11,
        12,
        13,
        15
      ],
      [
        0
      ]
    ],
    "front": [
      [
        1,
        3,
        5,
        8,
        9,
        10,
        11,
        14,
        15
      ],
      [],
      [
        0,
        1,
        3,
        5,
        6,
        8,
        9,
        10,
        11,
        13,
        14,
        15
      ],
      [
        1,
        8,
        9,
        10,
        15
      ],
      [
        0,
        1,
        2,
        3,
        5,
        6,
        7,
        8,
        9,
        10,
        11,
        13,
        14,
        15
      ],
      [
        1,
        3,
        8,
        9,
        10,
        11,
        15
      ],
      [
        0,
        1,
        3,
        5,
        8,
        9,
        10,
        11,
        13,
        14,
        15
      ],
      [
        0,
        1,
        2,
        3,
        5,
        6,
        8,
        9,
        10,
        11,
        13,
        14,
        15
      ],
      [
        1
      ],
      [
        1,
        8,
        10,
        15
      ],
      [
        1,
        8,
        15
      ],
      [
        1,
        3,
        8,
        9,
        10,
        15
      ],
      [
        0,
        1,
        2,
        3,
        4,
        5,
        6,
        7,
        8,
        9,
        10,
        11,
        13,
        14,
        15
      ],
      [
        0,
        1,
        3,
        5,
        8,
        9,
        10,
        11,
        14,
        15
      ],
      [
        1,
        3,
        5,
        8,
        9,
        10,
        11,
        15
      ],
      [
        1,
        8
      ]
    ],
    "behind": [
      [
        2,
        4,
        6,
        7,
        12,
        13
      ],
      [
        0,
        2,
        3,
        4,
        5,
        6,
        7,
        8,
        9,
        10,
        11,
        12,
        13,
        14,
        15
      ],
      [
        4,
        7,
        12
      ],
      [
        0,
        2,
        4,
        5,
        6,
        7,
        11,
        12,
        13,
        14
      ],
      [
        12
      ],
      [
        0,
        2,
        4,
        6,
        7,
        12,
        13,
        14
      ],
      [
        2,
        4,
        7,
        12
      ],
      [
        4,
        12
      ],
      [
        0,
        2,
        3,
        4,
        5,
        6,
        7,
        9,
        10,
        11,
        12,
        13,
        14,
        15
      ],
      [
        0,
        2,
        3,
        4,
        5,
        6,
        7,
        11,
        12,
        13,
        14
      ],
      [
        0,
        2,
        3,
        4,
        5,
        6,
        7,
        9,
        11,
        12,
        13,
        14
      ],
      [
        0,
        2,
        4,
        5,
        6,
        7,
        12,
        13,
        14
      ],
      [],
      [
        2,
        4,
        6,
        7,
        12
      ],
      [
        0,
        2,
        4,
        6,
        7,
        12,
        13
      ],
      [
        0,
        2,
        3,
        4,
        5,
        6,
        7,
        9,
        10,
        11,
        12,
        13,
        14
      ]
    ]
  },
  "objects": [
    {
      "3d_coords": [
        1.6092653274536133,
        2.721653938293457,
        0.30000001192092896
      ],
      "rotation": 323.02449822508174,
      "size": "small",
      "pixel_coords": [
        502,
        210,
        12.002782821655273
      ],
      "color": "purple",
      "shape": "cube",
      "material": "rubber"
    },
    {
      "3d_coords": [
        2.5889294147491455,
        -2.790262222290039,
        0.30000001192092896
      ],
      "rotation": 224.7442905794131,
      "size": "large",
      "pixel_coords": [
        280,
        372,
        8.234768867492676
      ],
      "color": "purple",
      "shape": "cube",
      "material": "rubber"
    },
    {
      "3d_coords": [
        0.04755517840385437,
        2.844386100769043,
        0.30000001192092896
      ],
      "rotation": 284.4376991678875,
      "size": "large",