{
  "directions": {
    "above": [
      0.0,
      0.0,
      1.0
    ],
    "left": [
      -0.6563112735748291,
      -0.7544902563095093,
      0.0
    ],
    "front": [
      0.754490315914154,
      -0.6563112735748291,
      -0.0
    ],
    "below": [
      -0.0,
      -0.0,
      -1.0
    ],
    "behind": [
      -0.754490315914154,
      0.6563112735748291,
      0.0
    ],
    "right": [
      0.6563112735748291,
      0.7544902563095093,
      -0.0
    ]
  },
  "image_filename": "CLEVR_new_001015.png",
  "image_index": 1015,
  "relationships": {
    "front": [
      [
        1,
        2,
        3,
        4,
        5,
        6,
        7,
        8,
        9
      ],
      [
        4,
        7
      ],
      [
        1,
        4,
        7,
        8
      ],
      [
        1,
        2,
        4,
        7,
        8
      ],
      [],
      [
        1,
        2,
        3,
        4,
        7,
        8,
        9
      ],
      [
        1,
        2,
        3,
        4,
        5,
        7,
        8,
        9
      ],
      [
        4
      ],
      [
        1,
        4,
        7
      ],
      [
        1,
        2,
        3,
        4,
        7,
        8
      ]
    ],
    "left": [
      [],
      [
        0,
        4,
        6
      ],
      [
        0,
        1,
        4,
        6
      ],
      [
        0,
        1,
        2,
        4,
        5,
        6,
        7
      ],
      [
        0,
        6
      ],
      [
        0,
        1,
        2,
        4,
        6,
        7
      ],
      [
        0
      ],
      [
        0,
        1,
        2,
        4,
        6
      ],
      [
        0,
        1,
        2,
        3,
        4,
        5,
        6,
        7
      ],
      [
        0,
        1,
        2,
        3,
        4,
        5,
        6,
        7,
        8
      ]
    ],
    "behind": [
      [],
      [
        0,
        2,
        3,
        5,
        6,
        8,
        9
      ],
      [
        0,
        3,
        5,
        6,
        9
      ],
      [
        0,
        5,
        6,
        9
      ],
      [
        0,
        1,
        2,
        3,
        5,
        6,
        7,
        8,
        9
      ],
      [
        0,
        6
      ],
      [
        0
      ],
      [
        0,
        1,
        2,
        3,
        5,
        6,
        8,
        9
      ],
      [
        0,
        2,
        3,
        5,
        6,
        9
      ],
      [
        0,
        5,
        6
      ]
    ],
    "right": [
      [
        1,
        2,
        3,
        4,
        5,
        6,
        7,
        8,
        9
      ],
      [
        2,
        3,
        5,
        7,
        8,
        9
      ],
      [
        3,
        5,
        7,
        8,
        9
      ],
      [
        8,
        9
      ],
      [
        1,
        2,
        3,
        5,
        7,
        8,
        9
      ],
      [
        3,
        8,
        9
      ],
      [
        1,
        2,
        3,
        4,
        5,
        7,
        8,
        9
      ],
      [
        3,
        5,
        8,
        9
      ],
      [
        9
      ],
      []
    ]
  },
  "split": "new",
  "objects": [
    {
      "3d_coords": [
        -2.9804742336273193,
        -0.250456303358078,
        0.30000001192092896
      ],
      "rotation": 16.79389373786222,
      "color": "cyan",
      "shape": "cube",
      "pixel_coords": [
        204,
        179,
        13.221302032470703
      ],
      "material": "rubber",
      "size": "small"
    },
    {
      "3d_coords": [
        1.800155520439148,
        -1.823060154914856,
        0.30000001192092896
      ],
      "rotation": 34.79211000106149,
      "color": "red",
      "shape": "cylinder",
      "pixel_coords": [
        309,
        304,
        9.067354202270508
      ],
      "material": "rubber",
      "size": "large"
    },
    {
      "3d_coords": [
        1.454576015472412,
        -0.7433616518974304,
        0.30000001192092896
      ],
      "rotation": 153.4177121979868,
      "color": "yellow",
      "shape": "cube",
      "pixel_coords": [
        350,
        268,
        9.954846382141113
      ],
      "material": "rubber",
      "size": "large"
    },
    {
      "3d_coords": [
        1.7356011867523193,
        0.5495598912239075,
        0.30000001192092896
      ],
      "rotation": 75.79519623716887,
      "color": "green",
      "shape": "cylinder",
      "pixel_coords": [
        424,
        248,
        10.55278205871582
      ],
      "material": "rubber",
      "size": "large"
    },
    {
      "3d_coords": [
        1.927884817123413,
        -2.7330915927886963,
        0.30000001192092896
      ],
      "rotation": 222.2697153728981,
      "color": "red",
      "shape": "cube",
      "pixel_coords": [
        260,
        333,
        8.428729057312012
      ],
      "material": "rubber",
      "size": "small"
    },
    {
      "3d_coords": [
        0.6433988213539124,
        0.8291661739349365,
        0.30000001192092896
      ],
      "rotation": 280.1069635062593,
      "color": "brown",
      "shape": "cylinder",
      "pixel_coords": [
        384,
        221,
        11.453376770019531
      ],
      "material": "rubber",
      "size": "small"
    },
    {
      "3d_coords": [
        -1.471750020980835,
        -0.8213285803794861,
        0.30000001192092896
      ],
      "rotation": 227.8565560138825,
      "color": "red",
      "shape": "sphere",
      "pixel_coords": [
        226,
        210,
        11.865022659301758
      ],
      "material": "rubber",
      "size": "large"
    },
    {
      "3d_coords": [
        2.5614113807678223,
        -1.2767102718353271,
        0.30000001192092896
      ],
      "rotation": 233.94030437295413,
      "color": "yellow",
      "shape": "sphere",
      "pixel_coords": [
        381,
        311,
        8.890220642089844
      ],
      "material": "rubber",
      "size": "small"
    },
    {
      "3d_coords": [
        2.9811763763427734,
        0.041285037994384766,
        0.30000001192092896
      ],
      "rotation": 244.9788127527267,
      "color": "cyan",
      "shape": "cube",
      "pixel_coords": [
        471,
        289,
        9.410588264465332
      ],
      "material": "rubber",
      "size": "small"
    },
    {
      "3d_coords": [
        2.638293504714966,
        2.511568069458008,
        0.30000001192092896
      ],
      "rotation": 335.9691979390042,
      "color": "cyan",
      "shape": "cube",
      "pixel_coords": [
        548,
        230,
        11.141570091247559
      ],
      "material": "rubber",
      "size": "large"
    }
  ]
}