{
  "directions": {
    "below": [
      -0.0,
      -0.0,
      -1.0
    ],
    "above": [
      0.0,
      0.0,
      1.0
    ],
    "behind": [
      -0.754490315914154,
      0.6563112735748291,
      0.0
    ],
    "left": [
      -0.6563112735748291,
      -0.7544902563095093,
      0.0
    ],
    "right": [
      0.6563112735748291,
      0.7544902563095093,
      -0.0
    ],
    "front": [
      0.754490315914154,
      -0.6563112735748291,
      -0.0
    ]
  },
  "relationships": {
    "left": [
      [
        1,
        4,
        7,
        8,
        13,
        15
      ],
      [
        4
      ],
      [
        0,
        1,
        3,
        4,
        5,
        7,
        8,
        9,
        12,
        13,
        15
      ],
      [
        0,
        1,
        4,
        5,
        7,
        8,
        9,
        12,
        13,
        15
      ],
      [],
      [
        0,
        1,
        4,
        7,
        8,
        12,
        13,
        15
      ],
      [
        0,
        1,
        2,
        3,
        4,
        5,
        7,
        8,
        9,
        12,
        13,
        14,
        15
      ],
      [
        1,
        4,
        8,
        13
      ],
      [
        1,
        4
      ],
      [
        0,
        1,
        4,
        5,
        7,
        8,
        12,
        13,
        15
      ],
      [
        0,
        1,
        2,
        3,
        4,
        5,
        6,
        7,
        8,
        9,
        12,
        13,
        14,
        15
      ],
      [
        0,
        1,
        2,
        3,
        4,
        5,
        6,
        7,
        8,
        9,
        10,
        12,
        13,
        14,
        15
      ],
      [
        0,
        1,
        4,
        7,
        8,
        13,
        15
      ],
      [
        1,
        4,
        8
      ],
      [
        0,
        1,
        2,
        3,
        4,
        5,
        7,
        8,
        9,
        12,
        13,
        15
      ],
      [
        1,
        4,
        7,
        8,
        13
      ]
    ],
    "right": [
      [
        2,
        3,
        5,
        6,
        9,
        10,
        11,
        12,
        14
      ],
      [
        0,
        2,
        3,
        5,
        6,
        7,
        8,
        9,
        10,
        11,
        12,
        13,
        14,
        15
      ],
      [
        6,
        10,
        11,
        14
      ],
      [
        2,
        6,
        10,
        11,
        14
      ],
      [
        0,
        1,
        2,
        3,
        5,
        6,
        7,
        8,
        9,
        10,
        11,
        12,
        13,
        14,
        15
      ],
      [
        2,
        3,
        6,
        9,
        10,
        11,
        14
      ],
      [
        10,
        11
      ],
      [
        0,
        2,
        3,
        5,
        6,
        9,
        10,
        11,
        12,
        14,
        15
      ],
      [
        0,
        2,
        3,
        5,
        6,
        7,
        9,
        10,
        11,
        12,
        13,
        14,
        15
      ],
      [
        2,
        3,
        6,
        10,
        11,
        14
      ],
      [
        11
      ],
      [],
      [
        2,
        3,
        5,
        6,
        9,
        10,
        11,
        14
      ],
      [
        0,
        2,
        3,
        5,
        6,
        7,
        9,
        10,
        11,
        12,
        14,
        15
      ],
      [
        6,
        10,
        11
      ],
      [
        0,
        2,
        3,
        5,
        6,
        9,
        10,
        11,
        12,
        14
      ]
    ],
    "front": [
      [
        3,
        5,
        7,
        10,
        12,
        13
      ],
      [
        0,
        3,
        5,
        7,
        10,
        12,
        13
      ],
      [
        0,
        1,
        3,
        5,
        7,
        10,
        12,
        13
      ],
      [
        5,
        7,
        12
      ],
      [
        0,
        1,
        2,
        3,
        5,
        7,
        10,
        12,
        13,
        15
      ],
      [],
      [
        0,
        1,
        2,
        3,
        4,
        5,
        7,
        10,
        11,
        12,
        13,
        15
      ],
      [
        5,
        12
      ],
      [
        0,
        1,
        2,
        3,
        4,
        5,
        6,
        7,
        10,
        11,
        12,
        13,
        15
      ],
      [
        0,
        1,
        2,
        3,
        4,
        5,
        6,
        7,
        8,
        10,
        11,
        12,
        13,
        14,
        15
      ],
      [
        3,
        5,
        7,
        12
      ],
      [
        0,
        1,
        2,
        3,
        4,
        5,
        7,
        10,
        12,
        13,
        15
      ],
      [
        5
      ],
      [
        3,
        5,
        7,
        10,
        12
      ],
      [
        0,
        1,
        2,
        3,
        4,
        5,
        6,
        7,
        8,
        10,
        11,
        12,
        13,
        15
      ],
      [
        0,
        1,
        2,
        3,
        5,
        7,
        10,
        12,
        13
      ]
    ],
    "behind": [
      [
        1,
        2,
        4,
        6,
        8,
        9,
        11,
        14,
        15
      ],
      [
        2,
        4,
        6,
        8,
        9,
        11,
        14,
        15
      ],
      [
        4,
        6,
        8,
        9,
        11,
        14,
        15
      ],
      [
        0,
        1,
        2,
        4,
        6,
        8,
        9,
        10,
        11,
        13,
        14,
        15
      ],
      [
        6,
        8,
        9,
        11,
        14
      ],
      [
        0,
        1,
        2,
        3,
        4,
        6,
        7,
        8,
        9,
        10,
        11,
        12,
        13,
        14,
        15
      ],
      [
        8,
        9,
        14
      ],
      [
        0,
        1,
        2,
        3,
        4,
        6,
        8,
        9,
        10,
        11,
        13,
        14,
        15
      ],
      [
        9,
        14
      ],
      [],
      [
        0,
        1,
        2,
        4,
        6,
        8,
        9,
        11,
        13,
        14,
        15
      ],
      [
        6,
        8,
        9,
        14
      ],
      [
        0,
        1,
        2,
        3,
        4,
        6,
        7,
        8,
        9,
        10,
        11,
        13,
        14,
        15
      ],
      [
        0,
        1,
        2,
        4,
        6,
        8,
        9,
        11,
        14,
        15
      ],
      [
        9
      ],
      [
        4,
        6,
        8,
        9,
        11,
        14
      ]
    ]
  },
  "objects": [
    {
      "3d_coords": [
        -0.11092344671487808,
        -1.2463730573654175,
        0.30000001192092896
      ],
      "rotation": 5.927018702059801,
      "size": "small",
      "pixel_coords": [
        253,
        244,
        10.603873252868652
      ],
      "color": "blue",
      "shape": "sphere",
      "material": "rubber"
    },
    {
      "3d_coords": [
        -1.8248684406280518,
        -2.8067257404327393,
        0.30000001192092896
      ],
      "rotation": 235.9769906642543,
      "size": "large",
      "pixel_coords": [
        106,
        236,
        10.842392921447754
      ],
      "color": "gray",
      "shape": "cube",
      "material": "rubber"
    },
    {
      "3d_coords": [
        0.601560115814209,
        0.5746181607246399,
        0.30000001192092896
      ],
      "rotation": 5.403912027165734,
      "size": "large",