{
  "directions": {
    "below": [
      -0.0,
      -0.0,
      -1.0
    ],
    "above": [
      0.0,
      0.0,
      1.0
    ],
    "behind": [
      -0.754490315914154,
      0.6563112735748291,
      0.0
    ],
    "left": [
      -0.6563112735748291,
      -0.7544902563095093,
      0.0
    ],
    "right": [
      0.6563112735748291,
      0.7544902563095093,
      -0.0
    ],
    "front": [
      0.754490315914154,
      -0.6563112735748291,
      -0.0
    ]
  },
  "relationships": {
    "left": [
      [
        1,
        2,
        3,
        4,
        5,
        6,
        8,
        9,
        10,
        11,
        12,
        13,
        14,
        15
      ],
      [
        3,
        4,
        6,
        10,
        11,
        13
      ],
      [
        1,
        3,
        4,
        6,
        9,
        10,
        11,
        13
      ],
      [
        4,
        6,
        11,
        13
      ],
      [
        6,
        11
      ],
      [
        1,
        2,
        3,
        4,
        6,
        9,
        10,
        11,
        12,
        13
      ],
      [
        11
      ],
      [
        0,
        1,
        2,
        3,
        4,
        5,
        6,
        8,
        9,
        10,
        11,
        12,
        13,
        14,
        15
      ],
      [
        1,
        2,
        3,
        4,
        5,
        6,
        9,
        10,
        11,
        12,
        13,
        14
      ],
      [
        1,
        3,
        4,
        6,
        10,
        11,
        13
      ],
      [
        3,
        4,
        6,
        11,
        13
      ],
      [],
      [
        1,
        2,
        3,
        4,
        6,
        9,
        10,
        11,
        13
      ],
      [
        4,
        6,
        11
      ],
      [
        1,
        2,
        3,
        4,
        5,
        6,
        9,
        10,
        11,
        12,
        13
      ],
      [
        1,
        2,
        3,
        4,
        5,
        6,
        8,
        9,
        10,
        11,
        12,
        13,
        14
      ]
    ],
    "right": [
      [
        7
      ],
      [
        0,
        2,
        5,
        7,
        8,
        9,
        12,
        14,
        15
      ],
      [
        0,
        5,
        7,
        8,
        12,
        14,
        15
      ],
      [
        0,
        1,
        2,
        5,
        7,
        8,
        9,
        10,
        12,
        14,
        15
      ],
      [
        0,
        1,
        2,
        3,
        5,
        7,
        8,
        9,
        10,
        12,
        13,
        14,
        15
      ],
      [
        0,
        7,
        8,
        14,
        15
      ],
      [
        0,
        1,
        2,
        3,
        4,
        5,
        7,
        8,
        9,
        10,
        12,
        13,
        14,
        15
      ],
      [],
      [
        0,
        7,
        15
      ],
      [
        0,
        2,
        5,
        7,
        8,
        12,
        14,
        15
      ],
      [
        0,
        1,
        2,
        5,
        7,
        8,
        9,
        12,
        14,
        15
      ],
      [
        0,
        1,
        2,
        3,
        4,
        5,
        6,
        7,
        8,
        9,
        10,
        12,
        13,
        14,
        15
      ],
      [
        0,
        5,
        7,
        8,
        14,
        15
      ],
      [
        0,
        1,
        2,
        3,
        5,
        7,
        8,
        9,
        10,
        12,
        14,
        15
      ],
      [
        0,
        7,
        8,
        15
      ],
      [
        0,
        7
      ]
    ],
    "front": [
      [
        1,
        2,
        4,
        5,
        6,
        7,
        8,
        11,
        13,
        15
      ],
      [
        2,
        13
      ],
      [],
      [
        0,
        1,
        2,
        4,
        5,
        6,
        7,
        8,
        10,
        11,
        13,
        14,
        15
      ],
      [
        1,
        2,
        6,
        13,
        15
      ],
      [
        1,
        2,
        4,
        6,
        7,
        8,
        11,
        13,
        15
      ],
      [
        1,
        2,
        13,
        15
      ],
      [
        1,
        2,
        4,
        6,
        8,
        11,
        13,
        15
      ],
      [
        1,
        2,
        4,
        6,
        13,
        15
      ],
      [
        0,
        1,
        2,
        3,
        4,
        5,
        6,
        7,
        8,
        10,
        11,
        12,
        13,
        14,
        15
      ],
      [
        0,
        1,
        2,
        4,
        5,
        6,
        7,
        8,
        11,
        13,
        15
      ],
      [
        1,
        2,
        4,
        6,
        8,
        13,
        15
      ],
      [
        0,
        1,
        2,
        3,
        4,
        5,
        6,
        7,
        8,
        10,
        11,
        13,
        14,
        15
      ],
      [
        2
      ],
      [
        0,
        1,
        2,
        4,
        5,
        6,
        7,
        8,
        10,
        11,
        13,
        15
      ],
      [
        1,
        2,
        13
      ]
    ],
    "behind": [
      [
        3,
        9,
        10,
        12,
        14
      ],
      [
        0,
        3,
        4,
        5,
        6,
        7,
        8,
        9,
        10,
        11,
        12,
        14,
        15
      ],
      [
        0,
        1,
        3,
        4,
        5,
        6,
        7,
        8,
        9,
        10,
        11,
        12,
        13,
        14,
        15
      ],
      [
        9,
        12
      ],
      [
        0,
        3,
        5,
        7,
        8,
        9,
        10,
        11,
        12,
        14
      ],
      [
        0,
        3,
        9,
        10,
        12,
        14
      ],
      [
        0,
        3,
        4,
        5,
        7,
        8,
        9,
        10,
        11,
        12,
        14
      ],
      [
        0,
        3,
        5,
        9,
        10,
        12,
        14
      ],
      [
        0,
        3,
        5,
        7,
        9,
        10,
        11,
        12,
        14
      ],
      [],
      [
        3,
        9,
        12,
        14
      ],
      [
        0,
        3,
        5,
        7,
        9,
        10,
        12,
        14
      ],
      [
        9
      ],
      [
        0,
        1,
        3,
        4,
        5,
        6,
        7,
        8,
        9,
        10,
        11,
        12,
        14,
        15
      ],
      [
        3,
        9,
        12
      ],
      [
        0,
        3,
        4,
        5,
        6,
        7,
        8,
        9,
        10,
        11,
        12,
        14
      ]
    ]
  },
  "objects": [
    {
      "3d_coords": [
        1.3138364553451538,
        2.4071598052978516,
        0.30000001192092896
      ],
      "rotation": 290.75851587949626,
      "size": "large",
      "pixel_coords": [
        474,
        208,
        12.127205848693848
      ],
      "color": "cyan",
      "shape": "cube",
      "material": "rubber"
    },
    {
      "3d_coords": [
        1.7630614042282104,
        -1.2006415128707886,
        0.30000001192092896
      ],
      "rotation": 259.2733344924812,
      "size": "large",
      "pixel_coords": [
        339,
        294,
        9.741571426391602
      ],
      "color": "purple",
      "shape": "cube",
      "material": "rubber"
    },
    {
      "3d_coords": [
        2.8246676921844482,
        -1.350887417793274,
        0.30000001192092896
      ],
      "rotation": 172.3576639386906,
      "size": "small",