{
  "relationships": {
    "right": [
      [
        2,
        3,
        4,
        7
      ],
      [
        0,
        2,
        3,
        4,
        7
      ],
      [
        3,
        7
      ],
      [
        7
      ],
      [
        2,
        3,
        7
      ],
      [
        0,
        1,
        2,
        3,
        4,
        7
      ],
      [
        0,
        1,
        2,
        3,
        4,
        5,
        7
      ],
      []
    ],
    "left": [
      [
        1,
        5,
        6
      ],
      [
        5,
        6
      ],
      [
        0,
        1,
        4,
        5,
        6
      ],
      [
        0,
        1,
        2,
        4,
        5,
        6
      ],
      [
        0,
        1,
        5,
        6
      ],
      [
        6
      ],
      [],
      [
        0,
        1,
        2,
        3,
        4,
        5,
        6
      ]
    ],
    "behind": [
      [
        1,
        3,
        5,
        7
      ],
      [
        3,
        5,
        7
      ],
      [
        0,
        1,
        3,
        4,
        5,
        6,
        7
      ],
      [],
      [
        0,
        1,
        3,
        5,
        6,
        7
      ],
      [
        3
      ],
      [
        0,
        1,
        3,
        5,
        7
      ],
      [
        3,
        5
      ]
    ],
    "front": [
      [
        2,
        4,
        6
      ],
      [
        0,
        2,
        4,
        6
      ],
      [],
      [
        0,
        1,
        2,
        4,
        5,
        6,
        7
      ],
      [
        2
      ],
      [
        0,
        1,
        2,
        4,
        6,
        7
      ],
      [
        2,
        4
      ],
      [
        0,
        1,
        2,
        4,
        6
      ]
    ]
  },
  "image_index": 824,
  "directions": {
    "below": [
      -0.0,
      -0.0,
      -1.0
    ],
    "left": [
      -0.6563112735748291,
      -0.7544902563095093,
      0.0
    ],
    "above": [
      0.0,
      0.0,
      1.0
    ],
    "front": [
      0.754490315914154,
      -0.6563112735748291,
      -0.0
    ],
    "behind": [
      -0.754490315914154,
      0.6563112735748291,
      0.0
    ],
    "right": [
      0.6563112735748291,
      0.7544902563095093,
      -0.0
    ]
  },
  "objects": [
    {
      "shape": "cylinder",
      "pixel_coords": [
        278,
        237,
        10.723793983459473
      ],
      "color": "blue",
      "rotation": 255.98100767056982,
      "size": "small",
      "material": "rubber",
      "3d_coords": [
        -0.07267928123474121,
        -0.8086511492729187,
        0.30000001192092896
      ]
    },
    {
      "shape": "sphere",
      "pixel_coords": [
        266,
        215,
        11.422728538513184
      ],
      "color": "purple",
      "rotation": 129.428016742122,
      "size": "small",
      "material": "rubber",
      "3d_coords": [
        -0.8126037120819092,
        -0.45537781715393066,
        0.30000001192092896
      ]
    },
    {
      "shape": "sphere",
      "pixel_coords": [
        349,
        367,
        7.849740505218506
      ],
      "color": "red",
      "rotation": 40.57352710339187,
      "size": "small",
      "material": "rubber",
      "3d_coords": [
        2.9646801948547363,
        -2.2670888900756836,
        0.30000001192092896
      ]
    },
    {
      "shape": "sphere",
      "pixel_coords": [
        387,
        173,
        13.091388702392578
      ],
      "color": "brown",
      "rotation": 350.0491219059916,
      "size": "large",
      "material": "rubber",
      "3d_coords": [
        -0.7598304748535156,
        2.3857619762420654,
        0.30000001192092896
      ]
    },
    {
      "shape": "cube",
      "pixel_coords": [
        318,
        324,
        8.616100311279297
      ],
      "color": "green",
      "rotation": 324.9051208189073,
      "size": "small",
      "material": "rubber",
      "3d_coords": [
        2.094305992126465,
        -1.944600224494934,
        0.30000001192092896
      ]
    },
    {
      "shape": "sphere",
      "pixel_coords": [
        253,
        192,
        12.28806209564209
      ],
      "color": "blue",
      "rotation": 318.9016745899149,
      "size": "small",
      "material": "rubber",
      "3d_coords": [
        -1.7277003526687622,
        -0.01691664755344391,
        0.30000001192092896
      ]
    },
    {
      "shape": "cube",
      "pixel_coords": [
        164,
        251,
        10.329445838928223
      ],
      "color": "green",
      "rotation": 321.8554919774631,
      "size": "small",
      "material": "rubber",
      "3d_coords": [
        -0.8612812757492065,
        -2.3323378562927246,
        0.30000001192092896
      ]
    },
    {
      "shape": "cube",
      "pixel_coords": [
        485,
        195,
        12.17429256439209
      ],
      "color": "blue",
      "rotation": 259.1917182171904,
      "size": "large",
      "material": "rubber",
      "3d_coords": [
        1.0871820449829102,
        2.88427996635437,
        0.30000001192092896
      ]
    }
  ],
  "image_filename": "CLEVR_new_000824.png",
  "split": "new"
}