{
  "directions": {
    "below": [
      -0.0,
      -0.0,
      -1.0
    ],
    "above": [
      0.0,
      0.0,
      1.0
    ],
    "behind": [
      -0.754490315914154,
      0.6563112735748291,
      0.0
    ],
    "left": [
      -0.6563112735748291,
      -0.7544902563095093,
      0.0
    ],
    "right": [
      0.6563112735748291,
      0.7544902563095093,
      -0.0
    ],
    "front": [
      0.754490315914154,
      -0.6563112735748291,
      -0.0
    ]
  },
  "relationships": {
    "left": [
      [
        2,
        3,
        4,
        5,
        7,
        9,
        10,
        11,
        12,
        13,
        15
      ],
      [
        0,
        2,
        3,
        4,
        5,
        7,
        9,
        10,
        11,
        12,
        13,
        15
      ],
      [
        3,
        7,
        10,
        11,
        15
      ],
      [
        7,
        11,
        15
      ],
      [
        2,
        3,
        7,
        10,
        11,
        13,
        15
      ],
      [
        2,
        3,
        4,
        7,
        9,
        10,
        11,
        12,
        13,
        15
      ],
      [
        0,
        1,
        2,
        3,
        4,
        5,
        7,
        8,
        9,
        10,
        11,
        12,
        13,
        15
      ],
      [
        11,
        15
      ],
      [
        0,
        1,
        2,
        3,
        4,
        5,
        7,
        9,
        10,
        11,
        12,
        13,
        15
      ],
      [
        2,
        3,
        4,
        7,
        10,
        11,
        12,
        13,
        15
      ],
      [
        3,
        7,
        11,
        15
      ],
      [],
      [
        2,
        3,
        4,
        7,
        10,
        11,
        13,
        15
      ],
      [
        2,
        3,
        7,
        10,
        11,
        15
      ],
      [
        0,
        1,
        2,
        3,
        4,
        5,
        6,
        7,
        8,
        9,
        10,
        11,
        12,
        13,
        15
      ],
      [
        11
      ]
    ],
    "right": [
      [
        1,
        6,
        8,
        14
      ],
      [
        6,
        8,
        14
      ],
      [
        0,
        1,
        4,
        5,
        6,
        8,
        9,
        12,
        13,
        14
      ],
      [
        0,
        1,
        2,
        4,
        5,
        6,
        8,
        9,
        10,
        12,
        13,
        14
      ],
      [
        0,
        1,
        5,
        6,
        8,
        9,
        12,
        14
      ],
      [
        0,
        1,
        6,
        8,
        14
      ],
      [
        14
      ],
      [
        0,
        1,
        2,
        3,
        4,
        5,
        6,
        8,
        9,
        10,
        12,
        13,
        14
      ],
      [
        6,
        14
      ],
      [
        0,
        1,
        5,
        6,
        8,
        14
      ],
      [
        0,
        1,
        2,
        4,
        5,
        6,
        8,
        9,
        12,
        13,
        14
      ],
      [
        0,
        1,
        2,
        3,
        4,
        5,
        6,
        7,
        8,
        9,
        10,
        12,
        13,
        14,
        15
      ],
      [
        0,
        1,
        5,
        6,
        8,
        9,
        14
      ],
      [
        0,
        1,
        4,
        5,
        6,
        8,
        9,
        12,
        14
      ],
      [],
      [
        0,
        1,
        2,
        3,
        4,
        5,
        6,
        7,
        8,
        9,
        10,
        12,
        13,
        14
      ]
    ],
    "front": [
      [
        2,
        3,
        4,
        5,
        8,
        10,
        12,
        15
      ],
      [
        0,
        2,
        3,
        4,
        5,
        6,
        7,
        8,
        9,
        10,
        11,
        12,
        14,
        15
      ],
      [
        3,
        4,
        8,
        12
      ],
      [
        4
      ],
      [],
      [
        2,
        3,
        4,
        8,
        12,
        15
      ],
      [
        0,
        2,
        3,
        4,
        5,
        8,
        10,
        11,
        12,
        14,
        15
      ],
      [
        0,
        2,
        3,
        4,
        5,
        6,
        8,
        9,
        10,
        11,
        12,
        14,
        15
      ],
      [
        3,
        4,
        12
      ],
      [
        0,
        2,
        3,
        4,
        5,
        6,
        8,
        10,
        11,
        12,
        14,
        15
      ],
      [
        2,
        3,
        4,
        5,
        8,
        12,
        15
      ],
      [
        0,
        2,
        3,
        4,
        5,
        8,
        10,
        12,
        14,
        15
      ],
      [
        3,
        4
      ],
      [
        0,
        1,
        2,
        3,
        4,
        5,
        6,
        7,
        8,
        9,
        10,
        11,
        12,
        14,
        15
      ],
      [
        0,
        2,
        3,
        4,
        5,
        8,
        10,
        12,
        15
      ],
      [
        2,
        3,
        4,
        8,
        12
      ]
    ],
    "behind": [
      [
        1,
        6,
        7,
        9,
        11,
        13,
        14
      ],
      [
        13
      ],
      [
        0,
        1,
        5,
        6,
        7,
        9,
        10,
        11,
        13,
        14,
        15
      ],
      [
        0,
        1,
        2,
        5,
        6,
        7,
        8,
        9,
        10,
        11,
        12,
        13,
        14,
        15
      ],
      [
        0,
        1,
        2,
        3,
        5,
        6,
        7,
        8,
        9,
        10,
        11,
        12,
        13,
        14,
        15
      ],
      [
        0,
        1,
        6,
        7,
        9,
        10,
        11,
        13,
        14
      ],
      [
        1,
        7,
        9,
        13
      ],
      [
        1,
        13
      ],
      [
        0,
        1,
        2,
        5,
        6,
        7,
        9,
        10,
        11,
        13,
        14,
        15
      ],
      [
        1,
        7,
        13
      ],
      [
        0,
        1,
        6,
        7,
        9,
        11,
        13,
        14
      ],
      [
        1,
        6,
        7,
        9,
        13
      ],
      [
        0,
        1,
        2,
        5,
        6,
        7,
        8,
        9,
        10,
        11,
        13,
        14,
        15
      ],
      [],
      [
        1,
        6,
        7,
        9,
        11,
        13
      ],
      [
        0,
        1,
        5,
        6,
        7,
        9,
        10,
        11,
        13,
        14
      ]
    ]
  },
  "objects": [
    {
      "3d_coords": [
        1.1468696594238281,
        0.9729468822479248,
        0.30000001192092896
      ],
      "rotation": 30.969232068362935,
      "size": "large",
      "pixel_coords": [
        413,
        230,
        11.276703834533691
      ],
      "color": "green",
      "shape": "sphere",
      "material": "rubber"
    },
    {
      "3d_coords": [
        -0.7062574028968811,
        2.947749376296997,
        0.30000001192092896
      ],
      "rotation": 323.61879096880944,
      "size": "large",
      "pixel_coords": [
        408,
        163,
        13.6243314743042
      ],
      "color": "gray",
      "shape": "cylinder",
      "material": "rubber"
    },
    {
      "3d_coords": [
        0.7291908860206604,
        -1.3395919799804688,
        0.30000001192092896
      ],
      "rotation": 292.7728960597501,
      "size": "small",