{
  "directions": {
    "below": [
      -0.0,
      -0.0,
      -1.0
    ],
    "above": [
      0.0,
      0.0,
      1.0
    ],
    "behind": [
      -0.754490315914154,
      0.6563112735748291,
      0.0
    ],
    "left": [
      -0.6563112735748291,
      -0.7544902563095093,
      0.0
    ],
    "right": [
      0.6563112735748291,
      0.7544902563095093,
      -0.0
    ],
    "front": [
      0.754490315914154,
      -0.6563112735748291,
      -0.0
    ]
  },
  "relationships": {
    "left": [
      [
        1,
        3,
        4,
        5,
        6,
        7,
        8,
        9,
        11,
        12,
        13,
        14,
        15
      ],
      [
        3,
        5,
        8,
        9,
        12,
        13,
        15
      ],
      [
        0,
        1,
        3,
        4,
        5,
        6,
        7,
        8,
        9,
        10,
        11,
        12,
        13,
        14,
        15
      ],
      [
        5,
        8,
        9,
        12,
        13,
        15
      ],
      [
        1,
        3,
        5,
        6,
        7,
        8,
        9,
        11,
        12,
        13,
        14,
        15
      ],
      [
        8,
        9,
        12,
        13,
        15
      ],
      [
        1,
        3,
        5,
        7,
        8,
        9,
        11,
        12,
        13,
        14,
        15
      ],
      [
        1,
        3,
        5,
        8,
        9,
        11,
        12,
        13,
        15
      ],
      [],
      [
        8
      ],
      [
        0,
        1,
        3,
        4,
        5,
        6,
        7,
        8,
        9,
        11,
        12,
        13,
        14,
        15
      ],
      [
        1,
        3,
        5,
        8,
        9,
        12,
        13,
        15
      ],
      [
        8,
        9,
        15
      ],
      [
        8,
        9,
        12,
        15
      ],
      [
        1,
        3,
        5,
        7,
        8,
        9,
        11,
        12,
        13,
        15
      ],
      [
        8,
        9
      ]
    ],
    "right": [
      [
        2,
        10
      ],
      [
        0,
        2,
        4,
        6,
        7,
        10,
        11,
        14
      ],
      [],
      [
        0,
        1,
        2,
        4,
        6,
        7,
        10,
        11,
        14
      ],
      [
        0,
        2,
        10
      ],
      [
        0,
        1,
        2,
        3,
        4,
        6,
        7,
        10,
        11,
        14
      ],
      [
        0,
        2,
        4,
        10
      ],
      [
        0,
        2,
        4,
        6,
        10,
        14
      ],
      [
        0,
        1,
        2,
        3,
        4,
        5,
        6,
        7,
        9,
        10,
        11,
        12,
        13,
        14,
        15
      ],
      [
        0,
        1,
        2,
        3,
        4,
        5,
        6,
        7,
        10,
        11,
        12,
        13,
        14,
        15
      ],
      [
        2
      ],
      [
        0,
        2,
        4,
        6,
        7,
        10,
        14
      ],
      [
        0,
        1,
        2,
        3,
        4,
        5,
        6,
        7,
        10,
        11,
        13,
        14
      ],
      [
        0,
        1,
        2,
        3,
        4,
        5,
        6,
        7,
        10,
        11,
        14
      ],
      [
        0,
        2,
        4,
        6,
        10
      ],
      [
        0,
        1,
        2,
        3,
        4,
        5,
        6,
        7,
        10,
        11,
        12,
        13,
        14
      ]
    ],
    "front": [
      [
        3,
        4,
        5,
        7,
        10,
        12
      ],
      [
        0,
        2,
        3,
        4,
        5,
        7,
        9,
        10,
        12
      ],
      [
        0,
        3,
        4,
        5,
        7,
        9,
        10,
        12
      ],
      [
        12
      ],
      [
        3,
        12
      ],
      [
        3,
        4,
        7,
        10,
        12
      ],
      [
        0,
        1,
        2,
        3,
        4,
        5,
        7,
        8,
        9,
        10,
        11,
        12,
        13,
        14,
        15
      ],
      [
        3,
        4,
        12
      ],
      [
        0,
        1,
        2,
        3,
        4,
        5,
        7,
        9,
        10,
        12
      ],
      [
        0,
        3,
        4,
        5,
        7,
        10,
        12
      ],
      [
        3,
        4,
        7,
        12
      ],
      [
        0,
        1,
        2,
        3,
        4,
        5,
        7,
        8,
        9,
        10,
        12,
        13,
        14,
        15
      ],
      [],
      [
        0,
        1,
        2,
        3,
        4,
        5,
        7,
        8,
        9,
        10,
        12,
        14,
        15
      ],
      [
        0,
        1,
        2,
        3,
        4,
        5,
        7,
        8,
        9,
        10,
        12
      ],
      [
        0,
        1,
        2,
        3,
        4,
        5,
        7,
        8,
        9,
        10,
        12,
        14
      ]
    ],
    "behind": [
      [
        1,
        2,
        6,
        8,
        9,
        11,
        13,
        14,
        15
      ],
      [
        6,
        8,
        11,
        13,
        14,
        15
      ],
      [
        1,
        6,
        8,
        11,
        13,
        14,
        15
      ],
      [
        0,
        1,
        2,
        4,
        5,
        6,
        7,
        8,
        9,
        10,
        11,
        13,
        14,
        15
      ],
      [
        0,
        1,
        2,
        5,
        6,
        7,
        8,
        9,
        10,
        11,
        13,
        14,
        15
      ],
      [
        0,
        1,
        2,
        6,
        8,
        9,
        11,
        13,
        14,
        15
      ],
      [],
      [
        0,
        1,
        2,
        5,
        6,
        8,
        9,
        10,
        11,
        13,
        14,
        15
      ],
      [
        6,
        11,
        13,
        14,
        15
      ],
      [
        1,
        2,
        6,
        8,
        11,
        13,
        14,
        15
      ],
      [
        0,
        1,
        2,
        5,
        6,
        8,
        9,
        11,
        13,
        14,
        15
      ],
      [
        6
      ],
      [
        0,
        1,
        2,
        3,
        4,
        5,
        6,
        7,
        8,
        9,
        10,
        11,
        13,
        14,
        15
      ],
      [
        6,
        11
      ],
      [
        6,
        11,
        13,
        15
      ],
      [
        6,
        11,
        13
      ]
    ]
  },
  "objects": [
    {
      "3d_coords": [
        1.699299931526184,
        1.4403350353240967,
        0.30000001192092896
      ],
      "rotation": 186.9065469250215,
      "size": "large",
      "pixel_coords": [
        460,
        233,
        11.021374702453613
      ],
      "color": "blue",
      "shape": "sphere",
      "material": "rubber"
    },
    {
      "3d_coords": [
        -0.6919228434562683,
        0.2334902435541153,
        0.30000001192092896
      ],
      "rotation": 296.3780199097311,
      "size": "small",
      "pixel_coords": [
        303,
        205,
        11.876381874084473
      ],
      "color": "yellow",
      "shape": "sphere",
      "material": "rubber"
    },
    {
      "3d_coords": [
        1.8403557538986206,
        2.772871255874634,
        0.30000001192092896
      ],
      "rotation": 301.76582770316696,
      "size": "large",