{
  "directions": {
    "below": [
      -0.0,
      -0.0,
      -1.0
    ],
    "above": [
      0.0,
      0.0,
      1.0
    ],
    "behind": [
      -0.754490315914154,
      0.6563112735748291,
      0.0
    ],
    "left": [
      -0.6563112735748291,
      -0.7544902563095093,
      0.0
    ],
    "right": [
      0.6563112735748291,
      0.7544902563095093,
      -0.0
    ],
    "front": [
      0.754490315914154,
      -0.6563112735748291,
      -0.0
    ]
  },
  "relationships": {
    "left": [
      [
        10
      ],
      [
        0,
        7,
        10
      ],
      [
        0,
        1,
        7,
        10,
        15
      ],
      [
        0,
        1,
        2,
        4,
        5,
        7,
        10,
        13,
        15
      ],
      [
        0,
        1,
        2,
        5,
        7,
        10,
        13,
        15
      ],
      [
        0,
        1,
        2,
        7,
        10,
        15
      ],
      [
        0,
        1,
        2,
        3,
        4,
        5,
        7,
        8,
        9,
        10,
        12,
        13,
        14,
        15
      ],
      [
        0,
        10
      ],
      [
        0,
        1,
        2,
        3,
        4,
        5,
        7,
        10,
        13,
        14,
        15
      ],
      [
        0,
        1,
        2,
        3,
        4,
        5,
        7,
        8,
        10,
        12,
        13,
        14,
        15
      ],
      [],
      [
        0,
        1,
        2,
        3,
        4,
        5,
        6,
        7,
        8,
        9,
        10,
        12,
        13,
        14,
        15
      ],
      [
        0,
        1,
        2,
        3,
        4,
        5,
        7,
        8,
        10,
        13,
        14,
        15
      ],
      [
        0,
        1,
        2,
        5,
        7,
        10,
        15
      ],
      [
        0,
        1,
        2,
        3,
        4,
        5,
        7,
        10,
        13,
        15
      ],
      [
        0,
        1,
        7,
        10
      ]
    ],
    "right": [
      [
        1,
        2,
        3,
        4,
        5,
        6,
        7,
        8,
        9,
        11,
        12,
        13,
        14,
        15
      ],
      [
        2,
        3,
        4,
        5,
        6,
        8,
        9,
        11,
        12,
        13,
        14,
        15
      ],
      [
        3,
        4,
        5,
        6,
        8,
        9,
        11,
        12,
        13,
        14
      ],
      [
        6,
        8,
        9,
        11,
        12,
        14
      ],
      [
        3,
        6,
        8,
        9,
        11,
        12,
        14
      ],
      [
        3,
        4,
        6,
        8,
        9,
        11,
        12,
        13,
        14
      ],
      [
        11
      ],
      [
        1,
        2,
        3,
        4,
        5,
        6,
        8,
        9,
        11,
        12,
        13,
        14,
        15
      ],
      [
        6,
        9,
        11,
        12
      ],
      [
        6,
        11
      ],
      [
        0,
        1,
        2,
        3,
        4,
        5,
        6,
        7,
        8,
        9,
        11,
        12,
        13,
        14,
        15
      ],
      [],
      [
        6,
        9,
        11
      ],
      [
        3,
        4,
        6,
        8,
        9,
        11,
        12,
        14
      ],
      [
        6,
        8,
        9,
        11,
        12
      ],
      [
        2,
        3,
        4,
        5,
        6,
        8,
        9,
        11,
        12,
        13,
        14
      ]
    ],
    "front": [
      [
        2,
        3,
        4,
        5,
        6,
        7,
        9,
        10,
        11,
        12,
        14,
        15
      ],
      [
        0,
        2,
        3,
        4,
        5,
        6,
        7,
        9,
        10,
        11,
        12,
        13,
        14,
        15
      ],
      [
        3,
        4,
        5,
        6,
        7,
        9,
        10,
        11,
        12,
        14,
        15
      ],
      [
        4,
        9,
        15
      ],
      [],
      [
        3,
        4,
        6,
        7,
        9,
        10,
        11,
        12,
        14,
        15
      ],
      [
        3,
        4,
        7,
        9,
        10,
        11,
        12,
        14,
        15
      ],
      [
        3,
        4,
        9,
        10,
        11,
        12,
        15
      ],
      [
        0,
        1,
        2,
        3,
        4,
        5,
        6,
        7,
        9,
        10,
        11,
        12,
        13,
        14,
        15
      ],
      [
        4,
        15
      ],
      [
        3,
        4,
        9,
        11,
        12,
        15
      ],
      [
        3,
        4,
        9,
        12,
        15
      ],
      [
        3,
        4,
        9,
        15
      ],
      [
        0,
        2,
        3,
        4,
        5,
        6,
        7,
        9,
        10,
        11,
        12,
        14,
        15
      ],
      [
        3,
        4,
        7,
        9,
        10,
        11,
        12,
        15
      ],
      [
        4
      ]
    ],
    "behind": [
      [
        1,
        8,
        13
      ],
      [
        8
      ],
      [
        0,
        1,
        8,
        13
      ],
      [
        0,
        1,
        2,
        5,
        6,
        7,
        8,
        10,
        11,
        12,
        13,
        14
      ],
      [
        0,
        1,
        2,
        3,
        5,
        6,
        7,
        8,
        9,
        10,
        11,
        12,
        13,
        14,
        15
      ],
      [
        0,
        1,
        2,
        8,
        13
      ],
      [
        0,
        1,
        2,
        5,
        8,
        13
      ],
      [
        0,
        1,
        2,
        5,
        6,
        8,
        13,
        14
      ],
      [],
      [
        0,
        1,
        2,
        3,
        5,
        6,
        7,
        8,
        10,
        11,
        12,
        13,
        14
      ],
      [
        0,
        1,
        2,
        5,
        6,
        7,
        8,
        13,
        14
      ],
      [
        0,
        1,
        2,
        5,
        6,
        7,
        8,
        10,
        13,
        14
      ],
      [
        0,
        1,
        2,
        5,
        6,
        7,
        8,
        10,
        11,
        13,
        14
      ],
      [
        1,
        8
      ],
      [
        0,
        1,
        2,
        5,
        6,
        8,
        13
      ],
      [
        0,
        1,
        2,
        3,
        5,
        6,
        7,
        8,
        9,
        10,
        11,
        12,
        13,
        14
      ]
    ]
  },
  "objects": [
    {
      "3d_coords": [
        -2.9806106090545654,
        -0.595899224281311,
        0.30000001192092896
      ],
      "rotation": 279.6534223449991,
      "size": "small",
      "pixel_coords": [
        183,
        177,
        12.387216567993164
      ],
      "color": "red",
      "shape": "cylinder",
      "material": "rubber"
    },
    {
      "3d_coords": [
        -2.8257884979248047,
        0.6870154738426208,
        0.30000001192092896
      ],
      "rotation": 20.94391546981379,
      "size": "small",
      "pixel_coords": [
        246,
        161,
        13.040558815002441
      ],
      "color": "yellow",
      "shape": "sphere",
      "material": "rubber"
    },
    {
      "3d_coords": [
        -1.6974916458129883,
        0.40155336260795593,
        0.30000001192092896
      ],
      "rotation": 84.91894545975516,
      "size": "large",