{
  "directions": {
    "below": [
      -0.0,
      -0.0,
      -1.0
    ],
    "above": [
      0.0,
      0.0,
      1.0
    ],
    "behind": [
      -0.754490315914154,
      0.6563112735748291,
      0.0
    ],
    "left": [
      -0.6563112735748291,
      -0.7544902563095093,
      0.0
    ],
    "right": [
      0.6563112735748291,
      0.7544902563095093,
      -0.0
    ],
    "front": [
      0.754490315914154,
      -0.6563112735748291,
      -0.0
    ]
  },
  "relationships": {
    "left": [
      [],
      [
        0,
        12,
        14,
        15
      ],
      [
        0,
        1,
        3,
        4,
        6,
        9,
        11,
        12,
        14,
        15
      ],
      [
        0,
        1,
        4,
        11,
        12,
        14,
        15
      ],
      [
        0,
        1,
        12,
        14,
        15
      ],
      [
        0,
        1,
        2,
        3,
        4,
        6,
        8,
        9,
        10,
        11,
        12,
        13,
        14,
        15
      ],
      [
        0,
        1,
        3,
        4,
        11,
        12,
        14,
        15
      ],
      [
        0,
        1,
        2,
        3,
        4,
        5,
        6,
        8,
        9,
        10,
        11,
        12,
        13,
        14,
        15
      ],
      [
        0,
        1,
        2,
        3,
        4,
        6,
        9,
        11,
        12,
        13,
        14,
        15
      ],
      [
        0,
        1,
        3,
        4,
        6,
        11,
        12,
        14,
        15
      ],
      [
        0,
        1,
        2,
        3,
        4,
        6,
        8,
        9,
        11,
        12,
        13,
        14,
        15
      ],
      [
        0,
        1,
        4,
        12,
        14,
        15
      ],
      [
        0
      ],
      [
        0,
        1,
        2,
        3,
        4,
        6,
        9,
        11,
        12,
        14,
        15
      ],
      [
        0,
        12,
        15
      ],
      [
        0,
        12
      ]
    ],
    "right": [
      [
        1,
        2,
        3,
        4,
        5,
        6,
        7,
        8,
        9,
        10,
        11,
        12,
        13,
        14,
        15
      ],
      [
        2,
        3,
        4,
        5,
        6,
        7,
        8,
        9,
        10,
        11,
        13
      ],
      [
        5,
        7,
        8,
        10,
        13
      ],
      [
        2,
        5,
        6,
        7,
        8,
        9,
        10,
        13
      ],
      [
        2,
        3,
        5,
        6,
        7,
        8,
        9,
        10,
        11,
        13
      ],
      [
        7
      ],
      [
        2,
        5,
        7,
        8,
        9,
        10,
        13
      ],
      [],
      [
        5,
        7,
        10
      ],
      [
        2,
        5,
        7,
        8,
        10,
        13
      ],
      [
        5,
        7
      ],
      [
        2,
        3,
        5,
        6,
        7,
        8,
        9,
        10,
        13
      ],
      [
        1,
        2,
        3,
        4,
        5,
        6,
        7,
        8,
        9,
        10,
        11,
        13,
        14,
        15
      ],
      [
        5,
        7,
        8,
        10
      ],
      [
        1,
        2,
        3,
        4,
        5,
        6,
        7,
        8,
        9,
        10,
        11,
        13
      ],
      [
        1,
        2,
        3,
        4,
        5,
        6,
        7,
        8,
        9,
        10,
        11,
        13,
        14
      ]
    ],
    "front": [
      [
        1,
        3,
        6,
        10,
        11,
        14,
        15
      ],
      [
        6,
        11,
        14
      ],
      [
        0,
        1,
        3,
        4,
        5,
        6,
        7,
        8,
        9,
        10,
        11,
        12,
        13,
        14,
        15
      ],
      [
        1,
        6,
        10,
        11,
        14,
        15
      ],
      [
        0,
        1,
        3,
        5,
        6,
        7,
        9,
        10,
        11,
        12,
        13,
        14,
        15
      ],
      [
        0,
        1,
        3,
        6,
        7,
        10,
        11,
        12,
        13,
        14,
        15
      ],
      [
        11
      ],
      [
        0,
        1,
        3,
        6,
        10,
        11,
        14,
        15
      ],
      [
        0,
        1,
        3,
        4,
        5,
        6,
        7,
        9,
        10,
        11,
        12,
        13,
        14,
        15
      ],
      [
        0,
        1,
        3,
        5,
        6,
        7,
        10,
        11,
        12,
        13,
        14,
        15
      ],
      [
        1,
        6,
        11,
        14
      ],
      [],
      [
        0,
        1,
        3,
        6,
        7,
        10,
        11,
        14,
        15
      ],
      [
        0,
        1,
        3,
        6,
        7,
        10,
        11,
        12,
        14,
        15
      ],
      [
        6,
        11
      ],
      [
        1,
        6,
        10,
        11,
        14
      ]
    ],
    "behind": [
      [
        2,
        4,
        5,
        7,
        8,
        9,
        12,
        13
      ],
      [
        0,
        2,
        3,
        4,
        5,
        7,
        8,
        9,
        10,
        12,
        13,
        15
      ],
      [],
      [
        0,
        2,
        4,
        5,
        7,
        8,
        9,
        12,
        13
      ],
      [
        2,
        8
      ],
      [
        2,
        4,
        8,
        9
      ],
      [
        0,
        1,
        2,
        3,
        4,
        5,
        7,
        8,
        9,
        10,
        12,
        13,
        14,
        15
      ],
      [
        2,
        4,
        5,
        8,
        9,
        12,
        13
      ],
      [
        2
      ],
      [
        2,
        4,
        8
      ],
      [
        0,
        2,
        3,
        4,
        5,
        7,
        8,
        9,
        12,
        13,
        15
      ],
      [
        0,
        1,
        2,
        3,
        4,
        5,
        6,
        7,
        8,
        9,
        10,
        12,
        13,
        14,
        15
      ],
      [
        2,
        4,
        5,
        8,
        9,
        13
      ],
      [
        2,
        4,
        5,
        8,
        9
      ],
      [
        0,
        1,
        2,
        3,
        4,
        5,
        7,
        8,
        9,
        10,
        12,
        13,
        15
      ],
      [
        0,
        2,
        3,
        4,
        5,
        7,
        8,
        9,
        12,
        13
      ]
    ]
  },
  "objects": [
    {
      "3d_coords": [
        -1.0624033212661743,
        -1.9879302978515625,
        0.30000001192092896
      ],
      "rotation": 225.28006366320258,
      "size": "small",
      "pixel_coords": [
        171,
        238,
        10.39395809173584
      ],
      "color": "gray",
      "shape": "cube",
      "material": "rubber"
    },
    {
      "3d_coords": [
        0.773077130317688,
        -2.023632764816284,
        0.30000001192092896
      ],
      "rotation": 223.13853937645086,
      "size": "large",
      "pixel_coords": [
        239,
        292,
        9.148107528686523
      ],
      "color": "cyan",
      "shape": "cylinder",
      "material": "rubber"
    },
    {
      "3d_coords": [
        -1.8227473497390747,
        2.9852256774902344,
        0.30000001192092896
      ],
      "rotation": 62.06712902541441,
      "size": "large",