{
  "directions": {
    "below": [
      -0.0,
      -0.0,
      -1.0
    ],
    "above": [
      0.0,
      0.0,
      1.0
    ],
    "behind": [
      -0.754490315914154,
      0.6563112735748291,
      0.0
    ],
    "left": [
      -0.6563112735748291,
      -0.7544902563095093,
      0.0
    ],
    "right": [
      0.6563112735748291,
      0.7544902563095093,
      -0.0
    ],
    "front": [
      0.754490315914154,
      -0.6563112735748291,
      -0.0
    ]
  },
  "relationships": {
    "left": [
      [
        2,
        6,
        7,
        9,
        10,
        12,
        13
      ],
      [
        0,
        2,
        6,
        7,
        9,
        10,
        12,
        13,
        14
      ],
      [
        10,
        12,
        13
      ],
      [
        0,
        1,
        2,
        5,
        6,
        7,
        9,
        10,
        11,
        12,
        13,
        14
      ],
      [
        0,
        1,
        2,
        3,
        5,
        6,
        7,
        9,
        10,
        11,
        12,
        13,
        14
      ],
      [
        0,
        1,
        2,
        6,
        7,
        9,
        10,
        11,
        12,
        13,
        14
      ],
      [
        2,
        9,
        10,
        12,
        13
      ],
      [
        2,
        6,
        9,
        10,
        12,
        13
      ],
      [
        0,
        1,
        2,
        3,
        4,
        5,
        6,
        7,
        9,
        10,
        11,
        12,
        13,
        14,
        15
      ],
      [
        2,
        10,
        12,
        13
      ],
      [],
      [
        0,
        1,
        2,
        6,
        7,
        9,
        10,
        12,
        13,
        14
      ],
      [
        10,
        13
      ],
      [
        10
      ],
      [
        0,
        2,
        6,
        7,
        9,
        10,
        12,
        13
      ],
      [
        0,
        1,
        2,
        3,
        4,
        5,
        6,
        7,
        9,
        10,
        11,
        12,
        13,
        14
      ]
    ],
    "right": [
      [
        1,
        3,
        4,
        5,
        8,
        11,
        14,
        15
      ],
      [
        3,
        4,
        5,
        8,
        11,
        15
      ],
      [
        0,
        1,
        3,
        4,
        5,
        6,
        7,
        8,
        9,
        11,
        14,
        15
      ],
      [
        4,
        8,
        15
      ],
      [
        8,
        15
      ],
      [
        3,
        4,
        8,
        15
      ],
      [
        0,
        1,
        3,
        4,
        5,
        7,
        8,
        11,
        14,
        15
      ],
      [
        0,
        1,
        3,
        4,
        5,
        8,
        11,
        14,
        15
      ],
      [],
      [
        0,
        1,
        3,
        4,
        5,
        6,
        7,
        8,
        11,
        14,
        15
      ],
      [
        0,
        1,
        2,
        3,
        4,
        5,
        6,
        7,
        8,
        9,
        11,
        12,
        13,
        14,
        15
      ],
      [
        3,
        4,
        5,
        8,
        15
      ],
      [
        0,
        1,
        2,
        3,
        4,
        5,
        6,
        7,
        8,
        9,
        11,
        14,
        15
      ],
      [
        0,
        1,
        2,
        3,
        4,
        5,
        6,
        7,
        8,
        9,
        11,
        12,
        14,
        15
      ],
      [
        1,
        3,
        4,
        5,
        8,
        11,
        15
      ],
      [
        8
      ]
    ],
    "front": [
      [],
      [
        0,
        2,
        3,
        9,
        10,
        11,
        15
      ],
      [
        0,
        11
      ],
      [
        0,
        2,
        9,
        11
      ],
      [
        0,
        1,
        2,
        3,
        6,
        8,
        9,
        10,
        11,
        12,
        13,
        15
      ],
      [
        0,
        1,
        2,
        3,
        4,
        6,
        7,
        8,
        9,
        10,
        11,
        12,
        13,
        14,
        15
      ],
      [
        0,
        1,
        2,
        3,
        8,
        9,
        10,
        11,
        13,
        15
      ],
      [
        0,
        1,
        2,
        3,
        4,
        6,
        8,
        9,
        10,
        11,
        12,
        13,
        14,
        15
      ],
      [
        0,
        1,
        2,
        3,
        9,
        10,
        11,
        15
      ],
      [
        0,
        2,
        11
      ],
      [
        0,
        2,
        3,
        9,
        11,
        15
      ],
      [
        0
      ],
      [
        0,
        1,
        2,
        3,
        6,
        8,
        9,
        10,
        11,
        13,
        15
      ],
      [
        0,
        1,
        2,
        3,
        8,
        9,
        10,
        11,
        15
      ],
      [
        0,
        1,
        2,
        3,
        4,
        6,
        8,
        9,
        10,
        11,
        12,
        13,
        15
      ],
      [
        0,
        2,
        3,
        9,
        11
      ]
    ],
    "behind": [
      [
        1,
        2,
        3,
        4,
        5,
        6,
        7,
        8,
        9,
        10,
        11,
        12,
        13,
        14,
        15
      ],
      [
        4,
        5,
        6,
        7,
        8,
        12,
        13,
        14
      ],
      [
        1,
        3,
        4,
        5,
        6,
        7,
        8,
        9,
        10,
        12,
        13,
        14,
        15
      ],
      [
        1,
        4,
        5,
        6,
        7,
        8,
        10,
        12,
        13,
        14,
        15
      ],
      [
        5,
        7,
        14
      ],
      [],
      [
        4,
        5,
        7,
        12,
        14
      ],
      [
        5
      ],
      [
        4,
        5,
        6,
        7,
        12,
        13,
        14
      ],
      [
        1,
        3,
        4,
        5,
        6,
        7,
        8,
        10,
        12,
        13,
        14,
        15
      ],
      [
        1,
        4,
        5,
        6,
        7,
        8,
        12,
        13,
        14
      ],
      [
        1,
        2,
        3,
        4,
        5,
        6,
        7,
        8,
        9,
        10,
        12,
        13,
        14,
        15
      ],
      [
        4,
        5,
        7,
        14
      ],
      [
        4,
        5,
        6,
        7,
        12,
        14
      ],
      [
        5,
        7
      ],
      [
        1,
        4,
        5,
        6,
        7,
        8,
        10,
        12,
        13,
        14
      ]
    ]
  },
  "objects": [
    {
      "3d_coords": [
        2.640964984893799,
        -2.162240982055664,
        0.30000001192092896
      ],
      "rotation": 286.56066841151596,
      "size": "small",
      "pixel_coords": [
        330,
        365,
        8.140909194946289
      ],
      "color": "gray",
      "shape": "cylinder",
      "material": "rubber"
    },
    {
      "3d_coords": [
        0.6838938593864441,
        0.22835616767406464,
        0.30000001192092896
      ],
      "rotation": 221.57412854259655,
      "size": "large",
      "pixel_coords": [
        360,
        235,
        10.775314331054688
      ],
      "color": "gray",
      "shape": "cube",
      "material": "rubber"
    },
    {
      "3d_coords": [
        0.8690521121025085,
        -2.8730576038360596,
        0.30000001192092896
      ],
      "rotation": 269.10236622816956,
      "size": "small",