{
  "directions": {
    "above": [
      0.0,
      0.0,
      1.0
    ],
    "left": [
      -0.6563112735748291,
      -0.7544902563095093,
      0.0
    ],
    "front": [
      0.754490315914154,
      -0.6563112735748291,
      -0.0
    ],
    "below": [
      -0.0,
      -0.0,
      -1.0
    ],
    "behind": [
      -0.754490315914154,
      0.6563112735748291,
      0.0
    ],
    "right": [
      0.6563112735748291,
      0.7544902563095093,
      -0.0
    ]
  },
  "image_filename": "CLEVR_new_001014.png",
  "image_index": 1014,
  "relationships": {
    "front": [
      [
        2
      ],
      [
        0,
        2
      ],
      [],
      [
        0,
        1,
        2,
        5,
        6,
        8
      ],
      [
        0,
        1,
        2,
        3,
        5,
        6,
        7,
        8
      ],
      [
        0,
        1,
        2,
        6
      ],
      [
        0,
        1,
        2
      ],
      [
        0,
        1,
        2,
        3,
        5,
        6,
        8
      ],
      [
        0,
        1,
        2,
        5,
        6
      ],
      [
        0,
        1,
        2,
        3,
        4,
        5,
        6,
        7,
        8
      ]
    ],
    "left": [
      [
        1,
        3
      ],
      [
        3
      ],
      [
        0,
        1,
        3,
        4,
        6
      ],
      [],
      [
        0,
        1,
        3,
        6
      ],
      [
        0,
        1,
        2,
        3,
        4,
        6,
        7,
        8,
        9
      ],
      [
        0,
        1,
        3
      ],
      [
        0,
        1,
        2,
        3,
        4,
        6,
        9
      ],
      [
        0,
        1,
        2,
        3,
        4,
        6,
        7,
        9
      ],
      [
        0,
        1,
        2,
        3,
        4,
        6
      ]
    ],
    "behind": [
      [
        1,
        3,
        4,
        5,
        6,
        7,
        8,
        9
      ],
      [
        3,
        4,
        5,
        6,
        7,
        8,
        9
      ],
      [
        0,
        1,
        3,
        4,
        5,
        6,
        7,
        8,
        9
      ],
      [
        4,
        7,
        9
      ],
      [
        9
      ],
      [
        3,
        4,
        7,
        8,
        9
      ],
      [
        3,
        4,
        5,
        7,
        8,
        9
      ],
      [
        4,
        9
      ],
      [
        3,
        4,
        7,
        9
      ],
      []
    ],
    "right": [
      [
        2,
        4,
        5,
        6,
        7,
        8,
        9
      ],
      [
        0,
        2,
        4,
        5,
        6,
        7,
        8,
        9
      ],
      [
        5,
        7,
        8,
        9
      ],
      [
        0,
        1,
        2,
        4,
        5,
        6,
        7,
        8,
        9
      ],
      [
        2,
        5,
        7,
        8,
        9
      ],
      [],
      [
        2,
        4,
        5,
        7,
        8,
        9
      ],
      [
        5,
        8
      ],
      [
        5
      ],
      [
        5,
        7,
        8
      ]
    ]
  },
  "split": "new",
  "objects": [
    {
      "3d_coords": [
        0.9773393869400024,
        -2.504673719406128,
        0.30000001192092896
      ],
      "rotation": 317.0814124049563,
      "color": "brown",
      "shape": "sphere",
      "pixel_coords": [
        229,
        296,
        9.461446762084961
      ],
      "material": "rubber",
      "size": "large"
    },
    {
      "3d_coords": [
        -0.5690287947654724,
        -2.200460433959961,
        0.30000001192092896
      ],
      "rotation": 196.77302116760285,
      "color": "cyan",
      "shape": "cube",
      "pixel_coords": [
        187,
        251,
        10.690120697021484
      ],
      "material": "rubber",
      "size": "small"
    },
    {
      "3d_coords": [
        2.5170083045959473,
        -1.6099982261657715,
        0.30000001192092896
      ],
      "rotation": 206.60362567485862,
      "color": "cyan",
      "shape": "cylinder",
      "pixel_coords": [
        356,
        318,
        8.952226638793945
      ],
      "material": "rubber",
      "size": "small"
    },
    {
      "3d_coords": [
        -2.82817006111145,
        -1.0119472742080688,
        0.30000001192092896
      ],
      "rotation": 144.33138019357773,
      "color": "green",
      "shape": "cylinder",
      "pixel_coords": [
        178,
        191,
        12.928837776184082
      ],
      "material": "rubber",
      "size": "large"
    },
    {
      "3d_coords": [
        -2.182645082473755,
        1.9645113945007324,
        0.30000001192092896
      ],
      "rotation": 148.63487490714775,
      "color": "gray",
      "shape": "cylinder",
      "pixel_coords": [
        322,
        165,
        14.266570091247559
      ],
      "material": "rubber",
      "size": "large"
    },
    {
      "3d_coords": [
        1.854366660118103,
        2.1830103397369385,
        0.30000001192092896
      ],
      "rotation": 6.664971998496263,
      "color": "cyan",
      "shape": "cylinder",
      "pixel_coords": [
        492,
        222,
        11.662826538085938
      ],
      "material": "rubber",
      "size": "small"
    },
    {
      "3d_coords": [
        -0.33997905254364014,
        -0.7358083724975586,
        0.30000001192092896
      ],
      "rotation": 274.5748332238037,
      "color": "gray",
      "shape": "cube",
      "pixel_coords": [
        272,
        230,
        11.408393859863281
      ],
      "material": "rubber",
      "size": "large"
    },
    {
      "3d_coords": [
        -0.8792104125022888,
        2.7084848880767822,
        0.30000001192092896
      ],
      "rotation": 320.26781142919475,
      "color": "blue",
      "shape": "cylinder",
      "pixel_coords": [
        393,
        173,
        13.827471733093262
      ],
      "material": "rubber",
      "size": "large"
    },
    {
      "3d_coords": [
        1.0312732458114624,
        2.1908583641052246,
        0.30000001192092896
      ],
      "rotation": 26.75543400258593,
      "color": "green",
      "shape": "cube",
      "pixel_coords": [
        453,
        208,
        12.22494125366211
      ],
      "material": "rubber",
      "size": "small"
    },
    {
      "3d_coords": [
        -2.0168583393096924,
        2.849189043045044,
        0.30000001192092896
      ],
      "rotation": 16.725883586393508,
      "color": "brown",
      "shape": "cylinder",
      "pixel_coords": [
        358,
        157,
        14.681839942932129
      ],
      "material": "rubber",
      "size": "large"
    }
  ]
}