{
  "directions": {
    "above": [
      0.0,
      0.0,
      1.0
    ],
    "left": [
      -0.6563112735748291,
      -0.7544902563095093,
      0.0
    ],
    "front": [
      0.754490315914154,
      -0.6563112735748291,
      -0.0
    ],
    "below": [
      -0.0,
      -0.0,
      -1.0
    ],
    "behind": [
      -0.754490315914154,
      0.6563112735748291,
      0.0
    ],
    "right": [
      0.6563112735748291,
      0.7544902563095093,
      -0.0
    ]
  },
  "image_filename": "CLEVR_new_001005.png",
  "image_index": 1005,
  "relationships": {
    "front": [
      [
        1,
        2,
        3,
        5,
        6,
        7,
        8
      ],
      [
        2,
        3,
        5,
        6,
        7,
        8
      ],
      [
        3,
        5,
        7,
        8
      ],
      [
        7
      ],
      [
        0,
        1,
        2,
        3,
        5,
        6,
        7,
        8
      ],
      [
        3,
        7,
        8
      ],
      [
        2,
        3,
        5,
        7,
        8
      ],
      [],
      [
        3,
        7
      ],
      [
        0,
        1,
        2,
        3,
        4,
        5,
        6,
        7,
        8
      ]
    ],
    "left": [
      [
        1,
        8
      ],
      [],
      [
        0,
        1,
        3,
        4,
        7,
        8,
        9
      ],
      [
        0,
        1,
        4,
        7,
        8,
        9
      ],
      [
        0,
        1,
        7,
        8,
        9
      ],
      [
        0,
        1,
        2,
        3,
        4,
        7,
        8,
        9
      ],
      [
        0,
        1,
        2,
        3,
        4,
        5,
        7,
        8,
        9
      ],
      [
        0,
        1,
        8
      ],
      [
        1
      ],
      [
        0,
        1,
        7,
        8
      ]
    ],
    "behind": [
      [
        4,
        9
      ],
      [
        0,
        4,
        9
      ],
      [
        0,
        1,
        4,
        6,
        9
      ],
      [
        0,
        1,
        2,
        4,
        5,
        6,
        8,
        9
      ],
      [
        9
      ],
      [
        0,
        1,
        2,
        4,
        6,
        9
      ],
      [
        0,
        1,
        4,
        9
      ],
      [
        0,
        1,
        2,
        3,
        4,
        5,
        6,
        8,
        9
      ],
      [
        0,
        1,
        2,
        4,
        5,
        6,
        9
      ],
      []
    ],
    "right": [
      [
        2,
        3,
        4,
        5,
        6,
        7,
        9
      ],
      [
        0,
        2,
        3,
        4,
        5,
        6,
        7,
        8,
        9
      ],
      [
        5,
        6
      ],
      [
        2,
        5,
        6
      ],
      [
        2,
        3,
        5,
        6
      ],
      [
        6
      ],
      [],
      [
        2,
        3,
        4,
        5,
        6,
        9
      ],
      [
        0,
        2,
        3,
        4,
        5,
        6,
        7,
        9
      ],
      [
        2,
        3,
        4,
        5,
        6
      ]
    ]
  },
  "split": "new",
  "objects": [
    {
      "3d_coords": [
        -1.7377225160598755,
        0.20921935141086578,
        0.30000001192092896
      ],
      "rotation": 260.18359223854037,
      "color": "red",
      "shape": "sphere",
      "pixel_coords": [
        260,
        187,
        12.2550630569458
      ],
      "material": "rubber",
      "size": "small"
    },
    {
      "3d_coords": [
        -2.5255258083343506,
        -2.6881279945373535,
        0.30000001192092896
      ],
      "rotation": 0.24074549388871436,
      "color": "yellow",
      "shape": "cube",
      "pixel_coords": [
        85,
        224,
        11.00184440612793
      ],
      "material": "rubber",
      "size": "large"
    },
    {
      "3d_coords": [
        1.544448733329773,
        1.076037049293518,
        0.30000001192092896
      ],
      "rotation": 216.2049751404906,
      "color": "yellow",
      "shape": "sphere",
      "pixel_coords": [
        441,
        235,
        10.692800521850586
      ],
      "material": "rubber",
      "size": "small"
    },
    {
      "3d_coords": [
        2.489698886871338,
        -0.506553053855896,
        0.30000001192092896
      ],
      "rotation": 137.5892195499815,
      "color": "gray",
      "shape": "sphere",
      "pixel_coords": [
        423,
        299,
        9.133573532104492
      ],
      "material": "rubber",
      "size": "small"
    },
    {
      "3d_coords": [
        -0.6882699131965637,
        1.7773041725158691,
        0.30000001192092896
      ],
      "rotation": 13.973610954474264,
      "color": "brown",
      "shape": "sphere",
      "pixel_coords": [
        365,
        179,
        12.537117004394531
      ],
      "material": "rubber",
      "size": "large"
    },
    {
      "3d_coords": [
        2.627143383026123,
        1.4028682708740234,
        0.30000001192092896
      ],
      "rotation": 98.38444600263836,
      "color": "brown",
      "shape": "cylinder",
      "pixel_coords": [
        514,
        253,
        10.202213287353516
      ],
      "material": "rubber",
      "size": "small"
    },
    {
      "3d_coords": [
        2.2156991958618164,
        2.3493378162384033,
        0.30000001192092896
      ],
      "rotation": 271.82030721361235,
      "color": "purple",
      "shape": "sphere",
      "pixel_coords": [
        525,
        223,
        11.036871910095215
      ],
      "material": "rubber",
      "size": "small"
    },
    {
      "3d_coords": [
        2.271904468536377,
        -2.9190261363983154,
        0.30000001192092896
      ],
      "rotation": 23.896352969927438,
      "color": "cyan",
      "shape": "cube",
      "pixel_coords": [
        271,
        373,
        7.811459541320801
      ],
      "material": "rubber",
      "size": "small"
    },
    {
      "3d_coords": [
        -0.1498430073261261,
        -2.7411632537841797,
        0.30000001192092896
      ],
      "rotation": 173.83383722813866,
      "color": "blue",
      "shape": "sphere",
      "pixel_coords": [
        165,
        284,
        9.459085464477539
      ],
      "material": "rubber",
      "size": "small"
    },
    {
      "3d_coords": [
        -2.29731822013855,
        2.6904778480529785,
        0.30000001192092896
      ],
      "rotation": 282.31765163473716,
      "color": "gray",
      "shape": "cylinder",
      "pixel_coords": [
        338,
        143,
        14.113149642944336
      ],
      "material": "rubber",
      "size": "small"
    }
  ]
}