{
  "directions": {
    "below": [
      -0.0,
      -0.0,
      -1.0
    ],
    "above": [
      0.0,
      0.0,
      1.0
    ],
    "behind": [
      -0.754490315914154,
      0.6563112735748291,
      0.0
    ],
    "left": [
      -0.6563112735748291,
      -0.7544902563095093,
      0.0
    ],
    "right": [
      0.6563112735748291,
      0.7544902563095093,
      -0.0
    ],
    "front": [
      0.754490315914154,
      -0.6563112735748291,
      -0.0
    ]
  },
  "relationships": {
    "left": [
      [
        1,
        3,
        5,
        6,
        7,
        8,
        11,
        13,
        14,
        15
      ],
      [
        3,
        5,
        6,
        7,
        8,
        11,
        13,
        14,
        15
      ],
      [
        0,
        1,
        3,
        5,
        6,
        7,
        8,
        10,
        11,
        12,
        13,
        14,
        15
      ],
      [
        5,
        6,
        7,
        8,
        11,
        13,
        15
      ],
      [
        0,
        1,
        2,
        3,
        5,
        6,
        7,
        8,
        10,
        11,
        12,
        13,
        14,
        15
      ],
      [],
      [
        5,
        13,
        15
      ],
      [
        5,
        6,
        11,
        13,
        15
      ],
      [
        5,
        6,
        7,
        11,
        13,
        15
      ],
      [
        0,
        1,
        2,
        3,
        4,
        5,
        6,
        7,
        8,
        10,
        11,
        12,
        13,
        14,
        15
      ],
      [
        0,
        1,
        3,
        5,
        6,
        7,
        8,
        11,
        13,
        14,
        15
      ],
      [
        5,
        6,
        13,
        15
      ],
      [
        0,
        1,
        3,
        5,
        6,
        7,
        8,
        10,
        11,
        13,
        14,
        15
      ],
      [
        5,
        15
      ],
      [
        3,
        5,
        6,
        7,
        8,
        11,
        13,
        15
      ],
      [
        5
      ]
    ],
    "right": [
      [
        2,
        4,
        9,
        10,
        12
      ],
      [
        0,
        2,
        4,
        9,
        10,
        12
      ],
      [
        4,
        9
      ],
      [
        0,
        1,
        2,
        4,
        9,
        10,
        12,
        14
      ],
      [
        9
      ],
      [
        0,
        1,
        2,
        3,
        4,
        6,
        7,
        8,
        9,
        10,
        11,
        12,
        13,
        14,
        15
      ],
      [
        0,
        1,
        2,
        3,
        4,
        7,
        8,
        9,
        10,
        11,
        12,
        14
      ],
      [
        0,
        1,
        2,
        3,
        4,
        8,
        9,
        10,
        12,
        14
      ],
      [
        0,
        1,
        2,
        3,
        4,
        9,
        10,
        12,
        14
      ],
      [],
      [
        2,
        4,
        9,
        12
      ],
      [
        0,
        1,
        2,
        3,
        4,
        7,
        8,
        9,
        10,
        12,
        14
      ],
      [
        2,
        4,
        9
      ],
      [
        0,
        1,
        2,
        3,
        4,
        6,
        7,
        8,
        9,
        10,
        11,
        12,
        14
      ],
      [
        0,
        1,
        2,
        4,
        9,
        10,
        12
      ],
      [
        0,
        1,
        2,
        3,
        4,
        6,
        7,
        8,
        9,
        10,
        11,
        12,
        13,
        14
      ]
    ],
    "front": [
      [
        2,
        6,
        8,
        10,
        14
      ],
      [
        0,
        2,
        3,
        4,
        5,
        6,
        8,
        9,
        10,
        12,
        13,
        14,
        15
      ],
      [
        6,
        8,
        10,
        14
      ],
      [
        0,
        2,
        4,
        5,
        6,
        8,
        9,
        10,
        14,
        15
      ],
      [
        0,
        2,
        5,
        6,
        8,
        9,
        10,
        14,
        15
      ],
      [
        0,
        2,
        6,
        8,
        9,
        10,
        14,
        15
      ],
      [
        8,
        10,
        14
      ],
      [
        0,
        1,
        2,
        3,
        4,
        5,
        6,
        8,
        9,
        10,
        11,
        12,
        13,
        14,
        15
      ],
      [],
      [
        0,
        2,
        6,
        8,
        10,
        14,
        15
      ],
      [
        8
      ],
      [
        0,
        1,
        2,
        3,
        4,
        5,
        6,
        8,
        9,
        10,
        12,
        13,
        14,
        15
      ],
      [
        0,
        2,
        3,
        4,
        5,
        6,
        8,
        9,
        10,
        14,
        15
      ],
      [
        0,
        2,
        3,
        4,
        5,
        6,
        8,
        9,
        10,
        12,
        14,
        15
      ],
      [
        8,
        10
      ],
      [
        0,
        2,
        6,
        8,
        10,
        14
      ]
    ],
    "behind": [
      [
        1,
        3,
        4,
        5,
        7,
        9,
        11,
        12,
        13,
        15
      ],
      [
        7,
        11
      ],
      [
        0,
        1,
        3,
        4,
        5,
        7,
        9,
        11,
        12,
        13,
        15
      ],
      [
        1,
        7,
        11,
        12,
        13
      ],
      [
        1,
        3,
        7,
        11,
        12,
        13
      ],
      [
        1,
        3,
        4,
        7,
        11,
        12,
        13
      ],
      [
        0,
        1,
        2,
        3,
        4,
        5,
        7,
        9,
        11,
        12,
        13,
        15
      ],
      [],
      [
        0,
        1,
        2,
        3,
        4,
        5,
        6,
        7,
        9,
        10,
        11,
        12,
        13,
        14,
        15
      ],
      [
        1,
        3,
        4,
        5,
        7,
        11,
        12,
        13
      ],
      [
        0,
        1,
        2,
        3,
        4,
        5,
        6,
        7,
        9,
        11,
        12,
        13,
        14,
        15
      ],
      [
        7
      ],
      [
        1,
        7,
        11,
        13
      ],
      [
        1,
        7,
        11
      ],
      [
        0,
        1,
        2,
        3,
        4,
        5,
        6,
        7,
        9,
        11,
        12,
        13,
        15
      ],
      [
        1,
        3,
        4,
        5,
        7,
        9,
        11,
        12,
        13
      ]
    ]
  },
  "objects": [
    {
      "3d_coords": [
        1.0036662817001343,
        0.18242134153842926,
        0.30000001192092896
      ],
      "rotation": 199.83838861039553,
      "size": "large",
      "pixel_coords": [
        370,
        243,
        11.05801010131836
      ],
      "color": "brown",
      "shape": "cylinder",
      "material": "rubber"
    },
    {
      "3d_coords": [
        -1.2132985591888428,
        1.6817642450332642,
        0.30000001192092896
      ],
      "rotation": 194.44878829793447,
      "size": "large",
      "pixel_coords": [
        346,
        175,
        13.386016845703125
      ],
      "color": "green",
      "shape": "cube",
      "material": "rubber"
    },
    {
      "3d_coords": [
        1.9478265047073364,
        0.8153295516967773,
        0.30000001192092896
      ],
      "rotation": 217.24206524928536,
      "size": "large",