{
  "directions": {
    "below": [
      -0.0,
      -0.0,
      -1.0
    ],
    "above": [
      0.0,
      0.0,
      1.0
    ],
    "behind": [
      -0.754490315914154,
      0.6563112735748291,
      0.0
    ],
    "left": [
      -0.6563112735748291,
      -0.7544902563095093,
      0.0
    ],
    "right": [
      0.6563112735748291,
      0.7544902563095093,
      -0.0
    ],
    "front": [
      0.754490315914154,
      -0.6563112735748291,
      -0.0
    ]
  },
  "relationships": {
    "left": [
      [
        5,
        6,
        7,
        9,
        12,
        13,
        14,
        15
      ],
      [
        0,
        2,
        3,
        4,
        5,
        6,
        7,
        8,
        9,
        10,
        11,
        12,
        13,
        14,
        15
      ],
      [
        0,
        5,
        6,
        7,
        9,
        11,
        12,
        13,
        14,
        15
      ],
      [
        0,
        2,
        4,
        5,
        6,
        7,
        8,
        9,
        10,
        11,
        12,
        13,
        14,
        15
      ],
      [
        0,
        2,
        5,
        6,
        7,
        9,
        11,
        12,
        13,
        14,
        15
      ],
      [
        6,
        7,
        9,
        12,
        13,
        14,
        15
      ],
      [
        7,
        9,
        12,
        13,
        14,
        15
      ],
      [
        15
      ],
      [
        0,
        2,
        4,
        5,
        6,
        7,
        9,
        11,
        12,
        13,
        14,
        15
      ],
      [
        7,
        15
      ],
      [
        0,
        2,
        4,
        5,
        6,
        7,
        8,
        9,
        11,
        12,
        13,
        14,
        15
      ],
      [
        0,
        5,
        6,
        7,
        9,
        12,
        13,
        14,
        15
      ],
      [
        7,
        9,
        13,
        14,
        15
      ],
      [
        7,
        9,
        14,
        15
      ],
      [
        7,
        9,
        15
      ],
      []
    ],
    "right": [
      [
        1,
        2,
        3,
        4,
        8,
        10,
        11
      ],
      [],
      [
        1,
        3,
        4,
        8,
        10
      ],
      [
        1
      ],
      [
        1,
        3,
        8,
        10
      ],
      [
        0,
        1,
        2,
        3,
        4,
        8,
        10,
        11
      ],
      [
        0,
        1,
        2,
        3,
        4,
        5,
        8,
        10,
        11
      ],
      [
        0,
        1,
        2,
        3,
        4,
        5,
        6,
        8,
        9,
        10,
        11,
        12,
        13,
        14
      ],
      [
        1,
        3,
        10
      ],
      [
        0,
        1,
        2,
        3,
        4,
        5,
        6,
        8,
        10,
        11,
        12,
        13,
        14
      ],
      [
        1,
        3
      ],
      [
        1,
        2,
        3,
        4,
        8,
        10
      ],
      [
        0,
        1,
        2,
        3,
        4,
        5,
        6,
        8,
        10,
        11
      ],
      [
        0,
        1,
        2,
        3,
        4,
        5,
        6,
        8,
        10,
        11,
        12
      ],
      [
        0,
        1,
        2,
        3,
        4,
        5,
        6,
        8,
        10,
        11,
        12,
        13
      ],
      [
        0,
        1,
        2,
        3,
        4,
        5,
        6,
        7,
        8,
        9,
        10,
        11,
        12,
        13,
        14
      ]
    ],
    "front": [
      [
        1,
        3,
        4,
        6,
        7,
        9,
        10,
        11,
        12,
        15
      ],
      [
        4,
        9,
        10,
        11,
        12
      ],
      [
        0,
        1,
        3,
        4,
        5,
        6,
        7,
        8,
        9,
        10,
        11,
        12,
        13,
        14,
        15
      ],
      [
        1,
        4,
        7,
        9,
        10,
        11,
        12,
        15
      ],
      [
        11
      ],
      [
        0,
        1,
        3,
        4,
        6,
        7,
        8,
        9,
        10,
        11,
        12,
        13,
        14,
        15
      ],
      [
        1,
        3,
        4,
        7,
        9,
        10,
        11,
        12,
        15
      ],
      [
        1,
        4,
        9,
        10,
        11,
        12
      ],
      [
        0,
        1,
        3,
        4,
        6,
        7,
        9,
        10,
        11,
        12,
        14,
        15
      ],
      [
        4,
        11,
        12
      ],
      [
        4,
        9,
        11,
        12
      ],
      [],
      [
        4,
        11
      ],
      [
        0,
        1,
        3,
        4,
        6,
        7,
        8,
        9,
        10,
        11,
        12,
        14,
        15
      ],
      [
        0,
        1,
        3,
        4,
        6,
        7,
        9,
        10,
        11,
        12,
        15
      ],
      [
        1,
        4,
        7,
        9,
        10,
        11,
        12
      ]
    ],
    "behind": [
      [
        2,
        5,
        8,
        13,
        14
      ],
      [
        0,
        2,
        3,
        5,
        6,
        7,
        8,
        13,
        14,
        15
      ],
      [],
      [
        0,
        2,
        5,
        6,
        8,
        13,
        14
      ],
      [
        0,
        1,
        2,
        3,
        5,
        6,
        7,
        8,
        9,
        10,
        12,
        13,
        14,
        15
      ],
      [
        2
      ],
      [
        0,
        2,
        5,
        8,
        13,
        14
      ],
      [
        0,
        2,
        3,
        5,
        6,
        8,
        13,
        14,
        15
      ],
      [
        2,
        5,
        13
      ],
      [
        0,
        1,
        2,
        3,
        5,
        6,
        7,
        8,
        10,
        13,
        14,
        15
      ],
      [
        0,
        1,
        2,
        3,
        5,
        6,
        7,
        8,
        13,
        14,
        15
      ],
      [
        0,
        1,
        2,
        3,
        4,
        5,
        6,
        7,
        8,
        9,
        10,
        12,
        13,
        14,
        15
      ],
      [
        0,
        1,
        2,
        3,
        5,
        6,
        7,
        8,
        9,
        10,
        13,
        14,
        15
      ],
      [
        2,
        5
      ],
      [
        2,
        5,
        8,
        13
      ],
      [
        0,
        2,
        3,
        5,
        6,
        8,
        13,
        14
      ]
    ]
  },
  "objects": [
    {
      "3d_coords": [
        -0.7317579388618469,
        0.7326285243034363,
        0.30000001192092896
      ],
      "rotation": 113.0287664543444,
      "size": "large",
      "pixel_coords": [
        324,
        200,
        12.634919166564941
      ],
      "color": "purple",
      "shape": "cube",
      "material": "rubber"
    },
    {
      "3d_coords": [
        2.5259060859680176,
        1.8622797727584839,
        0.30000001192092896
      ],
      "rotation": 191.3575218230782,
      "size": "large",
      "pixel_coords": [
        513,
        242,
        11.112627983093262
      ],
      "color": "brown",
      "shape": "sphere",
      "material": "rubber"
    },
    {
      "3d_coords": [
        -1.6726157665252686,
        2.4282186031341553,
        0.30000001192092896
      ],
      "rotation": 172.33020323606382,
      "size": "small",