{
  "directions": {
    "below": [
      -0.0,
      -0.0,
      -1.0
    ],
    "above": [
      0.0,
      0.0,
      1.0
    ],
    "behind": [
      -0.754490315914154,
      0.6563112735748291,
      0.0
    ],
    "left": [
      -0.6563112735748291,
      -0.7544902563095093,
      0.0
    ],
    "right": [
      0.6563112735748291,
      0.7544902563095093,
      -0.0
    ],
    "front": [
      0.754490315914154,
      -0.6563112735748291,
      -0.0
    ]
  },
  "relationships": {
    "left": [
      [
        3,
        4,
        5,
        6,
        8,
        12,
        15
      ],
      [
        0,
        2,
        3,
        4,
        5,
        6,
        7,
        8,
        9,
        10,
        12,
        14,
        15
      ],
      [
        0,
        3,
        4,
        5,
        6,
        8,
        12,
        15
      ],
      [
        4,
        5,
        8,
        12
      ],
      [],
      [
        4,
        8
      ],
      [
        3,
        4,
        5,
        8,
        12,
        15
      ],
      [
        0,
        2,
        3,
        4,
        5,
        6,
        8,
        12,
        15
      ],
      [
        4
      ],
      [
        0,
        2,
        3,
        4,
        5,
        6,
        7,
        8,
        12,
        15
      ],
      [
        0,
        2,
        3,
        4,
        5,
        6,
        7,
        8,
        9,
        12,
        14,
        15
      ],
      [
        0,
        1,
        2,
        3,
        4,
        5,
        6,
        7,
        8,
        9,
        10,
        12,
        13,
        14,
        15
      ],
      [
        4,
        5,
        8
      ],
      [
        0,
        1,
        2,
        3,
        4,
        5,
        6,
        7,
        8,
        9,
        10,
        12,
        14,
        15
      ],
      [
        0,
        2,
        3,
        4,
        5,
        6,
        7,
        8,
        9,
        12,
        15
      ],
      [
        3,
        4,
        5,
        8,
        12
      ]
    ],
    "right": [
      [
        1,
        2,
        7,
        9,
        10,
        11,
        13,
        14
      ],
      [
        11,
        13
      ],
      [
        1,
        7,
        9,
        10,
        11,
        13,
        14
      ],
      [
        0,
        1,
        2,
        6,
        7,
        9,
        10,
        11,
        13,
        14,
        15
      ],
      [
        0,
        1,
        2,
        3,
        5,
        6,
        7,
        8,
        9,
        10,
        11,
        12,
        13,
        14,
        15
      ],
      [
        0,
        1,
        2,
        3,
        6,
        7,
        9,
        10,
        11,
        12,
        13,
        14,
        15
      ],
      [
        0,
        1,
        2,
        7,
        9,
        10,
        11,
        13,
        14
      ],
      [
        1,
        9,
        10,
        11,
        13,
        14
      ],
      [
        0,
        1,
        2,
        3,
        5,
        6,
        7,
        9,
        10,
        11,
        12,
        13,
        14,
        15
      ],
      [
        1,
        10,
        11,
        13,
        14
      ],
      [
        1,
        11,
        13
      ],
      [],
      [
        0,
        1,
        2,
        3,
        6,
        7,
        9,
        10,
        11,
        13,
        14,
        15
      ],
      [
        11
      ],
      [
        1,
        10,
        11,
        13
      ],
      [
        0,
        1,
        2,
        6,
        7,
        9,
        10,
        11,
        13,
        14
      ]
    ],
    "front": [
      [
        1,
        2,
        3,
        4,
        5,
        6,
        7,
        8,
        9,
        10,
        11,
        12,
        13,
        15
      ],
      [
        2,
        3,
        4,
        5,
        6,
        7,
        8,
        9,
        10,
        11,
        13,
        15
      ],
      [],
      [
        2
      ],
      [
        2,
        3,
        6,
        7,
        8,
        13,
        15
      ],
      [
        2,
        3,
        4,
        6,
        7,
        8,
        10,
        11,
        13,
        15
      ],
      [
        2,
        3,
        8,
        13,
        15
      ],
      [
        2,
        3,
        6,
        8,
        13,
        15
      ],
      [
        2,
        3,
        15
      ],
      [
        2,
        3,
        4,
        5,
        6,
        7,
        8,
        10,
        11,
        13,
        15
      ],
      [
        2,
        3,
        4,
        6,
        7,
        8,
        11,
        13,
        15
      ],
      [
        2,
        3,
        4,
        6,
        7,
        8,
        13,
        15
      ],
      [
        1,
        2,
        3,
        4,
        5,
        6,
        7,
        8,
        9,
        10,
        11,
        13,
        15
      ],
      [
        2,
        3,
        8,
        15
      ],
      [
        0,
        1,
        2,
        3,
        4,
        5,
        6,
        7,
        8,
        9,
        10,
        11,
        12,
        13,
        15
      ],
      [
        2,
        3
      ]
    ],
    "behind": [
      [
        14
      ],
      [
        0,
        12,
        14
      ],
      [
        0,
        1,
        3,
        4,
        5,
        6,
        7,
        8,
        9,
        10,
        11,
        12,
        13,
        14,
        15
      ],
      [
        0,
        1,
        4,
        5,
        6,
        7,
        8,
        9,
        10,
        11,
        12,
        13,
        14,
        15
      ],
      [
        0,
        1,
        5,
        9,
        10,
        11,
        12,
        14
      ],
      [
        0,
        1,
        9,
        12,
        14
      ],
      [
        0,
        1,
        4,
        5,
        7,
        9,
        10,
        11,
        12,
        14
      ],
      [
        0,
        1,
        4,
        5,
        9,
        10,
        11,
        12,
        14
      ],
      [
        0,
        1,
        4,
        5,
        6,
        7,
        9,
        10,
        11,
        12,
        13,
        14
      ],
      [
        0,
        1,
        12,
        14
      ],
      [
        0,
        1,
        5,
        9,
        12,
        14
      ],
      [
        0,
        1,
        5,
        9,
        10,
        12,
        14
      ],
      [
        0,
        14
      ],
      [
        0,
        1,
        4,
        5,
        6,
        7,
        9,
        10,
        11,
        12,
        14
      ],
      [],
      [
        0,
        1,
        4,
        5,
        6,
        7,
        8,
        9,
        10,
        11,
        12,
        13,
        14
      ]
    ]
  },
  "objects": [
    {
      "3d_coords": [
        -2.025219202041626,
        1.6758756637573242,
        0.30000001192092896
      ],
      "rotation": 287.2077163649223,
      "size": "large",
      "pixel_coords": [
        317,
        167,
        13.638712882995605
      ],
      "color": "blue",
      "shape": "sphere",
      "material": "rubber"
    },
    {
      "3d_coords": [
        0.31428688764572144,
        2.975067377090454,
        0.30000001192092896
      ],
      "rotation": 104.20969858813518,
      "size": "large",
      "pixel_coords": [
        454,
        184,
        12.820724487304688
      ],
      "color": "cyan",
      "shape": "cube",
      "material": "rubber"
    },
    {
      "3d_coords": [
        2.8290581703186035,
        -2.199683904647827,
        0.30000001192092896
      ],
      "rotation": 309.43683084644886,
      "size": "small",