{
  "relationships": {
    "right": [
      [
        1,
        2,
        3,
        4,
        5,
        6,
        7
      ],
      [],
      [
        1
      ],
      [
        1,
        2,
        5,
        6
      ],
      [
        1,
        2,
        3,
        5,
        6,
        7
      ],
      [
        1,
        2,
        6
      ],
      [
        1,
        2
      ],
      [
        1,
        2,
        3,
        5,
        6
      ]
    ],
    "left": [
      [],
      [
        0,
        2,
        3,
        4,
        5,
        6,
        7
      ],
      [
        0,
        3,
        4,
        5,
        6,
        7
      ],
      [
        0,
        4,
        7
      ],
      [
        0
      ],
      [
        0,
        3,
        4,
        7
      ],
      [
        0,
        3,
        4,
        5,
        7
      ],
      [
        0,
        4
      ]
    ],
    "behind": [
      [
        1,
        2,
        3,
        4,
        5
      ],
      [
        3,
        4,
        5
      ],
      [
        1,
        3,
        4,
        5
      ],
      [
        4,
        5
      ],
      [
        5
      ],
      [],
      [
        0,
        1,
        2,
        3,
        4,
        5
      ],
      [
        0,
        1,
        2,
        3,
        4,
        5,
        6
      ]
    ],
    "front": [
      [
        6,
        7
      ],
      [
        0,
        2,
        6,
        7
      ],
      [
        0,
        6,
        7
      ],
      [
        0,
        1,
        2,
        6,
        7
      ],
      [
        0,
        1,
        2,
        3,
        6,
        7
      ],
      [
        0,
        1,
        2,
        3,
        4,
        6,
        7
      ],
      [
        7
      ],
      []
    ]
  },
  "image_index": 836,
  "directions": {
    "below": [
      -0.0,
      -0.0,
      -1.0
    ],
    "left": [
      -0.6563112735748291,
      -0.7544902563095093,
      0.0
    ],
    "above": [
      0.0,
      0.0,
      1.0
    ],
    "front": [
      0.754490315914154,
      -0.6563112735748291,
      -0.0
    ],
    "behind": [
      -0.754490315914154,
      0.6563112735748291,
      0.0
    ],
    "right": [
      0.6563112735748291,
      0.7544902563095093,
      -0.0
    ]
  },
  "objects": [
    {
      "shape": "cylinder",
      "pixel_coords": [
        123,
        258,
        10.066256523132324
      ],
      "color": "purple",
      "rotation": 284.95630005013976,
      "size": "small",
      "material": "rubber",
      "3d_coords": [
        -1.184507966041565,
        -2.763162851333618,
        0.30000001192092896
      ]
    },
    {
      "shape": "cylinder",
      "pixel_coords": [
        534,
        226,
        10.859538078308105
      ],
      "color": "red",
      "rotation": 92.40504199096375,
      "size": "large",
      "material": "rubber",
      "3d_coords": [
        2.292680025100708,
        2.401318311691284,
        0.30000001192092896
      ]
    },
    {
      "shape": "cube",
      "pixel_coords": [
        420,
        236,
        10.595695495605469
      ],
      "color": "blue",
      "rotation": 125.7321774400443,
      "size": "large",
      "material": "rubber",
      "3d_coords": [
        1.2963563203811646,
        0.858468234539032,
        0.30000001192092896
      ]
    },
    {
      "shape": "cylinder",
      "pixel_coords": [
        304,
        187,
        12.003661155700684
      ],
      "color": "brown",
      "rotation": 80.39435376153963,
      "size": "small",
      "material": "rubber",
      "3d_coords": [
        -1.1137464046478271,
        0.6575900912284851,
        0.30000001192092896
      ]
    },
    {
      "shape": "cube",
      "pixel_coords": [
        202,
        179,
        12.27932357788086
      ],
      "color": "yellow",
      "rotation": 234.51968295334632,
      "size": "small",
      "material": "rubber",
      "3d_coords": [
        -2.5698421001434326,
        -0.45605286955833435,
        0.30000001192092896
      ]
    },
    {
      "shape": "cube",
      "pixel_coords": [
        317,
        139,
        13.833847999572754
      ],
      "color": "blue",
      "rotation": 272.2068025765307,
      "size": "large",
      "material": "rubber",
      "3d_coords": [
        -2.5503501892089844,
        2.2479753494262695,
        0.30000001192092896
      ]
    },
    {
      "shape": "sphere",
      "pixel_coords": [
        414,
        288,
        9.412298202514648
      ],
      "color": "red",
      "rotation": 247.42245519091378,
      "size": "large",
      "material": "rubber",
      "3d_coords": [
        2.1458163261413574,
        -0.25659194588661194,
        0.30000001192092896
      ]
    },
    {
      "shape": "cube",
      "pixel_coords": [
        243,
        336,
        8.534717559814453
      ],
      "color": "yellow",
      "rotation": 333.74823579079026,
      "size": "small",
      "material": "rubber",
      "3d_coords": [
        1.4163298606872559,
        -2.5673515796661377,
        0.30000001192092896
      ]
    }
  ],
  "image_filename": "CLEVR_new_000836.png",
  "split": "new"
}