{
  "directions": {
    "above": [
      0.0,
      0.0,
      1.0
    ],
    "left": [
      -0.6563112735748291,
      -0.7544902563095093,
      0.0
    ],
    "front": [
      0.754490315914154,
      -0.6563112735748291,
      -0.0
    ],
    "below": [
      -0.0,
      -0.0,
      -1.0
    ],
    "behind": [
      -0.754490315914154,
      0.6563112735748291,
      0.0
    ],
    "right": [
      0.6563112735748291,
      0.7544902563095093,
      -0.0
    ]
  },
  "image_filename": "CLEVR_new_001042.png",
  "image_index": 1042,
  "relationships": {
    "front": [
      [
        2,
        4,
        5,
        6,
        8
      ],
      [
        0,
        2,
        3,
        4,
        5,
        6,
        7,
        8,
        9
      ],
      [
        4,
        5,
        6,
        8
      ],
      [
        0,
        2,
        4,
        5,
        6,
        7,
        8,
        9
      ],
      [
        5,
        8
      ],
      [],
      [
        4,
        5,
        8
      ],
      [
        0,
        2,
        4,
        5,
        6,
        8,
        9
      ],
      [
        5
      ],
      [
        0,
        2,
        4,
        5,
        6,
        8
      ]
    ],
    "left": [
      [
        3,
        4,
        7,
        9
      ],
      [
        0,
        3,
        4,
        5,
        7,
        8,
        9
      ],
      [
        0,
        1,
        3,
        4,
        5,
        6,
        7,
        8,
        9
      ],
      [
        7
      ],
      [
        3,
        7,
        9
      ],
      [
        0,
        3,
        4,
        7,
        9
      ],
      [
        0,
        1,
        3,
        4,
        5,
        7,
        8,
        9
      ],
      [],
      [
        0,
        3,
        4,
        5,
        7,
        9
      ],
      [
        3,
        7
      ]
    ],
    "behind": [
      [
        1,
        3,
        7,
        9
      ],
      [],
      [
        0,
        1,
        3,
        7,
        9
      ],
      [
        1
      ],
      [
        0,
        1,
        2,
        3,
        6,
        7,
        9
      ],
      [
        0,
        1,
        2,
        3,
        4,
        6,
        7,
        8,
        9
      ],
      [
        0,
        1,
        2,
        3,
        7,
        9
      ],
      [
        1,
        3
      ],
      [
        0,
        1,
        2,
        3,
        4,
        6,
        7,
        9
      ],
      [
        1,
        3,
        7
      ]
    ],
    "right": [
      [
        1,
        2,
        5,
        6,
        8
      ],
      [
        2,
        6
      ],
      [],
      [
        0,
        1,
        2,
        4,
        5,
        6,
        8,
        9
      ],
      [
        0,
        1,
        2,
        5,
        6,
        8
      ],
      [
        1,
        2,
        6,
        8
      ],
      [
        2
      ],
      [
        0,
        1,
        2,
        3,
        4,
        5,
        6,
        8,
        9
      ],
      [
        1,
        2,
        6
      ],
      [
        0,
        1,
        2,
        4,
        5,
        6,
        8
      ]
    ]
  },
  "split": "new",
  "objects": [
    {
      "3d_coords": [
        -0.550873875617981,
        -1.016098976135254,
        0.30000001192092896
      ],
      "rotation": 159.1213412394447,
      "color": "gray",
      "shape": "cube",
      "pixel_coords": [
        248,
        232,
        10.859787940979004
      ],
      "material": "rubber",
      "size": "small"
    },
    {
      "3d_coords": [
        -0.9769608378410339,
        2.2778308391571045,
        0.30000001192092896
      ],
      "rotation": 29.814383685296526,
      "color": "purple",
      "shape": "sphere",
      "pixel_coords": [
        373,
        169,
        13.118308067321777
      ],
      "material": "rubber",
      "size": "small"
    },
    {
      "3d_coords": [
        2.0303547382354736,
        1.5834002494812012,
        0.30000001192092896
      ],
      "rotation": 316.41524335363454,
      "color": "purple",
      "shape": "sphere",
      "pixel_coords": [
        485,
        235,
        10.758801460266113
      ],
      "material": "rubber",
      "size": "small"
    },
    {
      "3d_coords": [
        -2.5224449634552,
        -1.3534948825836182,
        0.30000001192092896
      ],
      "rotation": 224.83775220344762,
      "color": "purple",
      "shape": "cube",
      "pixel_coords": [
        161,
        199,
        11.92935562133789
      ],
      "material": "rubber",
      "size": "small"
    },
    {
      "3d_coords": [
        0.2924416959285736,
        -2.0863749980926514,
        0.30000001192092896
      ],
      "rotation": 286.4239046342829,
      "color": "brown",
      "shape": "sphere",
      "pixel_coords": [
        224,
        276,
        9.670918464660645
      ],
      "material": "rubber",
      "size": "small"
    },
    {
      "3d_coords": [
        1.7218146324157715,
        -2.1209726333618164,
        0.30000001192092896
      ],
      "rotation": 24.468936917452005,
      "color": "cyan",
      "shape": "cylinder",
      "pixel_coords": [
        290,
        321,
        8.727363586425781
      ],
      "material": "rubber",
      "size": "large"
    },
    {
      "3d_coords": [
        1.8478325605392456,
        0.5052412748336792,
        0.30000001192092896
      ],
      "rotation": 287.35299034178337,
      "color": "yellow",
      "shape": "cube",
      "pixel_coords": [
        432,
        254,
        10.22740650177002
      ],
      "material": "rubber",
      "size": "small"
    },
    {
      "3d_coords": [
        -2.497427225112915,
        -2.242922067642212,
        0.30000001192092896
      ],
      "rotation": 178.32097765248454,
      "color": "blue",
      "shape": "cube",
      "pixel_coords": [
        114,
        215,
        11.377631187438965
      ],
      "material": "rubber",
      "size": "large"
    },
    {
      "3d_coords": [
        1.8410085439682007,
        -1.2406264543533325,
        0.30000001192092896
      ],
      "rotation": 198.06636147031497,
      "color": "green",
      "shape": "cube",
      "pixel_coords": [
        347,
        298,
        9.180525779724121
      ],
      "material": "rubber",
      "size": "small"
    },
    {
      "3d_coords": [
        -1.6206095218658447,
        -1.651050329208374,
        0.30000001192092896
      ],
      "rotation": 233.63344435114664,
      "color": "gray",
      "shape": "sphere",
      "pixel_coords": [
        175,
        222,
        11.168007850646973
      ],
      "material": "rubber",
      "size": "small"
    }
  ]
}