{
  "directions": {
    "above": [
      0.0,
      0.0,
      1.0
    ],
    "left": [
      -0.6563112735748291,
      -0.7544902563095093,
      0.0
    ],
    "front": [
      0.754490315914154,
      -0.6563112735748291,
      -0.0
    ],
    "below": [
      -0.0,
      -0.0,
      -1.0
    ],
    "behind": [
      -0.754490315914154,
      0.6563112735748291,
      0.0
    ],
    "right": [
      0.6563112735748291,
      0.7544902563095093,
      -0.0
    ]
  },
  "image_filename": "CLEVR_new_001041.png",
  "image_index": 1041,
  "relationships": {
    "front": [
      [
        1,
        3,
        4,
        5,
        6,
        7,
        8,
        9
      ],
      [
        3,
        6,
        8
      ],
      [
        0,
        1,
        3,
        4,
        5,
        6,
        7,
        8,
        9
      ],
      [],
      [
        1,
        3,
        5,
        6,
        7,
        8,
        9
      ],
      [
        1,
        3,
        6,
        8
      ],
      [
        3
      ],
      [
        1,
        3,
        5,
        6,
        8,
        9
      ],
      [
        3,
        6
      ],
      [
        1,
        3,
        5,
        6,
        8
      ]
    ],
    "left": [
      [
        8,
        9
      ],
      [
        0,
        2,
        3,
        4,
        5,
        6,
        7,
        8,
        9
      ],
      [
        0,
        3,
        5,
        6,
        7,
        8,
        9
      ],
      [
        0,
        5,
        6,
        7,
        8,
        9
      ],
      [
        0,
        2,
        3,
        5,
        6,
        7,
        8,
        9
      ],
      [
        0,
        7,
        8,
        9
      ],
      [
        0,
        5,
        7,
        8,
        9
      ],
      [
        0,
        8,
        9
      ],
      [
        9
      ],
      []
    ],
    "behind": [
      [
        2
      ],
      [
        0,
        2,
        4,
        5,
        7,
        9
      ],
      [],
      [
        0,
        1,
        2,
        4,
        5,
        6,
        7,
        8,
        9
      ],
      [
        0,
        2
      ],
      [
        0,
        2,
        4,
        7,
        9
      ],
      [
        0,
        1,
        2,
        4,
        5,
        7,
        8,
        9
      ],
      [
        0,
        2,
        4
      ],
      [
        0,
        1,
        2,
        4,
        5,
        7,
        9
      ],
      [
        0,
        2,
        4,
        7
      ]
    ],
    "right": [
      [
        1,
        2,
        3,
        4,
        5,
        6,
        7
      ],
      [],
      [
        1,
        4
      ],
      [
        1,
        2,
        4
      ],
      [
        1
      ],
      [
        1,
        2,
        3,
        4,
        6
      ],
      [
        1,
        2,
        3,
        4
      ],
      [
        1,
        2,
        3,
        4,
        5,
        6
      ],
      [
        0,
        1,
        2,
        3,
        4,
        5,
        6,
        7
      ],
      [
        0,
        1,
        2,
        3,
        4,
        5,
        6,
        7,
        8
      ]
    ]
  },
  "split": "new",
  "objects": [
    {
      "3d_coords": [
        -2.661790132522583,
        -0.3200361132621765,
        0.30000001192092896
      ],
      "rotation": 73.65747954505703,
      "color": "gray",
      "shape": "sphere",
      "pixel_coords": [
        212,
        176,
        12.716354370117188
      ],
      "material": "rubber",
      "size": "small"
    },
    {
      "3d_coords": [
        2.2965943813323975,
        0.3092736005783081,
        0.30000001192092896
      ],
      "rotation": 312.9497939616864,
      "color": "brown",
      "shape": "cylinder",
      "pixel_coords": [
        443,
        276,
        9.78965950012207
      ],
      "material": "rubber",
      "size": "small"
    },
    {
      "3d_coords": [
        -1.5647475719451904,
        2.590740203857422,
        0.30000001192092896
      ],
      "rotation": 248.8571215820962,
      "color": "cyan",
      "shape": "sphere",
      "pixel_coords": [
        369,
        154,
        13.629449844360352
      ],
      "material": "rubber",
      "size": "small"
    },
    {
      "3d_coords": [
        2.8630964756011963,
        -2.03975510597229,
        0.30000001192092896
      ],
      "rotation": 268.72572384660197,
      "color": "cyan",
      "shape": "cube",
      "pixel_coords": [
        346,
        367,
        8.092081069946289
      ],
      "material": "rubber",
      "size": "large"
    },
    {
      "3d_coords": [
        -0.26952341198921204,
        1.7820826768875122,
        0.30000001192092896
      ],
      "rotation": 79.35836590558722,
      "color": "blue",
      "shape": "sphere",
      "pixel_coords": [
        387,
        187,
        12.31702995300293
      ],
      "material": "rubber",
      "size": "large"
    },
    {
      "3d_coords": [
        0.3090461492538452,
        -1.5156590938568115,
        0.30000001192092896
      ],
      "rotation": 281.93205236782165,
      "color": "yellow",
      "shape": "sphere",
      "pixel_coords": [
        254,
        264,
        10.077255249023438
      ],
      "material": "rubber",
      "size": "large"
    },
    {
      "3d_coords": [
        1.749943733215332,
        -2.2090721130371094,
        0.30000001192092896
      ],
      "rotation": 179.73104797072634,
      "color": "blue",
      "shape": "cylinder",
      "pixel_coords": [
        276,
        329,
        8.733333587646484
      ],
      "material": "rubber",
      "size": "large"
    },
    {
      "3d_coords": [
        -1.295747995376587,
        -0.7848230004310608,
        0.30000001192092896
      ],
      "rotation": 43.168191388841684,
      "color": "blue",
      "shape": "cube",
      "pixel_coords": [
        233,
        210,
        11.550703048706055
      ],
      "material": "rubber",
      "size": "large"
    },
    {
      "3d_coords": [
        -0.04271996021270752,
        -2.8637681007385254,
        0.30000001192092896
      ],
      "rotation": 68.137124909157,
      "color": "green",
      "shape": "sphere",
      "pixel_coords": [
        158,
        287,
        9.550918579101562
      ],
      "material": "rubber",
      "size": "large"
    },
    {
      "3d_coords": [
        -0.969352126121521,
        -2.6584742069244385,
        0.30000001192092896
      ],
      "rotation": 220.51118645872654,
      "color": "blue",
      "shape": "cube",
      "pixel_coords": [
        139,
        255,
        10.27968692779541
      ],
      "material": "rubber",
      "size": "small"
    }
  ]
}