{
  "directions": {
    "above": [
      0.0,
      0.0,
      1.0
    ],
    "left": [
      -0.6563112735748291,
      -0.7544902563095093,
      0.0
    ],
    "front": [
      0.754490315914154,
      -0.6563112735748291,
      -0.0
    ],
    "below": [
      -0.0,
      -0.0,
      -1.0
    ],
    "behind": [
      -0.754490315914154,
      0.6563112735748291,
      0.0
    ],
    "right": [
      0.6563112735748291,
      0.7544902563095093,
      -0.0
    ]
  },
  "image_filename": "CLEVR_new_001017.png",
  "image_index": 1017,
  "relationships": {
    "front": [
      [
        1,
        4,
        5
      ],
      [],
      [
        0,
        1,
        4,
        5,
        6,
        7,
        8,
        9
      ],
      [
        0,
        1,
        2,
        4,
        5,
        6,
        7,
        8,
        9
      ],
      [
        1
      ],
      [
        1,
        4
      ],
      [
        0,
        1,
        4,
        5,
        7,
        8
      ],
      [
        0,
        1,
        4,
        5,
        8
      ],
      [
        0,
        1,
        4,
        5
      ],
      [
        0,
        1,
        4,
        5,
        6,
        7,
        8
      ]
    ],
    "left": [
      [
        1,
        2,
        3,
        4,
        5,
        6,
        7,
        8,
        9
      ],
      [
        2,
        3,
        4,
        5,
        8,
        9
      ],
      [
        9
      ],
      [
        2,
        4,
        5,
        8,
        9
      ],
      [
        2,
        9
      ],
      [
        2,
        4,
        8,
        9
      ],
      [
        1,
        2,
        3,
        4,
        5,
        7,
        8,
        9
      ],
      [
        1,
        2,
        3,
        4,
        5,
        8,
        9
      ],
      [
        2,
        4,
        9
      ],
      []
    ],
    "behind": [
      [
        2,
        3,
        6,
        7,
        8,
        9
      ],
      [
        0,
        2,
        3,
        4,
        5,
        6,
        7,
        8,
        9
      ],
      [
        3
      ],
      [],
      [
        0,
        2,
        3,
        5,
        6,
        7,
        8,
        9
      ],
      [
        0,
        2,
        3,
        6,
        7,
        8,
        9
      ],
      [
        2,
        3,
        9
      ],
      [
        2,
        3,
        6,
        9
      ],
      [
        2,
        3,
        6,
        7,
        9
      ],
      [
        2,
        3
      ]
    ],
    "right": [
      [],
      [
        0,
        6,
        7
      ],
      [
        0,
        1,
        3,
        4,
        5,
        6,
        7,
        8
      ],
      [
        0,
        1,
        6,
        7
      ],
      [
        0,
        1,
        3,
        5,
        6,
        7,
        8
      ],
      [
        0,
        1,
        3,
        6,
        7
      ],
      [
        0
      ],
      [
        0,
        6
      ],
      [
        0,
        1,
        3,
        5,
        6,
        7
      ],
      [
        0,
        1,
        2,
        3,
        4,
        5,
        6,
        7,
        8
      ]
    ]
  },
  "split": "new",
  "objects": [
    {
      "3d_coords": [
        2.887112855911255,
        1.016012191772461,
        0.30000001192092896
      ],
      "rotation": 69.45314119015646,
      "color": "cyan",
      "shape": "sphere",
      "pixel_coords": [
        515,
        273,
        9.635116577148438
      ],
      "material": "rubber",
      "size": "small"
    },
    {
      "3d_coords": [
        2.9727909564971924,
        -1.1629546880722046,
        0.30000001192092896
      ],
      "rotation": 150.19490543418152,
      "color": "yellow",
      "shape": "cylinder",
      "pixel_coords": [
        414,
        340,
        8.305410385131836
      ],
      "material": "rubber",
      "size": "small"
    },
    {
      "3d_coords": [
        -2.541275978088379,
        -0.1490493267774582,
        0.30000001192092896
      ],
      "rotation": 189.73019255726408,
      "color": "red",
      "shape": "sphere",
      "pixel_coords": [
        219,
        177,
        12.492012977600098
      ],
      "material": "rubber",
      "size": "large"
    },
    {
      "3d_coords": [
        -1.8698259592056274,
        1.759194016456604,
        0.30000001192092896
      ],
      "rotation": 73.80927173918819,
      "color": "red",
      "shape": "cube",
      "pixel_coords": [
        323,
        160,
        13.16998291015625
      ],
      "material": "rubber",
      "size": "small"
    },
    {
      "3d_coords": [
        1.103740930557251,
        -2.76135516166687,
        0.30000001192092896
      ],
      "rotation": 6.417052681988644,
      "color": "gray",
      "shape": "cylinder",
      "pixel_coords": [
        213,
        324,
        8.589129447937012
      ],
      "material": "rubber",
      "size": "large"
    },
    {
      "3d_coords": [
        1.2396973371505737,
        -1.807217001914978,
        0.30000001192092896
      ],
      "rotation": 107.75194500183869,
      "color": "yellow",
      "shape": "cylinder",
      "pixel_coords": [
        280,
        299,
        9.05832576751709
      ],
      "material": "rubber",
      "size": "small"
    },
    {
      "3d_coords": [
        1.6366780996322632,
        1.502476692199707,
        0.30000001192092896
      ],
      "rotation": 64.21410716425473,
      "color": "purple",
      "shape": "cylinder",
      "pixel_coords": [
        464,
        230,
        10.7344970703125
      ],
      "material": "rubber",
      "size": "small"
    },
    {
      "3d_coords": [
        1.3488330841064453,
        0.6967677474021912,
        0.30000001192092896
      ],
      "rotation": 97.04863318785503,
      "color": "green",
      "shape": "cylinder",
      "pixel_coords": [
        415,
        240,
        10.451070785522461
      ],
      "material": "rubber",
      "size": "large"
    },
    {
      "3d_coords": [
        0.3425219655036926,
        -1.4035699367523193,
        0.30000001192092896
      ],
      "rotation": 7.261887705023855,
      "color": "cyan",
      "shape": "cube",
      "pixel_coords": [
        262,
        262,
        9.879049301147461
      ],
      "material": "rubber",
      "size": "large"
    },
    {
      "3d_coords": [
        -1.9999957084655762,
        -1.6349927186965942,
        0.30000001192092896
      ],
      "rotation": 294.05473152220605,
      "color": "green",
      "shape": "cylinder",
      "pixel_coords": [
        161,
        212,
        11.270517349243164
      ],
      "material": "rubber",
      "size": "large"
    }
  ]
}