{
  "directions": {
    "below": [
      -0.0,
      -0.0,
      -1.0
    ],
    "above": [
      0.0,
      0.0,
      1.0
    ],
    "behind": [
      -0.754490315914154,
      0.6563112735748291,
      0.0
    ],
    "left": [
      -0.6563112735748291,
      -0.7544902563095093,
      0.0
    ],
    "right": [
      0.6563112735748291,
      0.7544902563095093,
      -0.0
    ],
    "front": [
      0.754490315914154,
      -0.6563112735748291,
      -0.0
    ]
  },
  "relationships": {
    "left": [
      [
        1,
        2,
        3,
        4,
        6,
        7,
        8,
        9,
        10,
        11,
        12,
        13,
        14,
        15
      ],
      [
        2,
        4,
        6,
        7,
        8,
        9,
        11,
        13,
        14
      ],
      [
        4,
        6,
        7,
        8,
        9,
        11,
        13,
        14
      ],
      [
        1,
        2,
        4,
        6,
        7,
        8,
        9,
        10,
        11,
        13,
        14,
        15
      ],
      [
        6,
        9,
        13,
        14
      ],
      [
        0,
        1,
        2,
        3,
        4,
        6,
        7,
        8,
        9,
        10,
        11,
        12,
        13,
        14,
        15
      ],
      [
        13,
        14
      ],
      [
        4,
        6,
        8,
        9,
        11,
        13,
        14
      ],
      [
        4,
        6,
        9,
        11,
        13,
        14
      ],
      [
        6,
        13,
        14
      ],
      [
        1,
        2,
        4,
        6,
        7,
        8,
        9,
        11,
        13,
        14,
        15
      ],
      [
        4,
        6,
        9,
        13,
        14
      ],
      [
        1,
        2,
        3,
        4,
        6,
        7,
        8,
        9,
        10,
        11,
        13,
        14,
        15
      ],
      [],
      [
        13
      ],
      [
        1,
        2,
        4,
        6,
        7,
        8,
        9,
        11,
        13,
        14
      ]
    ],
    "right": [
      [
        5
      ],
      [
        0,
        3,
        5,
        10,
        12,
        15
      ],
      [
        0,
        1,
        3,
        5,
        10,
        12,
        15
      ],
      [
        0,
        5,
        12
      ],
      [
        0,
        1,
        2,
        3,
        5,
        7,
        8,
        10,
        11,
        12,
        15
      ],
      [],
      [
        0,
        1,
        2,
        3,
        4,
        5,
        7,
        8,
        9,
        10,
        11,
        12,
        15
      ],
      [
        0,
        1,
        2,
        3,
        5,
        10,
        12,
        15
      ],
      [
        0,
        1,
        2,
        3,
        5,
        7,
        10,
        12,
        15
      ],
      [
        0,
        1,
        2,
        3,
        4,
        5,
        7,
        8,
        10,
        11,
        12,
        15
      ],
      [
        0,
        3,
        5,
        12
      ],
      [
        0,
        1,
        2,
        3,
        5,
        7,
        8,
        10,
        12,
        15
      ],
      [
        0,
        5
      ],
      [
        0,
        1,
        2,
        3,
        4,
        5,
        6,
        7,
        8,
        9,
        10,
        11,
        12,
        14,
        15
      ],
      [
        0,
        1,
        2,
        3,
        4,
        5,
        6,
        7,
        8,
        9,
        10,
        11,
        12,
        15
      ],
      [
        0,
        3,
        5,
        10,
        12
      ]
    ],
    "front": [
      [
        11,
        15
      ],
      [
        0,
        11,
        15
      ],
      [
        0,
        1,
        3,
        5,
        6,
        8,
        10,
        11,
        12,
        13,
        14,
        15
      ],
      [
        0,
        1,
        11,
        14,
        15
      ],
      [
        0,
        1,
        2,
        3,
        5,
        6,
        7,
        8,
        9,
        10,
        11,
        12,
        13,
        14,
        15
      ],
      [
        0,
        1,
        3,
        11,
        14,
        15
      ],
      [
        0,
        1,
        3,
        5,
        11,
        12,
        14,
        15
      ],
      [
        0,
        1,
        2,
        3,
        5,
        6,
        8,
        9,
        10,
        11,
        12,
        13,
        14,
        15
      ],
      [
        0,
        1,
        3,
        5,
        6,
        11,
        12,
        13,
        14,
        15
      ],
      [
        0,
        1,
        2,
        3,
        5,
        6,
        8,
        10,
        11,
        12,
        13,
        14,
        15
      ],
      [
        0,
        1,
        3,
        5,
        6,
        8,
        11,
        12,
        13,
        14,
        15
      ],
      [
        15
      ],
      [
        0,
        1,
        3,
        5,
        11,
        14,
        15
      ],
      [
        0,
        1,
        3,
        5,
        6,
        11,
        12,
        14,
        15
      ],
      [
        0,
        1,
        11,
        15
      ],
      []
    ],
    "behind": [
      [
        1,
        2,
        3,
        4,
        5,
        6,
        7,
        8,
        9,
        10,
        12,
        13,
        14
      ],
      [
        2,
        3,
        4,
        5,
        6,
        7,
        8,
        9,
        10,
        12,
        13,
        14
      ],
      [
        4,
        7,
        9
      ],
      [
        2,
        4,
        5,
        6,
        7,
        8,
        9,
        10,
        12,
        13
      ],
      [],
      [
        2,
        4,
        6,
        7,
        8,
        9,
        10,
        12,
        13
      ],
      [
        2,
        4,
        7,
        8,
        9,
        10,
        13
      ],
      [
        4
      ],
      [
        2,
        4,
        7,
        9,
        10
      ],
      [
        4,
        7
      ],
      [
        2,
        4,
        7,
        9
      ],
      [
        0,
        1,
        2,
        3,
        4,
        5,
        6,
        7,
        8,
        9,
        10,
        12,
        13,
        14
      ],
      [
        2,
        4,
        6,
        7,
        8,
        9,
        10,
        13
      ],
      [
        2,
        4,
        7,
        8,
        9,
        10
      ],
      [
        2,
        3,
        4,
        5,
        6,
        7,
        8,
        9,
        10,
        12,
        13
      ],
      [
        0,
        1,
        2,
        3,
        4,
        5,
        6,
        7,
        8,
        9,
        10,
        11,
        12,
        13,
        14
      ]
    ]
  },
  "objects": [
    {
      "3d_coords": [
        2.9341235160827637,
        0.9092954397201538,
        0.30000001192092896
      ],
      "rotation": 238.33247717722,
      "size": "small",
      "pixel_coords": [
        499,
        274,
        10.346256256103516
      ],
      "color": "gray",
      "shape": "sphere",
      "material": "rubber"
    },
    {
      "3d_coords": [
        1.7273117303848267,
        -0.05213772505521774,
        0.30000001192092896
      ],
      "rotation": 69.08629569851684,
      "size": "small",
      "pixel_coords": [
        395,
        265,
        10.556161880493164
      ],
      "color": "blue",
      "shape": "cube",
      "material": "rubber"
    },
    {
      "3d_coords": [
        -1.037074327468872,
        1.977331280708313,
        0.30000001192092896
      ],
      "rotation": 270.7023281892243,
      "size": "large",