{
  "directions": {
    "below": [
      -0.0,
      -0.0,
      -1.0
    ],
    "above": [
      0.0,
      0.0,
      1.0
    ],
    "behind": [
      -0.754490315914154,
      0.6563112735748291,
      0.0
    ],
    "left": [
      -0.6563112735748291,
      -0.7544902563095093,
      0.0
    ],
    "right": [
      0.6563112735748291,
      0.7544902563095093,
      -0.0
    ],
    "front": [
      0.754490315914154,
      -0.6563112735748291,
      -0.0
    ]
  },
  "relationships": {
    "left": [
      [
        1,
        2,
        3,
        4,
        5,
        6,
        7,
        8,
        9,
        10,
        11,
        12,
        13,
        14
      ],
      [
        5,
        8,
        10,
        14
      ],
      [
        1,
        3,
        4,
        5,
        7,
        8,
        9,
        10,
        11,
        12,
        13,
        14
      ],
      [
        1,
        4,
        5,
        7,
        8,
        10,
        12,
        14
      ],
      [
        1,
        5,
        8,
        10,
        14
      ],
      [
        10,
        14
      ],
      [
        1,
        2,
        3,
        4,
        5,
        7,
        8,
        9,
        10,
        11,
        12,
        13,
        14
      ],
      [
        1,
        4,
        5,
        8,
        10,
        14
      ],
      [
        5,
        10,
        14
      ],
      [
        1,
        3,
        4,
        5,
        7,
        8,
        10,
        11,
        12,
        14
      ],
      [],
      [
        1,
        3,
        4,
        5,
        7,
        8,
        10,
        12,
        14
      ],
      [
        1,
        4,
        5,
        7,
        8,
        10,
        14
      ],
      [
        1,
        3,
        4,
        5,
        7,
        8,
        9,
        10,
        11,
        12,
        14
      ],
      [
        10
      ],
      [
        0,
        1,
        2,
        3,
        4,
        5,
        6,
        7,
        8,
        9,
        10,
        11,
        12,
        13,
        14
      ]
    ],
    "right": [
      [
        15
      ],
      [
        0,
        2,
        3,
        4,
        6,
        7,
        9,
        11,
        12,
        13,
        15
      ],
      [
        0,
        6,
        15
      ],
      [
        0,
        2,
        6,
        9,
        11,
        13,
        15
      ],
      [
        0,
        2,
        3,
        6,
        7,
        9,
        11,
        12,
        13,
        15
      ],
      [
        0,
        1,
        2,
        3,
        4,
        6,
        7,
        8,
        9,
        11,
        12,
        13,
        15
      ],
      [
        0,
        15
      ],
      [
        0,
        2,
        3,
        6,
        9,
        11,
        12,
        13,
        15
      ],
      [
        0,
        1,
        2,
        3,
        4,
        6,
        7,
        9,
        11,
        12,
        13,
        15
      ],
      [
        0,
        2,
        6,
        13,
        15
      ],
      [
        0,
        1,
        2,
        3,
        4,
        5,
        6,
        7,
        8,
        9,
        11,
        12,
        13,
        14,
        15
      ],
      [
        0,
        2,
        6,
        9,
        13,
        15
      ],
      [
        0,
        2,
        3,
        6,
        9,
        11,
        13,
        15
      ],
      [
        0,
        2,
        6,
        15
      ],
      [
        0,
        1,
        2,
        3,
        4,
        5,
        6,
        7,
        8,
        9,
        11,
        12,
        13,
        15
      ],
      []
    ],
    "front": [
      [
        1,
        13
      ],
      [
        13
      ],
      [
        0,
        1,
        3,
        4,
        5,
        6,
        7,
        8,
        10,
        11,
        12,
        13,
        14,
        15
      ],
      [
        0,
        1,
        4,
        5,
        6,
        8,
        10,
        12,
        13,
        15
      ],
      [
        0,
        1,
        8,
        12,
        13
      ],
      [
        0,
        1,
        4,
        6,
        8,
        12,
        13,
        15
      ],
      [
        0,
        1,
        4,
        8,
        12,
        13,
        15
      ],
      [
        0,
        1,
        3,
        4,
        5,
        6,
        8,
        10,
        11,
        12,
        13,
        14,
        15
      ],
      [
        0,
        1,
        12,
        13
      ],
      [
        0,
        1,
        2,
        3,
        4,
        5,
        6,
        7,
        8,
        10,
        11,
        12,
        13,
        14,
        15
      ],
      [
        0,
        1,
        4,
        5,
        6,
        8,
        12,
        13,
        15
      ],
      [
        0,
        1,
        3,
        4,
        5,
        6,
        8,
        10,
        12,
        13,
        14,
        15
      ],
      [
        0,
        1,
        13
      ],
      [],
      [
        0,
        1,
        3,
        4,
        5,
        6,
        8,
        10,
        12,
        13,
        15
      ],
      [
        0,
        1,
        4,
        8,
        12,
        13
      ]
    ],
    "behind": [
      [
        2,
        3,
        4,
        5,
        6,
        7,
        8,
        9,
        10,
        11,
        12,
        14,
        15
      ],
      [
        0,
        2,
        3,
        4,
        5,
        6,
        7,
        8,
        9,
        10,
        11,
        12,
        14,
        15
      ],
      [
        9
      ],
      [
        2,
        7,
        9,
        11,
        14
      ],
      [
        2,
        3,
        5,
        6,
        7,
        9,
        10,
        11,
        14,
        15
      ],
      [
        2,
        3,
        7,
        9,
        10,
        11,
        14
      ],
      [
        2,
        3,
        5,
        7,
        9,
        10,
        11,
        14
      ],
      [
        2,
        9
      ],
      [
        2,
        3,
        4,
        5,
        6,
        7,
        9,
        10,
        11,
        14,
        15
      ],
      [],
      [
        2,
        3,
        7,
        9,
        11,
        14
      ],
      [
        2,
        7,
        9
      ],
      [
        2,
        3,
        4,
        5,
        6,
        7,
        8,
        9,
        10,
        11,
        14,
        15
      ],
      [
        0,
        1,
        2,
        3,
        4,
        5,
        6,
        7,
        8,
        9,
        10,
        11,
        12,
        14,
        15
      ],
      [
        2,
        7,
        9,
        11
      ],
      [
        2,
        3,
        5,
        6,
        7,
        9,
        10,
        11,
        14
      ]
    ]
  },
  "objects": [
    {
      "3d_coords": [
        2.9821927547454834,
        0.9341516494750977,
        0.30000001192092896
      ],
      "rotation": 155.24982472289616,
      "size": "large",
      "pixel_coords": [
        521,
        285,
        9.234198570251465
      ],
      "color": "brown",
      "shape": "sphere",
      "material": "rubber"
    },
    {
      "3d_coords": [
        0.7027645111083984,
        -2.656278371810913,
        0.30000001192092896
      ],
      "rotation": 181.0005612970231,
      "size": "large",
      "pixel_coords": [
        195,
        313,
        8.71520709991455
      ],
      "color": "purple",
      "shape": "sphere",
      "material": "rubber"
    },
    {
      "3d_coords": [
        -1.1740642786026,
        2.589925527572632,
        0.30000001192092896
      ],
      "rotation": 235.02311063936682,
      "size": "large",