{
  "directions": {
    "above": [
      0.0,
      0.0,
      1.0
    ],
    "left": [
      -0.6563112735748291,
      -0.7544902563095093,
      0.0
    ],
    "front": [
      0.754490315914154,
      -0.6563112735748291,
      -0.0
    ],
    "below": [
      -0.0,
      -0.0,
      -1.0
    ],
    "behind": [
      -0.754490315914154,
      0.6563112735748291,
      0.0
    ],
    "right": [
      0.6563112735748291,
      0.7544902563095093,
      -0.0
    ]
  },
  "image_filename": "CLEVR_new_001018.png",
  "image_index": 1018,
  "relationships": {
    "front": [
      [
        2,
        4,
        5,
        7,
        9
      ],
      [
        0,
        2,
        4,
        5,
        7,
        9
      ],
      [
        4,
        5,
        7
      ],
      [
        0,
        1,
        2,
        4,
        5,
        7,
        8,
        9
      ],
      [
        7
      ],
      [
        4,
        7
      ],
      [
        0,
        1,
        2,
        3,
        4,
        5,
        7,
        8,
        9
      ],
      [],
      [
        0,
        1,
        2,
        4,
        5,
        7,
        9
      ],
      [
        2,
        4,
        5,
        7
      ]
    ],
    "left": [
      [
        5
      ],
      [
        0,
        4,
        5,
        6,
        8
      ],
      [
        0,
        1,
        3,
        4,
        5,
        6,
        7,
        8,
        9
      ],
      [
        0,
        1,
        4,
        5,
        6,
        8,
        9
      ],
      [
        0,
        5
      ],
      [],
      [
        0,
        4,
        5
      ],
      [
        0,
        1,
        3,
        4,
        5,
        6,
        8,
        9
      ],
      [
        0,
        4,
        5,
        6
      ],
      [
        0,
        1,
        4,
        5,
        6,
        8
      ]
    ],
    "behind": [
      [
        1,
        3,
        6,
        8
      ],
      [
        3,
        6,
        8
      ],
      [
        0,
        1,
        3,
        6,
        8,
        9
      ],
      [
        6
      ],
      [
        0,
        1,
        2,
        3,
        5,
        6,
        8,
        9
      ],
      [
        0,
        1,
        2,
        3,
        6,
        8,
        9
      ],
      [],
      [
        0,
        1,
        2,
        3,
        4,
        5,
        6,
        8,
        9
      ],
      [
        3,
        6
      ],
      [
        0,
        1,
        3,
        6,
        8
      ]
    ],
    "right": [
      [
        1,
        2,
        3,
        4,
        6,
        7,
        8,
        9
      ],
      [
        2,
        3,
        7,
        9
      ],
      [],
      [
        2,
        7
      ],
      [
        1,
        2,
        3,
        6,
        7,
        8,
        9
      ],
      [
        0,
        1,
        2,
        3,
        4,
        6,
        7,
        8,
        9
      ],
      [
        1,
        2,
        3,
        7,
        8,
        9
      ],
      [
        2
      ],
      [
        1,
        2,
        3,
        7,
        9
      ],
      [
        2,
        3,
        7
      ]
    ]
  },
  "split": "new",
  "objects": [
    {
      "3d_coords": [
        -0.5469896793365479,
        -0.4967159032821655,
        0.30000001192092896
      ],
      "rotation": 122.6068042802324,
      "color": "gray",
      "shape": "sphere",
      "pixel_coords": [
        275,
        222,
        11.40394115447998
      ],
      "material": "rubber",
      "size": "small"
    },
    {
      "3d_coords": [
        0.3552928864955902,
        0.9764382243156433,
        0.30000001192092896
      ],
      "rotation": 203.677681450638,
      "color": "cyan",
      "shape": "sphere",
      "pixel_coords": [
        378,
        213,
        11.688958168029785
      ],
      "material": "rubber",
      "size": "small"
    },
    {
      "3d_coords": [
        2.160273551940918,
        1.504387378692627,
        0.30000001192092896
      ],
      "rotation": 190.63734773658342,
      "color": "yellow",
      "shape": "cylinder",
      "pixel_coords": [
        486,
        240,
        10.81746768951416
      ],
      "material": "rubber",
      "size": "large"
    },
    {
      "3d_coords": [
        -0.336855947971344,
        2.755391836166382,
        0.30000001192092896
      ],
      "rotation": 353.85143898184674,
      "color": "brown",
      "shape": "sphere",
      "pixel_coords": [
        416,
        174,
        13.203986167907715
      ],
      "material": "rubber",
      "size": "large"
    },
    {
      "3d_coords": [
        1.1866501569747925,
        -1.4626911878585815,
        0.30000001192092896
      ],
      "rotation": 74.38688788659583,
      "color": "gray",
      "shape": "cylinder",
      "pixel_coords": [
        299,
        283,
        9.689009666442871
      ],
      "material": "rubber",
      "size": "small"
    },
    {
      "3d_coords": [
        -0.13916490972042084,
        -1.6095699071884155,
        0.30000001192092896
      ],
      "rotation": 112.00240436167788,
      "color": "yellow",
      "shape": "cylinder",
      "pixel_coords": [
        234,
        252,
        10.472723960876465
      ],
      "material": "rubber",
      "size": "small"
    },
    {
      "3d_coords": [
        -2.9220023155212402,
        2.9442756175994873,
        0.30000001192092896
      ],
      "rotation": 317.4044708962882,
      "color": "brown",
      "shape": "sphere",
      "pixel_coords": [
        330,
        138,
        15.015361785888672
      ],
      "material": "rubber",
      "size": "large"
    },
    {
      "3d_coords": [
        2.9673874378204346,
        0.18268585205078125,
        0.30000001192092896
      ],
      "rotation": 298.97202500038736,
      "color": "purple",
      "shape": "sphere",
      "pixel_coords": [
        477,
        291,
        9.499395370483398
      ],
      "material": "rubber",
      "size": "large"
    },
    {
      "3d_coords": [
        -0.594404399394989,
        1.3804285526275635,
        0.30000001192092896
      ],
      "rotation": 309.3736791395012,
      "color": "blue",
      "shape": "cylinder",
      "pixel_coords": [
        355,
        190,
        12.55380630493164
      ],
      "material": "rubber",
      "size": "large"
    },
    {
      "3d_coords": [
        1.1539428234100342,
        0.6718250513076782,
        0.30000001192092896
      ],
      "rotation": 294.8326209069848,
      "color": "cyan",
      "shape": "sphere",
      "pixel_coords": [
        401,
        235,
        10.982593536376953
      ],
      "material": "rubber",
      "size": "large"
    }
  ]
}