{
  "relationships": {
    "right": [
      [
        1
      ],
      [],
      [
        0,
        1
      ],
      [
        0,
        1,
        2,
        4,
        5
      ],
      [
        0,
        1,
        2
      ],
      [
        0,
        1,
        2,
        4
      ],
      [
        0,
        1,
        2,
        3,
        4,
        5,
        7
      ],
      [
        0,
        1,
        2,
        3,
        4,
        5
      ]
    ],
    "left": [
      [
        2,
        3,
        4,
        5,
        6,
        7
      ],
      [
        0,
        2,
        3,
        4,
        5,
        6,
        7
      ],
      [
        3,
        4,
        5,
        6,
        7
      ],
      [
        6,
        7
      ],
      [
        3,
        5,
        6,
        7
      ],
      [
        3,
        6,
        7
      ],
      [],
      [
        6
      ]
    ],
    "behind": [
      [
        2,
        5,
        6,
        7
      ],
      [
        0,
        2,
        5,
        6,
        7
      ],
      [
        5
      ],
      [
        0,
        1,
        2,
        4,
        5,
        6,
        7
      ],
      [
        0,
        1,
        2,
        5,
        6,
        7
      ],
      [],
      [
        2,
        5,
        7
      ],
      [
        2,
        5
      ]
    ],
    "front": [
      [
        1,
        3,
        4
      ],
      [
        3,
        4
      ],
      [
        0,
        1,
        3,
        4,
        6,
        7
      ],
      [],
      [
        3
      ],
      [
        0,
        1,
        2,
        3,
        4,
        6,
        7
      ],
      [
        0,
        1,
        3,
        4
      ],
      [
        0,
        1,
        3,
        4,
        6
      ]
    ]
  },
  "image_index": 830,
  "directions": {
    "below": [
      -0.0,
      -0.0,
      -1.0
    ],
    "left": [
      -0.6563112735748291,
      -0.7544902563095093,
      0.0
    ],
    "above": [
      0.0,
      0.0,
      1.0
    ],
    "front": [
      0.754490315914154,
      -0.6563112735748291,
      -0.0
    ],
    "behind": [
      -0.754490315914154,
      0.6563112735748291,
      0.0
    ],
    "right": [
      0.6563112735748291,
      0.7544902563095093,
      -0.0
    ]
  },
  "objects": [
    {
      "shape": "sphere",
      "pixel_coords": [
        451,
        208,
        11.60727596282959
      ],
      "color": "gray",
      "rotation": 204.70893604355575,
      "size": "small",
      "material": "rubber",
      "3d_coords": [
        0.9567757844924927,
        2.0422441959381104,
        0.30000001192092896
      ]
    },
    {
      "shape": "cylinder",
      "pixel_coords": [
        489,
        240,
        10.515591621398926
      ],
      "color": "blue",
      "rotation": 159.1920149844031,
      "size": "large",
      "material": "rubber",
      "3d_coords": [
        2.1175570487976074,
        1.5334258079528809,
        0.30000001192092896
      ]
    },
    {
      "shape": "cube",
      "pixel_coords": [
        383,
        174,
        13.056756019592285
      ],
      "color": "gray",
      "rotation": 279.983524747342,
      "size": "large",
      "material": "rubber",
      "3d_coords": [
        -0.9174309372901917,
        2.3305187225341797,
        0.30000001192092896
      ]
    },
    {
      "shape": "cube",
      "pixel_coords": [
        235,
        349,
        7.939943313598633
      ],
      "color": "gray",
      "rotation": 284.2849598696112,
      "size": "large",
      "material": "rubber",
      "3d_coords": [
        2.0026843547821045,
        -2.9861197471618652,
        0.30000001192092896
      ]
    },
    {
      "shape": "cylinder",
      "pixel_coords": [
        373,
        247,
        10.301918983459473
      ],
      "color": "gray",
      "rotation": 303.77587175822674,
      "size": "large",
      "material": "rubber",
      "3d_coords": [
        1.148236870765686,
        0.042118582874536514,
        0.30000001192092896
      ]
    },
    {
      "shape": "cube",
      "pixel_coords": [
        314,
        147,
        14.487207412719727
      ],
      "color": "purple",
      "rotation": 316.68630802269365,
      "size": "small",
      "material": "rubber",
      "3d_coords": [
        -2.9613823890686035,
        2.38895320892334,
        0.30000001192092896
      ]
    },
    {
      "shape": "cylinder",
      "pixel_coords": [
        172,
        195,
        12.111861228942871
      ],
      "color": "purple",
      "rotation": 21.187804642570764,
      "size": "small",
      "material": "rubber",
      "3d_coords": [
        -2.5568811893463135,
        -1.1854028701782227,
        0.30000001192092896
      ]
    },
    {
      "shape": "cube",
      "pixel_coords": [
        212,
        180,
        12.759312629699707
      ],
      "color": "brown",
      "rotation": 206.06421128703735,
      "size": "large",
      "material": "rubber",
      "3d_coords": [
        -2.7148525714874268,
        -0.266635924577713,
        0.30000001192092896
      ]
    }
  ],
  "image_filename": "CLEVR_new_000830.png",
  "split": "new"
}