{
  "relationships": {
    "right": [
      [
        1,
        2,
        3,
        4,
        5,
        6,
        7
      ],
      [
        3,
        5
      ],
      [
        1,
        3,
        5,
        6
      ],
      [
        5
      ],
      [
        1,
        2,
        3,
        5,
        6
      ],
      [],
      [
        1,
        3,
        5
      ],
      [
        1,
        2,
        3,
        4,
        5,
        6
      ]
    ],
    "left": [
      [],
      [
        0,
        2,
        4,
        6,
        7
      ],
      [
        0,
        4,
        7
      ],
      [
        0,
        1,
        2,
        4,
        6,
        7
      ],
      [
        0,
        7
      ],
      [
        0,
        1,
        2,
        3,
        4,
        6,
        7
      ],
      [
        0,
        2,
        4,
        7
      ],
      [
        0
      ]
    ],
    "behind": [
      [
        1,
        6
      ],
      [],
      [
        0,
        1,
        5,
        6
      ],
      [
        0,
        1,
        2,
        5,
        6,
        7
      ],
      [
        0,
        1,
        2,
        3,
        5,
        6,
        7
      ],
      [
        0,
        1,
        6
      ],
      [
        1
      ],
      [
        0,
        1,
        2,
        5,
        6
      ]
    ],
    "front": [
      [
        2,
        3,
        4,
        5,
        7
      ],
      [
        0,
        2,
        3,
        4,
        5,
        6,
        7
      ],
      [
        3,
        4,
        7
      ],
      [
        4
      ],
      [],
      [
        2,
        3,
        4,
        7
      ],
      [
        0,
        2,
        3,
        4,
        5,
        7
      ],
      [
        3,
        4
      ]
    ]
  },
  "image_index": 829,
  "directions": {
    "below": [
      -0.0,
      -0.0,
      -1.0
    ],
    "left": [
      -0.6563112735748291,
      -0.7544902563095093,
      0.0
    ],
    "above": [
      0.0,
      0.0,
      1.0
    ],
    "front": [
      0.754490315914154,
      -0.6563112735748291,
      -0.0
    ],
    "behind": [
      -0.754490315914154,
      0.6563112735748291,
      0.0
    ],
    "right": [
      0.6563112735748291,
      0.7544902563095093,
      -0.0
    ]
  },
  "objects": [
    {
      "shape": "sphere",
      "pixel_coords": [
        126,
        199,
        12.080642700195312
      ],
      "color": "gray",
      "rotation": 166.02228710707803,
      "size": "large",
      "material": "rubber",
      "3d_coords": [
        -2.995389699935913,
        -1.7725797891616821,
        0.30000001192092896
      ]
    },
    {
      "shape": "cylinder",
      "pixel_coords": [
        414,
        175,
        13.073254585266113
      ],
      "color": "brown",
      "rotation": 101.4525518483991,
      "size": "small",
      "material": "rubber",
      "3d_coords": [
        -0.28804072737693787,
        2.6880710124969482,
        0.30000001192092896
      ]
    },
    {
      "shape": "sphere",
      "pixel_coords": [
        352,
        220,
        11.353302001953125
      ],
      "color": "blue",
      "rotation": 46.1892571756162,
      "size": "small",
      "material": "rubber",
      "3d_coords": [
        0.26959776878356934,
        0.468237042427063,
        0.30000001192092896
      ]
    },
    {
      "shape": "cylinder",
      "pixel_coords": [
        487,
        272,
        9.836603164672852
      ],
      "color": "cyan",
      "rotation": 268.3466270886433,
      "size": "small",
      "material": "rubber",
      "3d_coords": [
        2.758113145828247,
        0.6066306233406067,
        0.30000001192092896
      ]
    },
    {
      "shape": "sphere",
      "pixel_coords": [
        309,
        375,
        7.7951202392578125
      ],
      "color": "cyan",
      "rotation": 103.94551915316057,
      "size": "large",
      "material": "rubber",
      "3d_coords": [
        2.7200472354888916,
        -2.7628822326660156,
        0.30000001192092896
      ]
    },
    {
      "shape": "sphere",
      "pixel_coords": [
        465,
        201,
        12.037059783935547
      ],
      "color": "brown",
      "rotation": 199.73717843578154,
      "size": "large",
      "material": "rubber",
      "3d_coords": [
        1.0738868713378906,
        2.4276270866394043,
        0.30000001192092896
      ]
    },
    {
      "shape": "sphere",
      "pixel_coords": [
        359,
        182,
        12.779206275939941
      ],
      "color": "green",
      "rotation": 284.68167413954836,
      "size": "large",
      "material": "rubber",
      "3d_coords": [
        -0.7618838548660278,
        1.7111268043518066,
        0.30000001192092896
      ]
    },
    {
      "shape": "cube",
      "pixel_coords": [
        229,
        240,
        10.732998847961426
      ],
      "color": "yellow",
      "rotation": 222.04958151037502,
      "size": "large",
      "material": "rubber",
      "3d_coords": [
        -0.5513861179351807,
        -1.4051872491836548,
        0.30000001192092896
      ]
    }
  ],
  "image_filename": "CLEVR_new_000829.png",
  "split": "new"
}