{
  "directions": {
    "below": [
      -0.0,
      -0.0,
      -1.0
    ],
    "above": [
      0.0,
      0.0,
      1.0
    ],
    "behind": [
      -0.754490315914154,
      0.6563112735748291,
      0.0
    ],
    "left": [
      -0.6563112735748291,
      -0.7544902563095093,
      0.0
    ],
    "right": [
      0.6563112735748291,
      0.7544902563095093,
      -0.0
    ],
    "front": [
      0.754490315914154,
      -0.6563112735748291,
      -0.0
    ]
  },
  "relationships": {
    "left": [
      [
        5,
        8
      ],
      [
        0,
        4,
        5,
        8,
        10,
        13,
        14
      ],
      [
        0,
        1,
        3,
        4,
        5,
        6,
        7,
        8,
        9,
        10,
        12,
        13,
        14,
        15
      ],
      [
        0,
        1,
        4,
        5,
        7,
        8,
        10,
        13,
        14,
        15
      ],
      [
        0,
        5,
        8,
        14
      ],
      [
        8
      ],
      [
        0,
        1,
        3,
        4,
        5,
        7,
        8,
        9,
        10,
        12,
        13,
        14,
        15
      ],
      [
        0,
        1,
        4,
        5,
        8,
        10,
        13,
        14
      ],
      [],
      [
        0,
        1,
        3,
        4,
        5,
        7,
        8,
        10,
        13,
        14,
        15
      ],
      [
        0,
        4,
        5,
        8,
        13,
        14
      ],
      [
        0,
        1,
        2,
        3,
        4,
        5,
        6,
        7,
        8,
        9,
        10,
        12,
        13,
        14,
        15
      ],
      [
        0,
        1,
        3,
        4,
        5,
        7,
        8,
        9,
        10,
        13,
        14,
        15
      ],
      [
        0,
        4,
        5,
        8,
        14
      ],
      [
        0,
        5,
        8
      ],
      [
        0,
        1,
        4,
        5,
        7,
        8,
        10,
        13,
        14
      ]
    ],
    "right": [
      [
        1,
        2,
        3,
        4,
        6,
        7,
        9,
        10,
        11,
        12,
        13,
        14,
        15
      ],
      [
        2,
        3,
        6,
        7,
        9,
        11,
        12,
        15
      ],
      [
        11
      ],
      [
        2,
        6,
        9,
        11,
        12
      ],
      [
        1,
        2,
        3,
        6,
        7,
        9,
        10,
        11,
        12,
        13,
        15
      ],
      [
        0,
        1,
        2,
        3,
        4,
        6,
        7,
        9,
        10,
        11,
        12,
        13,
        14,
        15
      ],
      [
        2,
        11
      ],
      [
        2,
        3,
        6,
        9,
        11,
        12,
        15
      ],
      [
        0,
        1,
        2,
        3,
        4,
        5,
        6,
        7,
        9,
        10,
        11,
        12,
        13,
        14,
        15
      ],
      [
        2,
        6,
        11,
        12
      ],
      [
        1,
        2,
        3,
        6,
        7,
        9,
        11,
        12,
        15
      ],
      [],
      [
        2,
        6,
        11
      ],
      [
        1,
        2,
        3,
        6,
        7,
        9,
        10,
        11,
        12,
        15
      ],
      [
        1,
        2,
        3,
        4,
        6,
        7,
        9,
        10,
        11,
        12,
        13,
        15
      ],
      [
        2,
        3,
        6,
        9,
        11,
        12
      ]
    ],
    "front": [
      [
        1,
        2,
        7,
        12,
        13
      ],
      [],
      [
        1,
        7,
        13
      ],
      [
        0,
        1,
        2,
        4,
        7,
        8,
        10,
        11,
        12,
        13
      ],
      [
        0,
        1,
        2,
        7,
        8,
        10,
        12,
        13
      ],
      [
        0,
        1,
        2,
        3,
        4,
        7,
        8,
        10,
        11,
        12,
        13
      ],
      [
        0,
        1,
        2,
        3,
        4,
        5,
        7,
        8,
        10,
        11,
        12,
        13
      ],
      [
        1,
        13
      ],
      [
        0,
        1,
        2,
        7,
        10,
        12,
        13
      ],
      [
        0,
        1,
        2,
        3,
        4,
        5,
        6,
        7,
        8,
        10,
        11,
        12,
        13,
        14
      ],
      [
        0,
        1,
        2,
        7,
        12,
        13
      ],
      [
        0,
        1,
        2,
        4,
        7,
        8,
        10,
        12,
        13
      ],
      [
        1,
        2,
        7,
        13
      ],
      [
        1
      ],
      [
        0,
        1,
        2,
        3,
        4,
        5,
        6,
        7,
        8,
        10,
        11,
        12,
        13
      ],
      [
        0,
        1,
        2,
        3,
        4,
        5,
        6,
        7,
        8,
        9,
        10,
        11,
        12,
        13,
        14
      ]
    ],
    "behind": [
      [
        3,
        4,
        5,
        6,
        8,
        9,
        10,
        11,
        14,
        15
      ],
      [
        0,
        2,
        3,
        4,
        5,
        6,
        7,
        8,
        9,
        10,
        11,
        12,
        13,
        14,
        15
      ],
      [
        0,
        3,
        4,
        5,
        6,
        8,
        9,
        10,
        11,
        12,
        14,
        15
      ],
      [
        5,
        6,
        9,
        14,
        15
      ],
      [
        3,
        5,
        6,
        9,
        11,
        14,
        15
      ],
      [
        6,
        9,
        14,
        15
      ],
      [
        9,
        14,
        15
      ],
      [
        0,
        2,
        3,
        4,
        5,
        6,
        8,
        9,
        10,
        11,
        12,
        14,
        15
      ],
      [
        3,
        4,
        5,
        6,
        9,
        11,
        14,
        15
      ],
      [
        15
      ],
      [
        3,
        4,
        5,
        6,
        8,
        9,
        11,
        14,
        15
      ],
      [
        3,
        5,
        6,
        9,
        14,
        15
      ],
      [
        0,
        3,
        4,
        5,
        6,
        8,
        9,
        10,
        11,
        14,
        15
      ],
      [
        0,
        2,
        3,
        4,
        5,
        6,
        7,
        8,
        9,
        10,
        11,
        12,
        14,
        15
      ],
      [
        9,
        15
      ],
      []
    ]
  },
  "objects": [
    {
      "3d_coords": [
        -0.780179500579834,
        -2.575854539871216,
        0.30000001192092896
      ],
      "rotation": 346.9052147007813,
      "size": "small",
      "pixel_coords": [
        147,
        261,
        10.007148742675781
      ],
      "color": "gray",
      "shape": "cube",
      "material": "rubber"
    },
    {
      "3d_coords": [
        2.322016954421997,
        -2.7802603244781494,
        0.30000001192092896
      ],
      "rotation": 113.93131015182844,
      "size": "small",
      "pixel_coords": [
        265,
        383,
        7.88005256652832
      ],
      "color": "red",
      "shape": "cube",
      "material": "rubber"
    },
    {
      "3d_coords": [
        2.8166310787200928,
        0.7813032269477844,
        0.30000001192092896
      ],
      "rotation": 167.89720625219002,
      "size": "small",