{
  "directions": {
    "above": [
      0.0,
      0.0,
      1.0
    ],
    "left": [
      -0.6563112735748291,
      -0.7544902563095093,
      0.0
    ],
    "front": [
      0.754490315914154,
      -0.6563112735748291,
      -0.0
    ],
    "below": [
      -0.0,
      -0.0,
      -1.0
    ],
    "behind": [
      -0.754490315914154,
      0.6563112735748291,
      0.0
    ],
    "right": [
      0.6563112735748291,
      0.7544902563095093,
      -0.0
    ]
  },
  "image_filename": "CLEVR_new_001023.png",
  "image_index": 1023,
  "relationships": {
    "front": [
      [
        1,
        3,
        4,
        5,
        7,
        9
      ],
      [
        4,
        7
      ],
      [
        0,
        1,
        3,
        4,
        5,
        7,
        9
      ],
      [
        1,
        4,
        7
      ],
      [
        7
      ],
      [
        1,
        3,
        4,
        7
      ],
      [
        0,
        1,
        2,
        3,
        4,
        5,
        7,
        9
      ],
      [],
      [
        0,
        1,
        2,
        3,
        4,
        5,
        6,
        7,
        9
      ],
      [
        1,
        3,
        4,
        5,
        7
      ]
    ],
    "left": [
      [
        1,
        2,
        3,
        4,
        5,
        6,
        7,
        9
      ],
      [
        2,
        3,
        4,
        5,
        6,
        7,
        9
      ],
      [
        3,
        4,
        5,
        6,
        9
      ],
      [
        5
      ],
      [
        3,
        5,
        6,
        9
      ],
      [],
      [
        3,
        5
      ],
      [
        2,
        3,
        4,
        5,
        6,
        9
      ],
      [
        0,
        1,
        2,
        3,
        4,
        5,
        6,
        7,
        9
      ],
      [
        3,
        5,
        6
      ]
    ],
    "behind": [
      [
        2,
        6,
        8
      ],
      [
        0,
        2,
        3,
        5,
        6,
        8,
        9
      ],
      [
        6,
        8
      ],
      [
        0,
        2,
        5,
        6,
        8,
        9
      ],
      [
        0,
        1,
        2,
        3,
        5,
        6,
        8,
        9
      ],
      [
        0,
        2,
        6,
        8,
        9
      ],
      [
        8
      ],
      [
        0,
        1,
        2,
        3,
        4,
        5,
        6,
        8,
        9
      ],
      [],
      [
        0,
        2,
        6,
        8
      ]
    ],
    "right": [
      [
        8
      ],
      [
        0,
        8
      ],
      [
        0,
        1,
        7,
        8
      ],
      [
        0,
        1,
        2,
        4,
        6,
        7,
        8,
        9
      ],
      [
        0,
        1,
        2,
        7,
        8
      ],
      [
        0,
        1,
        2,
        3,
        4,
        6,
        7,
        8,
        9
      ],
      [
        0,
        1,
        2,
        4,
        7,
        8,
        9
      ],
      [
        0,
        1,
        8
      ],
      [],
      [
        0,
        1,
        2,
        4,
        7,
        8
      ]
    ]
  },
  "split": "new",
  "objects": [
    {
      "3d_coords": [
        0.6926158666610718,
        1.474074125289917,
        0.30000001192092896
      ],
      "rotation": 105.54923025971097,
      "color": "red",
      "shape": "cube",
      "pixel_coords": [
        416,
        210,
        11.348492622375488
      ],
      "material": "rubber",
      "size": "small"
    },
    {
      "3d_coords": [
        1.8492965698242188,
        0.11290492117404938,
        0.30000001192092896
      ],
      "rotation": 280.1019444754119,
      "color": "cyan",
      "shape": "cylinder",
      "pixel_coords": [
        414,
        265,
        9.786510467529297
      ],
      "material": "rubber",
      "size": "large"
    },
    {
      "3d_coords": [
        -0.7894991040229797,
        1.3493846654891968,
        0.30000001192092896
      ],
      "rotation": 347.8945247174362,
      "color": "blue",
      "shape": "cube",
      "pixel_coords": [
        347,
        185,
        12.2476806640625
      ],
      "material": "rubber",
      "size": "large"
    },
    {
      "3d_coords": [
        -1.0533415079116821,
        -1.9895867109298706,
        0.30000001192092896
      ],
      "rotation": 8.695091495434276,
      "color": "purple",
      "shape": "cylinder",
      "pixel_coords": [
        174,
        239,
        10.451473236083984
      ],
      "material": "rubber",
      "size": "small"
    },
    {
      "3d_coords": [
        0.9784336686134338,
        -1.6077250242233276,
        0.30000001192092896
      ],
      "rotation": 147.92823317836678,
      "color": "red",
      "shape": "cylinder",
      "pixel_coords": [
        279,
        284,
        9.343218803405762
      ],
      "material": "rubber",
      "size": "small"
    },
    {
      "3d_coords": [
        -1.7846602201461792,
        -2.4740285873413086,
        0.30000001192092896
      ],
      "rotation": 75.64321317409377,
      "color": "red",
      "shape": "cylinder",
      "pixel_coords": [
        121,
        233,
        10.64571762084961
      ],
      "material": "rubber",
      "size": "large"
    },
    {
      "3d_coords": [
        -2.2217824459075928,
        0.0451115146279335,
        0.30000001192092896
      ],
      "rotation": 246.37425030885112,
      "color": "yellow",
      "shape": "cylinder",
      "pixel_coords": [
        238,
        180,
        12.418429374694824
      ],
      "material": "rubber",
      "size": "large"
    },
    {
      "3d_coords": [
        2.764694929122925,
        -1.2341078519821167,
        0.30000001192092896
      ],
      "rotation": 306.0882427130401,
      "color": "cyan",
      "shape": "cylinder",
      "pixel_coords": [
        398,
        331,
        8.391236305236816
      ],
      "material": "rubber",
      "size": "small"
    },
    {
      "3d_coords": [
        -0.19874350726604462,
        2.908916473388672,
        0.30000001192092896
      ],
      "rotation": 130.6956319566062,
      "color": "red",
      "shape": "cylinder",
      "pixel_coords": [
        431,
        172,
        12.779792785644531
      ],
      "material": "rubber",
      "size": "large"
    },
    {
      "3d_coords": [
        -0.5236769318580627,
        -0.6668437123298645,
        0.30000001192092896
      ],
      "rotation": 102.47614492253142,
      "color": "gray",
      "shape": "cube",
      "pixel_coords": [
        266,
        225,
        10.884018898010254
      ],
      "material": "rubber",
      "size": "small"
    }
  ]
}