{
  "directions": {
    "above": [
      0.0,
      0.0,
      1.0
    ],
    "left": [
      -0.6563112735748291,
      -0.7544902563095093,
      0.0
    ],
    "front": [
      0.754490315914154,
      -0.6563112735748291,
      -0.0
    ],
    "below": [
      -0.0,
      -0.0,
      -1.0
    ],
    "behind": [
      -0.754490315914154,
      0.6563112735748291,
      0.0
    ],
    "right": [
      0.6563112735748291,
      0.7544902563095093,
      -0.0
    ]
  },
  "image_filename": "CLEVR_new_001007.png",
  "image_index": 1007,
  "relationships": {
    "front": [
      [
        2,
        3,
        4,
        5,
        7,
        8,
        9
      ],
      [
        0,
        2,
        3,
        4,
        5,
        6,
        7,
        8,
        9
      ],
      [
        3,
        4,
        5,
        7,
        8
      ],
      [
        4,
        5,
        7,
        8
      ],
      [
        7,
        8
      ],
      [
        4,
        7,
        8
      ],
      [
        0,
        2,
        3,
        4,
        5,
        7,
        8,
        9
      ],
      [],
      [
        7
      ],
      [
        2,
        3,
        4,
        5,
        7,
        8
      ]
    ],
    "left": [
      [
        1,
        2,
        4,
        5,
        7,
        9
      ],
      [
        4,
        7,
        9
      ],
      [
        1,
        4,
        5,
        7,
        9
      ],
      [
        0,
        1,
        2,
        4,
        5,
        6,
        7,
        8,
        9
      ],
      [
        9
      ],
      [
        1,
        4,
        7,
        9
      ],
      [
        0,
        1,
        2,
        4,
        5,
        7,
        9
      ],
      [
        4,
        9
      ],
      [
        0,
        1,
        2,
        4,
        5,
        6,
        7,
        9
      ],
      []
    ],
    "behind": [
      [
        1,
        6
      ],
      [],
      [
        0,
        1,
        6,
        9
      ],
      [
        0,
        1,
        2,
        6,
        9
      ],
      [
        0,
        1,
        2,
        3,
        5,
        6,
        9
      ],
      [
        0,
        1,
        2,
        3,
        6,
        9
      ],
      [
        1
      ],
      [
        0,
        1,
        2,
        3,
        4,
        5,
        6,
        8,
        9
      ],
      [
        0,
        1,
        2,
        3,
        4,
        5,
        6,
        9
      ],
      [
        0,
        1,
        6
      ]
    ],
    "right": [
      [
        3,
        6,
        8
      ],
      [
        0,
        2,
        3,
        5,
        6,
        8
      ],
      [
        0,
        3,
        6,
        8
      ],
      [],
      [
        0,
        1,
        2,
        3,
        5,
        6,
        7,
        8
      ],
      [
        0,
        2,
        3,
        6,
        8
      ],
      [
        3,
        8
      ],
      [
        0,
        1,
        2,
        3,
        5,
        6,
        8
      ],
      [
        3
      ],
      [
        0,
        1,
        2,
        3,
        4,
        5,
        6,
        7,
        8
      ]
    ]
  },
  "split": "new",
  "objects": [
    {
      "3d_coords": [
        -0.00631076330319047,
        1.2819013595581055,
        0.30000001192092896
      ],
      "rotation": 276.23051371498184,
      "color": "red",
      "shape": "cube",
      "pixel_coords": [
        374,
        201,
        12.209573745727539
      ],
      "material": "rubber",
      "size": "large"
    },
    {
      "3d_coords": [
        -2.0294651985168457,
        1.3928290605545044,
        0.30000001192092896
      ],
      "rotation": 123.72864722581568,
      "color": "red",
      "shape": "sphere",
      "pixel_coords": [
        303,
        165,
        13.581205368041992
      ],
      "material": "rubber",
      "size": "small"
    },
    {
      "3d_coords": [
        0.3585827648639679,
        -0.0482855923473835,
        0.30000001192092896
      ],
      "rotation": 196.83284679413396,
      "color": "purple",
      "shape": "sphere",
      "pixel_coords": [
        333,
        233,
        11.198302268981934
      ],
      "material": "rubber",
      "size": "small"
    },
    {
      "3d_coords": [
        2.203450918197632,
        0.9536386728286743,
        0.30000001192092896
      ],
      "rotation": 143.4663893888746,
      "color": "purple",
      "shape": "cylinder",
      "pixel_coords": [
        464,
        255,
        10.590679168701172
      ],
      "material": "rubber",
      "size": "large"
    },
    {
      "3d_coords": [
        0.29321426153182983,
        -2.5088765621185303,
        0.30000001192092896
      ],
      "rotation": 330.17316500928143,
      "color": "brown",
      "shape": "cylinder",
      "pixel_coords": [
        201,
        288,
        9.805912017822266
      ],
      "material": "rubber",
      "size": "small"
    },
    {
      "3d_coords": [
        1.0463188886642456,
        -0.9570592641830444,
        0.30000001192092896
      ],
      "rotation": 196.2537770726401,
      "color": "brown",
      "shape": "cylinder",
      "pixel_coords": [
        319,
        270,
        10.224175453186035
      ],
      "material": "rubber",
      "size": "small"
    },
    {
      "3d_coords": [
        -0.6773989796638489,
        2.247375249862671,
        0.30000001192092896
      ],
      "rotation": 114.01732109363618,
      "color": "red",
      "shape": "cube",
      "pixel_coords": [
        384,
        174,
        13.20600414276123
      ],
      "material": "rubber",
      "size": "small"
    },
    {
      "3d_coords": [
        1.614088535308838,
        -2.118777275085449,
        0.30000001192092896
      ],
      "rotation": 207.84205742048,
      "color": "red",
      "shape": "sphere",
      "pixel_coords": [
        283,
        318,
        9.180070877075195
      ],
      "material": "rubber",
      "size": "small"
    },
    {
      "3d_coords": [
        2.7703025341033936,
        -0.4642893671989441,
        0.30000001192092896
      ],
      "rotation": 344.64139721858623,
      "color": "yellow",
      "shape": "cylinder",
      "pixel_coords": [
        433,
        307,
        9.397787094116211
      ],
      "material": "rubber",
      "size": "small"
    },
    {
      "3d_coords": [
        -2.093111991882324,
        -1.8406789302825928,
        0.30000001192092896
      ],
      "rotation": 25.19146221241151,
      "color": "gray",
      "shape": "cylinder",
      "pixel_coords": [
        155,
        215,
        11.737061500549316
      ],
      "material": "rubber",
      "size": "small"
    }
  ]
}