{
  "directions": {
    "below": [
      -0.0,
      -0.0,
      -1.0
    ],
    "above": [
      0.0,
      0.0,
      1.0
    ],
    "behind": [
      -0.754490315914154,
      0.6563112735748291,
      0.0
    ],
    "left": [
      -0.6563112735748291,
      -0.7544902563095093,
      0.0
    ],
    "right": [
      0.6563112735748291,
      0.7544902563095093,
      -0.0
    ],
    "front": [
      0.754490315914154,
      -0.6563112735748291,
      -0.0
    ]
  },
  "relationships": {
    "left": [
      [
        3,
        6,
        8,
        13
      ],
      [
        0,
        3,
        6,
        7,
        8,
        12,
        13
      ],
      [
        0,
        1,
        3,
        4,
        6,
        7,
        8,
        9,
        12,
        13,
        15
      ],
      [
        8,
        13
      ],
      [
        0,
        1,
        3,
        6,
        7,
        8,
        12,
        13,
        15
      ],
      [
        0,
        1,
        2,
        3,
        4,
        6,
        7,
        8,
        9,
        10,
        11,
        12,
        13,
        14,
        15
      ],
      [
        3,
        8,
        13
      ],
      [
        0,
        3,
        6,
        8,
        13
      ],
      [],
      [
        0,
        1,
        3,
        4,
        6,
        7,
        8,
        12,
        13,
        15
      ],
      [
        0,
        1,
        2,
        3,
        4,
        6,
        7,
        8,
        9,
        11,
        12,
        13,
        14,
        15
      ],
      [
        0,
        1,
        2,
        3,
        4,
        6,
        7,
        8,
        9,
        12,
        13,
        14,
        15
      ],
      [
        0,
        3,
        6,
        7,
        8,
        13
      ],
      [
        8
      ],
      [
        0,
        1,
        2,
        3,
        4,
        6,
        7,
        8,
        9,
        12,
        13,
        15
      ],
      [
        0,
        1,
        3,
        6,
        7,
        8,
        12,
        13
      ]
    ],
    "right": [
      [
        1,
        2,
        4,
        5,
        7,
        9,
        10,
        11,
        12,
        14,
        15
      ],
      [
        2,
        4,
        5,
        9,
        10,
        11,
        14,
        15
      ],
      [
        5,
        10,
        11,
        14
      ],
      [
        0,
        1,
        2,
        4,
        5,
        6,
        7,
        9,
        10,
        11,
        12,
        14,
        15
      ],
      [
        2,
        5,
        9,
        10,
        11,
        14
      ],
      [],
      [
        0,
        1,
        2,
        4,
        5,
        7,
        9,
        10,
        11,
        12,
        14,
        15
      ],
      [
        1,
        2,
        4,
        5,
        9,
        10,
        11,
        12,
        14,
        15
      ],
      [
        0,
        1,
        2,
        3,
        4,
        5,
        6,
        7,
        9,
        10,
        11,
        12,
        13,
        14,
        15
      ],
      [
        2,
        5,
        10,
        11,
        14
      ],
      [
        5
      ],
      [
        5,
        10
      ],
      [
        1,
        2,
        4,
        5,
        9,
        10,
        11,
        14,
        15
      ],
      [
        0,
        1,
        2,
        3,
        4,
        5,
        6,
        7,
        9,
        10,
        11,
        12,
        14,
        15
      ],
      [
        5,
        10,
        11
      ],
      [
        2,
        4,
        5,
        9,
        10,
        11,
        14
      ]
    ],
    "front": [
      [
        2,
        6,
        7,
        10,
        15
      ],
      [
        0,
        2,
        3,
        4,
        5,
        6,
        7,
        8,
        9,
        10,
        11,
        12,
        13,
        14,
        15
      ],
      [
        6,
        7,
        15
      ],
      [
        0,
        2,
        4,
        5,
        6,
        7,
        8,
        9,
        10,
        11,
        13,
        15
      ],
      [
        0,
        2,
        5,
        6,
        7,
        10,
        11,
        15
      ],
      [
        0,
        2,
        6,
        7,
        10,
        11,
        15
      ],
      [
        7
      ],
      [],
      [
        0,
        2,
        4,
        5,
        6,
        7,
        9,
        10,
        11,
        13,
        15
      ],
      [
        0,
        2,
        4,
        5,
        6,
        7,
        10,
        11,
        13,
        15
      ],
      [
        2,
        6,
        7,
        15
      ],
      [
        0,
        2,
        6,
        7,
        10,
        15
      ],
      [
        0,
        2,
        3,
        4,
        5,
        6,
        7,
        8,
        9,
        10,
        11,
        13,
        14,
        15
      ],
      [
        0,
        2,
        4,
        5,
        6,
        7,
        10,
        11,
        15
      ],
      [
        0,
        2,
        3,
        4,
        5,
        6,
        7,
        8,
        9,
        10,
        11,
        13,
        15
      ],
      [
        6,
        7
      ]
    ],
    "behind": [
      [
        1,
        3,
        4,
        5,
        8,
        9,
        11,
        12,
        13,
        14
      ],
      [],
      [
        0,
        1,
        3,
        4,
        5,
        8,
        9,
        10,
        11,
        12,
        13,
        14
      ],
      [
        1,
        12,
        14
      ],
      [
        1,
        3,
        8,
        9,
        12,
        13,
        14
      ],
      [
        1,
        3,
        4,
        8,
        9,
        12,
        13,
        14
      ],
      [
        0,
        1,
        2,
        3,
        4,
        5,
        8,
        9,
        10,
        11,
        12,
        13,
        14,
        15
      ],
      [
        0,
        1,
        2,
        3,
        4,
        5,
        6,
        8,
        9,
        10,
        11,
        12,
        13,
        14,
        15
      ],
      [
        1,
        3,
        12,
        14
      ],
      [
        1,
        3,
        8,
        12,
        14
      ],
      [
        0,
        1,
        3,
        4,
        5,
        8,
        9,
        11,
        12,
        13,
        14
      ],
      [
        1,
        3,
        4,
        5,
        8,
        9,
        12,
        13,
        14
      ],
      [
        1
      ],
      [
        1,
        3,
        8,
        9,
        12,
        14
      ],
      [
        1,
        12
      ],
      [
        0,
        1,
        2,
        3,
        4,
        5,
        8,
        9,
        10,
        11,
        12,
        13,
        14
      ]
    ]
  },
  "objects": [
    {
      "3d_coords": [
        0.1359580010175705,
        -1.3788866996765137,
        0.30000001192092896
      ],
      "rotation": 75.98299902750325,
      "size": "large",
      "pixel_coords": [
        258,
        256,
        10.616303443908691
      ],
      "color": "purple",
      "shape": "sphere",
      "material": "rubber"
    },
    {
      "3d_coords": [
        -2.8341174125671387,
        2.4857230186462402,
        0.30000001192092896
      ],
      "rotation": 110.43441427620911,
      "size": "large",
      "pixel_coords": [
        319,
        140,
        14.787827491760254
      ],
      "color": "green",
      "shape": "cube",
      "material": "rubber"
    },
    {
      "3d_coords": [
        2.1448585987091064,
        -0.21484151482582092,
        0.30000001192092896
      ],
      "rotation": 10.189825315000945,
      "size": "large",