{
  "directions": {
    "above": [
      0.0,
      0.0,
      1.0
    ],
    "left": [
      -0.6563112735748291,
      -0.7544902563095093,
      0.0
    ],
    "front": [
      0.754490315914154,
      -0.6563112735748291,
      -0.0
    ],
    "below": [
      -0.0,
      -0.0,
      -1.0
    ],
    "behind": [
      -0.754490315914154,
      0.6563112735748291,
      0.0
    ],
    "right": [
      0.6563112735748291,
      0.7544902563095093,
      -0.0
    ]
  },
  "image_filename": "CLEVR_new_001044.png",
  "image_index": 1044,
  "relationships": {
    "front": [
      [
        1,
        2,
        4,
        5,
        7,
        8
      ],
      [
        4,
        5,
        7,
        8
      ],
      [
        1,
        4,
        5,
        7,
        8
      ],
      [
        0,
        1,
        2,
        4,
        5,
        6,
        7,
        8,
        9
      ],
      [
        5
      ],
      [],
      [
        0,
        1,
        2,
        4,
        5,
        7,
        8
      ],
      [
        4,
        5,
        8
      ],
      [
        4,
        5
      ],
      [
        0,
        1,
        2,
        4,
        5,
        6,
        7,
        8
      ]
    ],
    "left": [
      [
        1,
        4,
        5
      ],
      [],
      [
        0,
        1,
        3,
        4,
        5,
        7,
        9
      ],
      [
        0,
        1,
        4,
        5,
        7,
        9
      ],
      [
        1
      ],
      [
        1,
        4
      ],
      [
        0,
        1,
        2,
        3,
        4,
        5,
        7,
        9
      ],
      [
        0,
        1,
        4,
        5,
        9
      ],
      [
        0,
        1,
        2,
        3,
        4,
        5,
        6,
        7,
        9
      ],
      [
        0,
        1,
        4,
        5
      ]
    ],
    "behind": [
      [
        3,
        6,
        9
      ],
      [
        0,
        2,
        3,
        6,
        9
      ],
      [
        0,
        3,
        6,
        9
      ],
      [],
      [
        0,
        1,
        2,
        3,
        6,
        7,
        8,
        9
      ],
      [
        0,
        1,
        2,
        3,
        4,
        6,
        7,
        8,
        9
      ],
      [
        3,
        9
      ],
      [
        0,
        1,
        2,
        3,
        6,
        9
      ],
      [
        0,
        1,
        2,
        3,
        6,
        7,
        9
      ],
      [
        3
      ]
    ],
    "right": [
      [
        2,
        3,
        6,
        7,
        8,
        9
      ],
      [
        0,
        2,
        3,
        4,
        5,
        6,
        7,
        8,
        9
      ],
      [
        6,
        8
      ],
      [
        2,
        6,
        8
      ],
      [
        0,
        2,
        3,
        5,
        6,
        7,
        8,
        9
      ],
      [
        0,
        2,
        3,
        6,
        7,
        8,
        9
      ],
      [
        8
      ],
      [
        2,
        3,
        6,
        8
      ],
      [],
      [
        2,
        3,
        6,
        7,
        8
      ]
    ]
  },
  "split": "new",
  "objects": [
    {
      "3d_coords": [
        -1.257544755935669,
        0.6398378014564514,
        0.30000001192092896
      ],
      "rotation": 319.40847694204507,
      "color": "red",
      "shape": "cylinder",
      "pixel_coords": [
        298,
        190,
        12.539265632629395
      ],
      "material": "rubber",
      "size": "large"
    },
    {
      "3d_coords": [
        -1.7950727939605713,
        -1.5915534496307373,
        0.30000001192092896
      ],
      "rotation": 272.197495374107,
      "color": "yellow",
      "shape": "cylinder",
      "pixel_coords": [
        175,
        217,
        11.543561935424805
      ],
      "material": "rubber",
      "size": "small"
    },
    {
      "3d_coords": [
        -0.10819528996944427,
        1.6409379243850708,
        0.30000001192092896
      ],
      "rotation": 45.08379883320277,
      "color": "green",
      "shape": "cylinder",
      "pixel_coords": [
        384,
        194,
        12.397601127624512
      ],
      "material": "rubber",
      "size": "large"
    },
    {
      "3d_coords": [
        -2.008148431777954,
        2.662414312362671,
        0.30000001192092896
      ],
      "rotation": 69.02280841472634,
      "color": "green",
      "shape": "cube",
      "pixel_coords": [
        349,
        152,
        14.243731498718262
      ],
      "material": "rubber",
      "size": "large"
    },
    {
      "3d_coords": [
        0.4770359396934509,
        -1.9201148748397827,
        0.30000001192092896
      ],
      "rotation": 271.27554970391236,
      "color": "green",
      "shape": "cube",
      "pixel_coords": [
        243,
        276,
        9.873662948608398
      ],
      "material": "rubber",
      "size": "large"
    },
    {
      "3d_coords": [
        1.8926706314086914,
        -2.666463613510132,
        0.30000001192092896
      ],
      "rotation": 292.8790295439503,
      "color": "green",
      "shape": "cube",
      "pixel_coords": [
        265,
        341,
        8.507009506225586
      ],
      "material": "rubber",
      "size": "small"
    },
    {
      "3d_coords": [
        0.25073033571243286,
        2.9523019790649414,
        0.30000001192092896
      ],
      "rotation": 353.40632404215074,
      "color": "purple",
      "shape": "cube",
      "pixel_coords": [
        446,
        180,
        12.954890251159668
      ],
      "material": "rubber",
      "size": "small"
    },
    {
      "3d_coords": [
        0.23450152575969696,
        0.23854704201221466,
        0.30000001192092896
      ],
      "rotation": 42.30275723515349,
      "color": "yellow",
      "shape": "cube",
      "pixel_coords": [
        341,
        224,
        11.330933570861816
      ],
      "material": "rubber",
      "size": "large"
    },
    {
      "3d_coords": [
        2.7842509746551514,
        2.4030840396881104,
        0.30000001192092896
      ],
      "rotation": 327.5051693618533,
      "color": "red",
      "shape": "sphere",
      "pixel_coords": [
        553,
        235,
        10.982732772827148
      ],
      "material": "rubber",
      "size": "large"
    },
    {
      "3d_coords": [
        -1.821476936340332,
        1.480466604232788,
        0.30000001192092896
      ],
      "rotation": 81.41281437481236,
      "color": "blue",
      "shape": "cube",
      "pixel_coords": [
        312,
        169,
        13.410918235778809
      ],
      "material": "rubber",
      "size": "small"
    }
  ]
}