{
  "directions": {
    "below": [
      -0.0,
      -0.0,
      -1.0
    ],
    "above": [
      0.0,
      0.0,
      1.0
    ],
    "behind": [
      -0.754490315914154,
      0.6563112735748291,
      0.0
    ],
    "left": [
      -0.6563112735748291,
      -0.7544902563095093,
      0.0
    ],
    "right": [
      0.6563112735748291,
      0.7544902563095093,
      -0.0
    ],
    "front": [
      0.754490315914154,
      -0.6563112735748291,
      -0.0
    ]
  },
  "relationships": {
    "left": [
      [
        1,
        3,
        8,
        9,
        15
      ],
      [
        9,
        15
      ],
      [
        0,
        1,
        3,
        4,
        5,
        6,
        7,
        8,
        9,
        10,
        12,
        13,
        14,
        15
      ],
      [
        1,
        9,
        15
      ],
      [
        0,
        1,
        3,
        6,
        8,
        9,
        13,
        15
      ],
      [
        0,
        1,
        3,
        4,
        6,
        8,
        9,
        12,
        13,
        15
      ],
      [
        0,
        1,
        3,
        8,
        9,
        15
      ],
      [
        0,
        1,
        3,
        4,
        5,
        6,
        8,
        9,
        10,
        12,
        13,
        15
      ],
      [
        1,
        3,
        9,
        15
      ],
      [
        15
      ],
      [
        0,
        1,
        3,
        4,
        5,
        6,
        8,
        9,
        12,
        13,
        15
      ],
      [
        0,
        1,
        2,
        3,
        4,
        5,
        6,
        7,
        8,
        9,
        10,
        12,
        13,
        14,
        15
      ],
      [
        0,
        1,
        3,
        4,
        6,
        8,
        9,
        13,
        15
      ],
      [
        0,
        1,
        3,
        6,
        8,
        9,
        15
      ],
      [
        0,
        1,
        3,
        4,
        5,
        6,
        7,
        8,
        9,
        10,
        12,
        13,
        15
      ],
      []
    ],
    "right": [
      [
        2,
        4,
        5,
        6,
        7,
        10,
        11,
        12,
        13,
        14
      ],
      [
        0,
        2,
        3,
        4,
        5,
        6,
        7,
        8,
        10,
        11,
        12,
        13,
        14
      ],
      [
        11
      ],
      [
        0,
        2,
        4,
        5,
        6,
        7,
        8,
        10,
        11,
        12,
        13,
        14
      ],
      [
        2,
        5,
        7,
        10,
        11,
        12,
        14
      ],
      [
        2,
        7,
        10,
        11,
        14
      ],
      [
        2,
        4,
        5,
        7,
        10,
        11,
        12,
        13,
        14
      ],
      [
        2,
        11,
        14
      ],
      [
        0,
        2,
        4,
        5,
        6,
        7,
        10,
        11,
        12,
        13,
        14
      ],
      [
        0,
        1,
        2,
        3,
        4,
        5,
        6,
        7,
        8,
        10,
        11,
        12,
        13,
        14
      ],
      [
        2,
        7,
        11,
        14
      ],
      [],
      [
        2,
        5,
        7,
        10,
        11,
        14
      ],
      [
        2,
        4,
        5,
        7,
        10,
        11,
        12,
        14
      ],
      [
        2,
        11
      ],
      [
        0,
        1,
        2,
        3,
        4,
        5,
        6,
        7,
        8,
        9,
        10,
        11,
        12,
        13,
        14
      ]
    ],
    "front": [
      [
        5,
        6,
        7,
        8
      ],
      [
        0,
        2,
        3,
        4,
        5,
        6,
        7,
        8,
        9,
        10,
        11,
        12,
        14,
        15
      ],
      [
        0,
        3,
        5,
        6,
        7,
        8,
        10,
        11,
        12,
        15
      ],
      [
        0,
        5,
        6,
        7,
        8,
        10,
        11
      ],
      [
        0,
        2,
        3,
        5,
        6,
        7,
        8,
        9,
        10,
        11,
        12,
        14,
        15
      ],
      [
        6,
        8
      ],
      [
        8
      ],
      [
        5,
        6,
        8
      ],
      [],
      [
        0,
        2,
        3,
        5,
        6,
        7,
        8,
        10,
        11,
        12,
        15
      ],
      [
        0,
        5,
        6,
        7,
        8,
        11
      ],
      [
        0,
        5,
        6,
        7,
        8
      ],
      [
        0,
        3,
        5,
        6,
        7,
        8,
        10,
        11
      ],
      [
        0,
        1,
        2,
        3,
        4,
        5,
        6,
        7,
        8,
        9,
        10,
        11,
        12,
        14,
        15
      ],
      [
        0,
        2,
        3,
        5,
        6,
        7,
        8,
        9,
        10,
        11,
        12,
        15
      ],
      [
        0,
        3,
        5,
        6,
        7,
        8,
        10,
        11,
        12
      ]
    ],
    "behind": [
      [
        1,
        2,
        3,
        4,
        9,
        10,
        11,
        12,
        13,
        14,
        15
      ],
      [
        13
      ],
      [
        1,
        4,
        9,
        13,
        14
      ],
      [
        1,
        2,
        4,
        9,
        12,
        13,
        14,
        15
      ],
      [
        1,
        13
      ],
      [
        0,
        1,
        2,
        3,
        4,
        7,
        9,
        10,
        11,
        12,
        13,
        14,
        15
      ],
      [
        0,
        1,
        2,
        3,
        4,
        5,
        7,
        9,
        10,
        11,
        12,
        13,
        14,
        15
      ],
      [
        0,
        1,
        2,
        3,
        4,
        9,
        10,
        11,
        12,
        13,
        14,
        15
      ],
      [
        0,
        1,
        2,
        3,
        4,
        5,
        6,
        7,
        9,
        10,
        11,
        12,
        13,
        14,
        15
      ],
      [
        1,
        4,
        13,
        14
      ],
      [
        1,
        2,
        3,
        4,
        9,
        12,
        13,
        14,
        15
      ],
      [
        1,
        2,
        3,
        4,
        9,
        10,
        12,
        13,
        14,
        15
      ],
      [
        1,
        2,
        4,
        9,
        13,
        14,
        15
      ],
      [],
      [
        1,
        4,
        13
      ],
      [
        1,
        2,
        4,
        9,
        13,
        14
      ]
    ]
  },
  "objects": [
    {
      "3d_coords": [
        0.28771474957466125,
        -1.0468114614486694,
        0.30000001192092896
      ],
      "rotation": 349.5560418847686,
      "size": "small",
      "pixel_coords": [
        282,
        253,
        10.130078315734863
      ],
      "color": "purple",
      "shape": "cylinder",
      "material": "rubber"
    },
    {
      "3d_coords": [
        -2.7635977268218994,
        0.12833763659000397,
        0.30000001192092896
      ],
      "rotation": 53.35278564537516,
      "size": "large",
      "pixel_coords": [
        219,
        171,
        12.771556854248047
      ],
      "color": "purple",
      "shape": "sphere",
      "material": "rubber"
    },
    {
      "3d_coords": [
        1.3987417221069336,
        2.5412421226501465,
        0.30000001192092896
      ],
      "rotation": 4.2135941672033805,
      "size": "large",