{
  "directions": {
    "above": [
      0.0,
      0.0,
      1.0
    ],
    "left": [
      -0.6563112735748291,
      -0.7544902563095093,
      0.0
    ],
    "front": [
      0.754490315914154,
      -0.6563112735748291,
      -0.0
    ],
    "below": [
      -0.0,
      -0.0,
      -1.0
    ],
    "behind": [
      -0.754490315914154,
      0.6563112735748291,
      0.0
    ],
    "right": [
      0.6563112735748291,
      0.7544902563095093,
      -0.0
    ]
  },
  "image_filename": "CLEVR_new_001040.png",
  "image_index": 1040,
  "relationships": {
    "front": [
      [],
      [
        0,
        4,
        5,
        6,
        7,
        9
      ],
      [
        0,
        1,
        3,
        4,
        5,
        6,
        7,
        8,
        9
      ],
      [
        0,
        1,
        4,
        5,
        6,
        7,
        9
      ],
      [
        0,
        5,
        7,
        9
      ],
      [
        0,
        7,
        9
      ],
      [
        0,
        4,
        5,
        7,
        9
      ],
      [
        0,
        9
      ],
      [
        0,
        1,
        3,
        4,
        5,
        6,
        7,
        9
      ],
      [
        0
      ]
    ],
    "left": [
      [
        2,
        5,
        6,
        7
      ],
      [
        0,
        2,
        3,
        4,
        5,
        6,
        7,
        9
      ],
      [
        5,
        6
      ],
      [
        0,
        2,
        4,
        5,
        6,
        7,
        9
      ],
      [
        0,
        2,
        5,
        6,
        7
      ],
      [],
      [
        5
      ],
      [
        2,
        5,
        6
      ],
      [
        0,
        1,
        2,
        3,
        4,
        5,
        6,
        7,
        9
      ],
      [
        0,
        2,
        4,
        5,
        6,
        7
      ]
    ],
    "behind": [
      [
        1,
        2,
        3,
        4,
        5,
        6,
        7,
        8,
        9
      ],
      [
        2,
        3,
        8
      ],
      [],
      [
        2,
        8
      ],
      [
        1,
        2,
        3,
        6,
        8
      ],
      [
        1,
        2,
        3,
        4,
        6,
        8
      ],
      [
        1,
        2,
        3,
        8
      ],
      [
        1,
        2,
        3,
        4,
        5,
        6,
        8
      ],
      [
        2
      ],
      [
        1,
        2,
        3,
        4,
        5,
        6,
        7,
        8
      ]
    ],
    "right": [
      [
        1,
        3,
        4,
        8,
        9
      ],
      [
        8
      ],
      [
        0,
        1,
        3,
        4,
        7,
        8,
        9
      ],
      [
        1,
        8
      ],
      [
        1,
        3,
        8,
        9
      ],
      [
        0,
        1,
        2,
        3,
        4,
        6,
        7,
        8,
        9
      ],
      [
        0,
        1,
        2,
        3,
        4,
        7,
        8,
        9
      ],
      [
        0,
        1,
        3,
        4,
        8,
        9
      ],
      [],
      [
        1,
        3,
        8
      ]
    ]
  },
  "split": "new",
  "objects": [
    {
      "3d_coords": [
        2.9521188735961914,
        -2.873530864715576,
        0.30000001192092896
      ],
      "rotation": 48.43615088482996,
      "color": "green",
      "shape": "cylinder",
      "pixel_coords": [
        280,
        382,
        7.458558082580566
      ],
      "material": "rubber",
      "size": "small"
    },
    {
      "3d_coords": [
        1.547199010848999,
        1.7336971759796143,
        0.30000001192092896
      ],
      "rotation": 215.87488864455634,
      "color": "purple",
      "shape": "cylinder",
      "pixel_coords": [
        467,
        227,
        11.023188591003418
      ],
      "material": "rubber",
      "size": "small"
    },
    {
      "3d_coords": [
        -2.2894833087921143,
        -0.07143674790859222,
        0.30000001192092896
      ],
      "rotation": 68.78137816775435,
      "color": "brown",
      "shape": "cube",
      "pixel_coords": [
        239,
        183,
        12.729429244995117
      ],
      "material": "rubber",
      "size": "large"
    },
    {
      "3d_coords": [
        0.7051941156387329,
        1.0775948762893677,
        0.30000001192092896
      ],
      "rotation": 226.23782225549337,
      "color": "brown",
      "shape": "cube",
      "pixel_coords": [
        400,
        220,
        11.252586364746094
      ],
      "material": "rubber",
      "size": "small"
    },
    {
      "3d_coords": [
        0.8125590682029724,
        -0.4206981956958771,
        0.30000001192092896
      ],
      "rotation": 56.23242567485129,
      "color": "red",
      "shape": "cylinder",
      "pixel_coords": [
        332,
        248,
        10.340556144714355
      ],
      "material": "rubber",
      "size": "small"
    },
    {
      "3d_coords": [
        -0.7756530046463013,
        -2.5777602195739746,
        0.30000001192092896
      ],
      "rotation": 176.72232971840316,
      "color": "red",
      "shape": "cube",
      "pixel_coords": [
        149,
        251,
        10.260140419006348
      ],
      "material": "rubber",
      "size": "large"
    },
    {
      "3d_coords": [
        -0.9868296384811401,
        -1.727048635482788,
        0.30000001192092896
      ],
      "rotation": 72.00208994389193,
      "color": "cyan",
      "shape": "sphere",
      "pixel_coords": [
        193,
        231,
        10.884222030639648
      ],
      "material": "rubber",
      "size": "large"
    },
    {
      "3d_coords": [
        1.4548074007034302,
        -1.922275185585022,
        0.30000001192092896
      ],
      "rotation": 149.2816315070893,
      "color": "yellow",
      "shape": "cylinder",
      "pixel_coords": [
        273,
        297,
        9.048388481140137
      ],
      "material": "rubber",
      "size": "small"
    },
    {
      "3d_coords": [
        1.4232065677642822,
        2.529404640197754,
        0.30000001192092896
      ],
      "rotation": 352.52101724349575,
      "color": "cyan",
      "shape": "sphere",
      "pixel_coords": [
        494,
        212,
        11.554913520812988
      ],
      "material": "rubber",
      "size": "small"
    },
    {
      "3d_coords": [
        2.7867863178253174,
        -1.1426458358764648,
        0.30000001192092896
      ],
      "rotation": 71.19792342011141,
      "color": "gray",
      "shape": "cube",
      "pixel_coords": [
        388,
        321,
        8.541379928588867
      ],
      "material": "rubber",
      "size": "large"
    }
  ]
}