{
  "directions": {
    "below": [
      -0.0,
      -0.0,
      -1.0
    ],
    "above": [
      0.0,
      0.0,
      1.0
    ],
    "behind": [
      -0.754490315914154,
      0.6563112735748291,
      0.0
    ],
    "left": [
      -0.6563112735748291,
      -0.7544902563095093,
      0.0
    ],
    "right": [
      0.6563112735748291,
      0.7544902563095093,
      -0.0
    ],
    "front": [
      0.754490315914154,
      -0.6563112735748291,
      -0.0
    ]
  },
  "relationships": {
    "left": [
      [
        5,
        7,
        8,
        9,
        12,
        13
      ],
      [
        0,
        2,
        3,
        4,
        5,
        6,
        7,
        8,
        9,
        10,
        12,
        13
      ],
      [
        0,
        5,
        6,
        7,
        8,
        9,
        12,
        13
      ],
      [
        0,
        2,
        4,
        5,
        6,
        7,
        8,
        9,
        10,
        12,
        13
      ],
      [
        0,
        2,
        5,
        6,
        7,
        8,
        9,
        10,
        12,
        13
      ],
      [
        7,
        9,
        12
      ],
      [
        0,
        5,
        7,
        8,
        9,
        12,
        13
      ],
      [],
      [
        5,
        7,
        9,
        12,
        13
      ],
      [
        7,
        12
      ],
      [
        0,
        2,
        5,
        6,
        7,
        8,
        9,
        12,
        13
      ],
      [
        0,
        1,
        2,
        3,
        4,
        5,
        6,
        7,
        8,
        9,
        10,
        12,
        13
      ],
      [
        7
      ],
      [
        5,
        7,
        9,
        12
      ],
      [
        0,
        1,
        2,
        3,
        4,
        5,
        6,
        7,
        8,
        9,
        10,
        11,
        12,
        13
      ],
      [
        0,
        1,
        2,
        3,
        4,
        5,
        6,
        7,
        8,
        9,
        10,
        11,
        12,
        13,
        14
      ]
    ],
    "right": [
      [
        1,
        2,
        3,
        4,
        6,
        10,
        11,
        14,
        15
      ],
      [
        11,
        14,
        15
      ],
      [
        1,
        3,
        4,
        10,
        11,
        14,
        15
      ],
      [
        1,
        11,
        14,
        15
      ],
      [
        1,
        3,
        11,
        14,
        15
      ],
      [
        0,
        1,
        2,
        3,
        4,
        6,
        8,
        10,
        11,
        13,
        14,
        15
      ],
      [
        1,
        2,
        3,
        4,
        10,
        11,
        14,
        15
      ],
      [
        0,
        1,
        2,
        3,
        4,
        5,
        6,
        8,
        9,
        10,
        11,
        12,
        13,
        14,
        15
      ],
      [
        0,
        1,
        2,
        3,
        4,
        6,
        10,
        11,
        14,
        15
      ],
      [
        0,
        1,
        2,
        3,
        4,
        5,
        6,
        8,
        10,
        11,
        13,
        14,
        15
      ],
      [
        1,
        3,
        4,
        11,
        14,
        15
      ],
      [
        14,
        15
      ],
      [
        0,
        1,
        2,
        3,
        4,
        5,
        6,
        8,
        9,
        10,
        11,
        13,
        14,
        15
      ],
      [
        0,
        1,
        2,
        3,
        4,
        6,
        8,
        10,
        11,
        14,
        15
      ],
      [
        15
      ],
      []
    ],
    "front": [
      [
        1,
        2,
        5,
        8,
        9,
        12,
        15
      ],
      [
        2
      ],
      [],
      [
        0,
        1,
        2,
        5,
        6,
        7,
        8,
        9,
        10,
        11,
        12,
        14,
        15
      ],
      [
        0,
        1,
        2,
        3,
        5,
        6,
        7,
        8,
        9,
        10,
        11,
        12,
        13,
        14,
        15
      ],
      [
        1,
        2,
        12
      ],
      [
        0,
        1,
        2,
        5,
        7,
        8,
        9,
        10,
        11,
        12,
        14,
        15
      ],
      [
        0,
        1,
        2,
        5,
        8,
        9,
        12,
        15
      ],
      [
        1,
        2,
        5,
        12
      ],
      [
        1,
        2,
        5,
        8,
        12,
        15
      ],
      [
        0,
        1,
        2,
        5,
        7,
        8,
        9,
        11,
        12,
        15
      ],
      [
        0,
        1,
        2,
        5,
        7,
        8,
        9,
        12,
        15
      ],
      [
        1,
        2
      ],
      [
        0,
        1,
        2,
        3,
        5,
        6,
        7,
        8,
        9,
        10,
        11,
        12,
        14,
        15
      ],
      [
        0,
        1,
        2,
        5,
        7,
        8,
        9,
        10,
        11,
        12,
        15
      ],
      [
        1,
        2,
        5,
        8,
        12
      ]
    ],
    "behind": [
      [
        3,
        4,
        6,
        7,
        10,
        11,
        13,
        14
      ],
      [
        0,
        3,
        4,
        5,
        6,
        7,
        8,
        9,
        10,
        11,
        12,
        13,
        14,
        15
      ],
      [
        0,
        1,
        3,
        4,
        5,
        6,
        7,
        8,
        9,
        10,
        11,
        12,
        13,
        14,
        15
      ],
      [
        4,
        13
      ],
      [],
      [
        0,
        3,
        4,
        6,
        7,
        8,
        9,
        10,
        11,
        13,
        14,
        15
      ],
      [
        3,
        4,
        13
      ],
      [
        3,
        4,
        6,
        10,
        11,
        13,
        14
      ],
      [
        0,
        3,
        4,
        6,
        7,
        9,
        10,
        11,
        13,
        14,
        15
      ],
      [
        0,
        3,
        4,
        6,
        7,
        10,
        11,
        13,
        14
      ],
      [
        3,
        4,
        6,
        13,
        14
      ],
      [
        3,
        4,
        6,
        10,
        13,
        14
      ],
      [
        0,
        3,
        4,
        5,
        6,
        7,
        8,
        9,
        10,
        11,
        13,
        14,
        15
      ],
      [
        4
      ],
      [
        3,
        4,
        6,
        13
      ],
      [
        0,
        3,
        4,
        6,
        7,
        9,
        10,
        11,
        13,
        14
      ]
    ]
  },
  "objects": [
    {
      "3d_coords": [
        -0.5629991888999939,
        -0.10287098586559296,
        0.30000001192092896
      ],
      "rotation": 80.65279010174294,
      "size": "small",
      "pixel_coords": [
        293,
        214,
        11.644526481628418
      ],
      "color": "cyan",
      "shape": "cylinder",
      "material": "rubber"
    },
    {
      "3d_coords": [
        2.6663544178009033,
        -0.18159247934818268,
        0.30000001192092896
      ],
      "rotation": 224.86762513467667,
      "size": "small",
      "pixel_coords": [
        442,
        297,
        9.513623237609863
      ],
      "color": "brown",
      "shape": "cube",
      "material": "rubber"
    },
    {
      "3d_coords": [
        2.513406276702881,
        -1.660587191581726,
        0.30000001192092896
      ],
      "rotation": 49.60883028224065,
      "size": "large",