{
  "relationships": {
    "right": [
      [
        1,
        2,
        4,
        5,
        7
      ],
      [
        5
      ],
      [
        1,
        5,
        7
      ],
      [
        0,
        1,
        2,
        4,
        5,
        7
      ],
      [
        1,
        2,
        5,
        7
      ],
      [],
      [
        0,
        1,
        2,
        3,
        4,
        5,
        7
      ],
      [
        1,
        5
      ]
    ],
    "left": [
      [
        3,
        6
      ],
      [
        0,
        2,
        3,
        4,
        6,
        7
      ],
      [
        0,
        3,
        4,
        6
      ],
      [
        6
      ],
      [
        0,
        3,
        6
      ],
      [
        0,
        1,
        2,
        3,
        4,
        6,
        7
      ],
      [],
      [
        0,
        2,
        3,
        4,
        6
      ]
    ],
    "behind": [
      [
        1,
        2,
        3,
        4,
        5,
        7
      ],
      [
        7
      ],
      [
        1,
        3,
        4,
        5,
        7
      ],
      [
        1,
        4,
        7
      ],
      [
        1,
        7
      ],
      [
        1,
        3,
        4,
        7
      ],
      [
        0,
        1,
        2,
        3,
        4,
        5,
        7
      ],
      []
    ],
    "front": [
      [
        6
      ],
      [
        0,
        2,
        3,
        4,
        5,
        6
      ],
      [
        0,
        6
      ],
      [
        0,
        2,
        5,
        6
      ],
      [
        0,
        2,
        3,
        5,
        6
      ],
      [
        0,
        2,
        6
      ],
      [],
      [
        0,
        1,
        2,
        3,
        4,
        5,
        6
      ]
    ]
  },
  "image_index": 848,
  "directions": {
    "below": [
      -0.0,
      -0.0,
      -1.0
    ],
    "left": [
      -0.6563112735748291,
      -0.7544902563095093,
      0.0
    ],
    "above": [
      0.0,
      0.0,
      1.0
    ],
    "front": [
      0.754490315914154,
      -0.6563112735748291,
      -0.0
    ],
    "behind": [
      -0.754490315914154,
      0.6563112735748291,
      0.0
    ],
    "right": [
      0.6563112735748291,
      0.7544902563095093,
      -0.0
    ]
  },
  "objects": [
    {
      "shape": "sphere",
      "pixel_coords": [
        274,
        260,
        9.606679916381836
      ],
      "color": "red",
      "rotation": 98.06915252132956,
      "size": "small",
      "material": "rubber",
      "3d_coords": [
        0.5077447295188904,
        -1.25870680809021,
        0.30000001192092896
      ]
    },
    {
      "shape": "cylinder",
      "pixel_coords": [
        429,
        176,
        12.354768753051758
      ],
      "color": "blue",
      "rotation": 82.598722433765,
      "size": "large",
      "material": "rubber",
      "3d_coords": [
        -0.2021026611328125,
        2.6923978328704834,
        0.30000001192092896
      ]
    },
    {
      "shape": "cylinder",
      "pixel_coords": [
        350,
        245,
        10.02806282043457
      ],
      "color": "green",
      "rotation": 143.11040953958693,
      "size": "small",
      "material": "rubber",
      "3d_coords": [
        0.8308698534965515,
        -0.14042434096336365,
        0.30000001192092896
      ]
    },
    {
      "shape": "cylinder",
      "pixel_coords": [
        251,
        188,
        11.889514923095703
      ],
      "color": "green",
      "rotation": 98.58999470225923,
      "size": "small",
      "material": "rubber",
      "3d_coords": [
        -1.7955915927886963,
        -0.009399082511663437,
        0.30000001192092896
      ]
    },
    {
      "shape": "cylinder",
      "pixel_coords": [
        330,
        180,
        12.173020362854004
      ],
      "color": "green",
      "rotation": 308.7534549479703,
      "size": "small",
      "material": "rubber",
      "3d_coords": [
        -1.1755645275115967,
        1.2206075191497803,
        0.30000001192092896
      ]
    },
    {
      "shape": "cylinder",
      "pixel_coords": [
        564,
        222,
        10.704692840576172
      ],
      "color": "gray",
      "rotation": 226.46659359768634,
      "size": "large",
      "material": "rubber",
      "3d_coords": [
        2.374276876449585,
        2.8706421852111816,
        0.30000001192092896
      ]
    },
    {
      "shape": "cylinder",
      "pixel_coords": [
        170,
        303,
        8.632161140441895
      ],
      "color": "cyan",
      "rotation": 274.91575474354227,
      "size": "small",
      "material": "rubber",
      "3d_coords": [
        0.561640202999115,
        -2.8945138454437256,
        0.30000001192092896
      ]
    },
    {
      "shape": "sphere",
      "pixel_coords": [
        363,
        165,
        12.843344688415527
      ],
      "color": "green",
      "rotation": 244.64782069886957,
      "size": "small",
      "material": "rubber",
      "3d_coords": [
        -1.3506298065185547,
        2.1821019649505615,
        0.30000001192092896
      ]
    }
  ],
  "image_filename": "CLEVR_new_000848.png",
  "split": "new"
}