{
  "directions": {
    "below": [
      -0.0,
      -0.0,
      -1.0
    ],
    "above": [
      0.0,
      0.0,
      1.0
    ],
    "behind": [
      -0.754490315914154,
      0.6563112735748291,
      0.0
    ],
    "left": [
      -0.6563112735748291,
      -0.7544902563095093,
      0.0
    ],
    "right": [
      0.6563112735748291,
      0.7544902563095093,
      -0.0
    ],
    "front": [
      0.754490315914154,
      -0.6563112735748291,
      -0.0
    ]
  },
  "relationships": {
    "left": [
      [
        1,
        2,
        3,
        6,
        7,
        10,
        11,
        13,
        15
      ],
      [
        2,
        11
      ],
      [
        11
      ],
      [
        1,
        2,
        6,
        7,
        10,
        11,
        13,
        15
      ],
      [
        0,
        1,
        2,
        3,
        6,
        7,
        10,
        11,
        13,
        15
      ],
      [
        0,
        1,
        2,
        3,
        4,
        6,
        7,
        8,
        10,
        11,
        12,
        13,
        15
      ],
      [
        1,
        2,
        10,
        11,
        13,
        15
      ],
      [
        1,
        2,
        6,
        10,
        11,
        13,
        15
      ],
      [
        0,
        1,
        2,
        3,
        4,
        6,
        7,
        10,
        11,
        12,
        13,
        15
      ],
      [
        0,
        1,
        2,
        3,
        4,
        5,
        6,
        7,
        8,
        10,
        11,
        12,
        13,
        15
      ],
      [
        1,
        2,
        11
      ],
      [],
      [
        0,
        1,
        2,
        3,
        4,
        6,
        7,
        10,
        11,
        13,
        15
      ],
      [
        1,
        2,
        10,
        11,
        15
      ],
      [
        0,
        1,
        2,
        3,
        4,
        5,
        6,
        7,
        8,
        9,
        10,
        11,
        12,
        13,
        15
      ],
      [
        1,
        2,
        10,
        11
      ]
    ],
    "right": [
      [
        4,
        5,
        8,
        9,
        12,
        14
      ],
      [
        0,
        3,
        4,
        5,
        6,
        7,
        8,
        9,
        10,
        12,
        13,
        14,
        15
      ],
      [
        0,
        1,
        3,
        4,
        5,
        6,
        7,
        8,
        9,
        10,
        12,
        13,
        14,
        15
      ],
      [
        0,
        4,
        5,
        8,
        9,
        12,
        14
      ],
      [
        5,
        8,
        9,
        12,
        14
      ],
      [
        9,
        14
      ],
      [
        0,
        3,
        4,
        5,
        7,
        8,
        9,
        12,
        14
      ],
      [
        0,
        3,
        4,
        5,
        8,
        9,
        12,
        14
      ],
      [
        5,
        9,
        14
      ],
      [
        14
      ],
      [
        0,
        3,
        4,
        5,
        6,
        7,
        8,
        9,
        12,
        13,
        14,
        15
      ],
      [
        0,
        1,
        2,
        3,
        4,
        5,
        6,
        7,
        8,
        9,
        10,
        12,
        13,
        14,
        15
      ],
      [
        5,
        8,
        9,
        14
      ],
      [
        0,
        3,
        4,
        5,
        6,
        7,
        8,
        9,
        12,
        14
      ],
      [],
      [
        0,
        3,
        4,
        5,
        6,
        7,
        8,
        9,
        12,
        13,
        14
      ]
    ],
    "front": [
      [
        13
      ],
      [
        0,
        2,
        4,
        5,
        8,
        9,
        10,
        12,
        13,
        14
      ],
      [
        0,
        5,
        8,
        9,
        10,
        12,
        13
      ],
      [
        0,
        1,
        2,
        4,
        5,
        7,
        8,
        9,
        10,
        11,
        12,
        13,
        14,
        15
      ],
      [
        0,
        2,
        5,
        8,
        9,
        10,
        12,
        13,
        14
      ],
      [
        0,
        8,
        9,
        10,
        12,
        13
      ],
      [
        0,
        1,
        2,
        3,
        4,
        5,
        7,
        8,
        9,
        10,
        11,
        12,
        13,
        14,
        15
      ],
      [
        0,
        1,
        2,
        4,
        5,
        8,
        9,
        10,
        12,
        13,
        14
      ],
      [
        0,
        13
      ],
      [
        0,
        8,
        10,
        13
      ],
      [
        0,
        8,
        13
      ],
      [
        0,
        1,
        2,
        4,
        5,
        7,
        8,
        9,
        10,
        12,
        13,
        14
      ],
      [
        0,
        8,
        9,
        10,
        13
      ],
      [],
      [
        0,
        2,
        5,
        8,
        9,
        10,
        12,
        13
      ],
      [
        0,
        1,
        2,
        4,
        5,
        7,
        8,
        9,
        10,
        11,
        12,
        13,
        14
      ]
    ],
    "behind": [
      [
        1,
        2,
        3,
        4,
        5,
        6,
        7,
        8,
        9,
        10,
        11,
        12,
        14,
        15
      ],
      [
        3,
        6,
        7,
        11,
        15
      ],
      [
        1,
        3,
        4,
        6,
        7,
        11,
        14,
        15
      ],
      [
        6
      ],
      [
        1,
        3,
        6,
        7,
        11,
        15
      ],
      [
        1,
        2,
        3,
        4,
        6,
        7,
        11,
        14,
        15
      ],
      [],
      [
        3,
        6,
        11,
        15
      ],
      [
        1,
        2,
        3,
        4,
        5,
        6,
        7,
        9,
        10,
        11,
        12,
        14,
        15
      ],
      [
        1,
        2,
        3,
        4,
        5,
        6,
        7,
        11,
        12,
        14,
        15
      ],
      [
        1,
        2,
        3,
        4,
        5,
        6,
        7,
        9,
        11,
        12,
        14,
        15
      ],
      [
        3,
        6,
        15
      ],
      [
        1,
        2,
        3,
        4,
        5,
        6,
        7,
        11,
        14,
        15
      ],
      [
        0,
        1,
        2,
        3,
        4,
        5,
        6,
        7,
        8,
        9,
        10,
        11,
        12,
        14,
        15
      ],
      [
        1,
        3,
        4,
        6,
        7,
        11,
        15
      ],
      [
        3,
        6
      ]
    ]
  },
  "objects": [
    {
      "3d_coords": [
        2.4423208236694336,
        -0.5290312767028809,
        0.30000001192092896
      ],
      "rotation": 33.10890031592996,
      "size": "large",
      "pixel_coords": [
        416,
        297,
        9.528635025024414
      ],
      "color": "cyan",
      "shape": "cylinder",
      "material": "rubber"
    },
    {
      "3d_coords": [
        -1.5494097471237183,
        -0.4741749167442322,
        0.30000001192092896
      ],
      "rotation": 27.512937256546913,
      "size": "large",
      "pixel_coords": [
        238,
        202,
        12.071386337280273
      ],
      "color": "yellow",
      "shape": "cube",
      "material": "rubber"
    },
    {
      "3d_coords": [
        -1.2244741916656494,
        -1.234100103378296,
        0.30000001192092896
      ],
      "rotation": 105.26045082457377,
      "size": "large",