{
  "directions": {
    "above": [
      0.0,
      0.0,
      1.0
    ],
    "left": [
      -0.6563112735748291,
      -0.7544902563095093,
      0.0
    ],
    "front": [
      0.754490315914154,
      -0.6563112735748291,
      -0.0
    ],
    "below": [
      -0.0,
      -0.0,
      -1.0
    ],
    "behind": [
      -0.754490315914154,
      0.6563112735748291,
      0.0
    ],
    "right": [
      0.6563112735748291,
      0.7544902563095093,
      -0.0
    ]
  },
  "image_filename": "CLEVR_new_001031.png",
  "image_index": 1031,
  "relationships": {
    "front": [
      [
        2,
        5,
        6,
        9
      ],
      [
        0,
        2,
        5,
        6,
        7,
        8,
        9
      ],
      [
        5,
        6,
        9
      ],
      [
        0,
        1,
        2,
        5,
        6,
        7,
        8,
        9
      ],
      [
        0,
        1,
        2,
        3,
        5,
        6,
        7,
        8,
        9
      ],
      [],
      [
        5,
        9
      ],
      [
        0,
        2,
        5,
        6,
        8,
        9
      ],
      [
        0,
        2,
        5,
        6,
        9
      ],
      [
        5
      ]
    ],
    "left": [
      [
        6,
        8
      ],
      [
        0,
        2,
        3,
        4,
        5,
        6,
        8,
        9
      ],
      [
        0,
        3,
        4,
        5,
        6,
        8
      ],
      [
        0,
        4,
        6,
        8
      ],
      [
        0,
        6,
        8
      ],
      [
        0,
        3,
        4,
        6,
        8
      ],
      [
        8
      ],
      [
        0,
        1,
        2,
        3,
        4,
        5,
        6,
        8,
        9
      ],
      [],
      [
        0,
        2,
        3,
        4,
        5,
        6,
        8
      ]
    ],
    "behind": [
      [
        1,
        3,
        4,
        7,
        8
      ],
      [
        3,
        4
      ],
      [
        0,
        1,
        3,
        4,
        7,
        8
      ],
      [
        4
      ],
      [],
      [
        0,
        1,
        2,
        3,
        4,
        6,
        7,
        8,
        9
      ],
      [
        0,
        1,
        2,
        3,
        4,
        7,
        8
      ],
      [
        1,
        3,
        4
      ],
      [
        1,
        3,
        4,
        7
      ],
      [
        0,
        1,
        2,
        3,
        4,
        6,
        7,
        8
      ]
    ],
    "right": [
      [
        1,
        2,
        3,
        4,
        5,
        7,
        9
      ],
      [
        7
      ],
      [
        1,
        7,
        9
      ],
      [
        1,
        2,
        5,
        7,
        9
      ],
      [
        1,
        2,
        3,
        5,
        7,
        9
      ],
      [
        1,
        2,
        7,
        9
      ],
      [
        0,
        1,
        2,
        3,
        4,
        5,
        7,
        9
      ],
      [],
      [
        0,
        1,
        2,
        3,
        4,
        5,
        6,
        7,
        9
      ],
      [
        1,
        7
      ]
    ]
  },
  "split": "new",
  "objects": [
    {
      "3d_coords": [
        -0.39416971802711487,
        -0.8656148910522461,
        0.30000001192092896
      ],
      "rotation": 332.11362071402823,
      "color": "cyan",
      "shape": "cube",
      "pixel_coords": [
        262,
        231,
        10.941167831420898
      ],
      "material": "rubber",
      "size": "small"
    },
    {
      "3d_coords": [
        0.5245799422264099,
        2.4814670085906982,
        0.30000001192092896
      ],
      "rotation": 5.7682426229723704,
      "color": "cyan",
      "shape": "cylinder",
      "pixel_coords": [
        445,
        192,
        12.307528495788574
      ],
      "material": "rubber",
      "size": "small"
    },
    {
      "3d_coords": [
        1.180814504623413,
        0.5148333311080933,
        0.30000001192092896
      ],
      "rotation": 107.44732280933341,
      "color": "gray",
      "shape": "cylinder",
      "pixel_coords": [
        396,
        239,
        10.709991455078125
      ],
      "material": "rubber",
      "size": "large"
    },
    {
      "3d_coords": [
        -1.962256908416748,
        2.150390863418579,
        0.30000001192092896
      ],
      "rotation": 66.6118883972045,
      "color": "green",
      "shape": "cylinder",
      "pixel_coords": [
        335,
        159,
        13.764342308044434
      ],
      "material": "rubber",
      "size": "large"
    },
    {
      "3d_coords": [
        -2.9337263107299805,
        1.7346549034118652,
        0.30000001192092896
      ],
      "rotation": 346.8924100668656,
      "color": "red",
      "shape": "cylinder",
      "pixel_coords": [
        288,
        151,
        14.164286613464355
      ],
      "material": "rubber",
      "size": "small"
    },
    {
      "3d_coords": [
        2.3922417163848877,
        -1.2522711753845215,
        0.30000001192092896
      ],
      "rotation": 61.152735725627004,
      "color": "gray",
      "shape": "sphere",
      "pixel_coords": [
        372,
        314,
        8.861407279968262
      ],
      "material": "rubber",
      "size": "small"
    },
    {
      "3d_coords": [
        -0.34569787979125977,
        -2.112816572189331,
        0.30000001192092896
      ],
      "rotation": 78.15333073335614,
      "color": "gray",
      "shape": "cylinder",
      "pixel_coords": [
        196,
        258,
        10.172353744506836
      ],
      "material": "rubber",
      "size": "small"
    },
    {
      "3d_coords": [
        1.4116274118423462,
        2.8715667724609375,
        0.30000001192092896
      ],
      "rotation": 87.22143814514926,
      "color": "yellow",
      "shape": "cube",
      "pixel_coords": [
        501,
        201,
        11.948535919189453
      ],
      "material": "rubber",
      "size": "small"
    },
    {
      "3d_coords": [
        -1.8172264099121094,
        -1.903498888015747,
        0.30000001192092896
      ],
      "rotation": 66.44196584771719,
      "color": "brown",
      "shape": "cube",
      "pixel_coords": [
        157,
        221,
        11.27371883392334
      ],
      "material": "rubber",
      "size": "small"
    },
    {
      "3d_coords": [
        2.728485584259033,
        -0.36965811252593994,
        0.30000001192092896
      ],
      "rotation": 155.53174325183292,
      "color": "brown",
      "shape": "cylinder",
      "pixel_coords": [
        437,
        300,
        9.159272193908691
      ],
      "material": "rubber",
      "size": "small"
    }
  ]
}