{
  "directions": {
    "above": [
      0.0,
      0.0,
      1.0
    ],
    "left": [
      -0.6563112735748291,
      -0.7544902563095093,
      0.0
    ],
    "front": [
      0.754490315914154,
      -0.6563112735748291,
      -0.0
    ],
    "below": [
      -0.0,
      -0.0,
      -1.0
    ],
    "behind": [
      -0.754490315914154,
      0.6563112735748291,
      0.0
    ],
    "right": [
      0.6563112735748291,
      0.7544902563095093,
      -0.0
    ]
  },
  "image_filename": "CLEVR_new_001048.png",
  "image_index": 1048,
  "relationships": {
    "front": [
      [
        1,
        5
      ],
      [
        5
      ],
      [
        0,
        1,
        5,
        6,
        9
      ],
      [
        0,
        1,
        2,
        4,
        5,
        6,
        7,
        8,
        9
      ],
      [
        0,
        1,
        2,
        5,
        6,
        7,
        8,
        9
      ],
      [],
      [
        0,
        1,
        5,
        9
      ],
      [
        0,
        1,
        2,
        5,
        6,
        8,
        9
      ],
      [
        0,
        1,
        2,
        5,
        6,
        9
      ],
      [
        0,
        1,
        5
      ]
    ],
    "left": [
      [
        1,
        2,
        3,
        6,
        7,
        8,
        9
      ],
      [
        3,
        6,
        7,
        8,
        9
      ],
      [
        1,
        3,
        6,
        7,
        8,
        9
      ],
      [
        6,
        8
      ],
      [
        0,
        1,
        2,
        3,
        6,
        7,
        8,
        9
      ],
      [
        0,
        1,
        2,
        3,
        4,
        6,
        7,
        8,
        9
      ],
      [],
      [
        3,
        6,
        8
      ],
      [
        6
      ],
      [
        3,
        6,
        7,
        8
      ]
    ],
    "behind": [
      [
        2,
        3,
        4,
        6,
        7,
        8,
        9
      ],
      [
        0,
        2,
        3,
        4,
        6,
        7,
        8,
        9
      ],
      [
        3,
        4,
        7,
        8
      ],
      [],
      [
        3
      ],
      [
        0,
        1,
        2,
        3,
        4,
        6,
        7,
        8,
        9
      ],
      [
        2,
        3,
        4,
        7,
        8
      ],
      [
        3,
        4
      ],
      [
        3,
        4,
        7
      ],
      [
        2,
        3,
        4,
        6,
        7,
        8
      ]
    ],
    "right": [
      [
        4,
        5
      ],
      [
        0,
        2,
        4,
        5
      ],
      [
        0,
        4,
        5
      ],
      [
        0,
        1,
        2,
        4,
        5,
        7,
        9
      ],
      [
        5
      ],
      [],
      [
        0,
        1,
        2,
        3,
        4,
        5,
        7,
        8,
        9
      ],
      [
        0,
        1,
        2,
        4,
        5,
        9
      ],
      [
        0,
        1,
        2,
        3,
        4,
        5,
        7,
        9
      ],
      [
        0,
        1,
        2,
        4,
        5
      ]
    ]
  },
  "split": "new",
  "objects": [
    {
      "3d_coords": [
        1.8421335220336914,
        0.2539964020252228,
        0.30000001192092896
      ],
      "rotation": 54.817444518248855,
      "color": "blue",
      "shape": "sphere",
      "pixel_coords": [
        421,
        260,
        9.977370262145996
      ],
      "material": "rubber",
      "size": "large"
    },
    {
      "3d_coords": [
        1.5218234062194824,
        -0.5821727514266968,
        0.30000001192092896
      ],
      "rotation": 206.09873620317444,
      "color": "red",
      "shape": "cube",
      "pixel_coords": [
        364,
        272,
        9.682409286499023
      ],
      "material": "rubber",
      "size": "small"
    },
    {
      "3d_coords": [
        0.4254182279109955,
        0.8517096638679504,
        0.30000001192092896
      ],
      "rotation": 73.20718815238394,
      "color": "red",
      "shape": "cylinder",
      "pixel_coords": [
        377,
        216,
        11.253755569458008
      ],
      "material": "rubber",
      "size": "large"
    },
    {
      "3d_coords": [
        -2.8357529640197754,
        1.1286289691925049,
        0.30000001192092896
      ],
      "rotation": 23.258953044281544,
      "color": "purple",
      "shape": "cube",
      "pixel_coords": [
        263,
        157,
        13.531658172607422
      ],
      "material": "rubber",
      "size": "small"
    },
    {
      "3d_coords": [
        -0.5206882953643799,
        2.6803297996520996,
        0.30000001192092896
      ],
      "rotation": 317.2719146348317,
      "color": "red",
      "shape": "cube",
      "pixel_coords": [
        407,
        170,
        12.964938163757324
      ],
      "material": "rubber",
      "size": "small"
    },
    {
      "3d_coords": [
        2.952674627304077,
        0.411630243062973,
        0.30000001192092896
      ],
      "rotation": 24.388421378645475,
      "color": "purple",
      "shape": "cylinder",
      "pixel_coords": [
        493,
        286,
        9.353023529052734
      ],
      "material": "rubber",
      "size": "large"
    },
    {
      "3d_coords": [
        -2.165616512298584,
        -2.7621309757232666,
        0.30000001192092896
      ],
      "rotation": 99.93022488873942,
      "color": "gray",
      "shape": "cylinder",
      "pixel_coords": [
        92,
        232,
        10.760266304016113
      ],
      "material": "rubber",
      "size": "large"
    },
    {
      "3d_coords": [
        -1.3488751649856567,
        0.48986756801605225,
        0.30000001192092896
      ],
      "rotation": 187.76858551766733,
      "color": "red",
      "shape": "cube",
      "pixel_coords": [
        288,
        189,
        12.185182571411133
      ],
      "material": "rubber",
      "size": "large"
    },
    {
      "3d_coords": [
        -1.9994829893112183,
        -0.6167404055595398,
        0.30000001192092896
      ],
      "rotation": 264.6117682370657,
      "color": "gray",
      "shape": "sphere",
      "pixel_coords": [
        214,
        196,
        11.941607475280762
      ],
      "material": "rubber",
      "size": "large"
    },
    {
      "3d_coords": [
        0.6868667602539062,
        -0.6871449947357178,
        0.30000001192092896
      ],
      "rotation": 35.22427283881712,
      "color": "red",
      "shape": "sphere",
      "pixel_coords": [
        317,
        253,
        10.15995979309082
      ],
      "material": "rubber",
      "size": "small"
    }
  ]
}