{
  "directions": {
    "above": [
      0.0,
      0.0,
      1.0
    ],
    "left": [
      -0.6563112735748291,
      -0.7544902563095093,
      0.0
    ],
    "front": [
      0.754490315914154,
      -0.6563112735748291,
      -0.0
    ],
    "below": [
      -0.0,
      -0.0,
      -1.0
    ],
    "behind": [
      -0.754490315914154,
      0.6563112735748291,
      0.0
    ],
    "right": [
      0.6563112735748291,
      0.7544902563095093,
      -0.0
    ]
  },
  "image_filename": "CLEVR_new_001037.png",
  "image_index": 1037,
  "relationships": {
    "front": [
      [
        9
      ],
      [
        0,
        2,
        3,
        4,
        9
      ],
      [
        0,
        3,
        4,
        9
      ],
      [
        0,
        4,
        9
      ],
      [
        0,
        9
      ],
      [
        0,
        1,
        2,
        3,
        4,
        6,
        7,
        8,
        9
      ],
      [
        0,
        1,
        2,
        3,
        4,
        9
      ],
      [
        0,
        1,
        2,
        3,
        4,
        6,
        9
      ],
      [
        0,
        1,
        2,
        3,
        4,
        6,
        7,
        9
      ],
      []
    ],
    "left": [
      [
        1,
        2
      ],
      [],
      [
        1
      ],
      [
        0,
        1,
        2,
        4,
        5,
        6,
        7,
        8,
        9
      ],
      [
        0,
        1,
        2,
        5,
        7
      ],
      [
        0,
        1,
        2
      ],
      [
        0,
        1,
        2,
        4,
        5,
        7
      ],
      [
        0,
        1,
        2,
        5
      ],
      [
        0,
        1,
        2,
        4,
        5,
        6,
        7,
        9
      ],
      [
        0,
        1,
        2,
        4,
        5,
        6,
        7
      ]
    ],
    "behind": [
      [
        1,
        2,
        3,
        4,
        5,
        6,
        7,
        8
      ],
      [
        5,
        6,
        7,
        8
      ],
      [
        1,
        5,
        6,
        7,
        8
      ],
      [
        1,
        2,
        5,
        6,
        7,
        8
      ],
      [
        1,
        2,
        3,
        5,
        6,
        7,
        8
      ],
      [],
      [
        5,
        7,
        8
      ],
      [
        5,
        8
      ],
      [
        5
      ],
      [
        0,
        1,
        2,
        3,
        4,
        5,
        6,
        7,
        8
      ]
    ],
    "right": [
      [
        3,
        4,
        5,
        6,
        7,
        8,
        9
      ],
      [
        0,
        2,
        3,
        4,
        5,
        6,
        7,
        8,
        9
      ],
      [
        0,
        3,
        4,
        5,
        6,
        7,
        8,
        9
      ],
      [],
      [
        3,
        6,
        8,
        9
      ],
      [
        3,
        4,
        6,
        7,
        8,
        9
      ],
      [
        3,
        8,
        9
      ],
      [
        3,
        4,
        6,
        8,
        9
      ],
      [
        3
      ],
      [
        3,
        8
      ]
    ]
  },
  "split": "new",
  "objects": [
    {
      "3d_coords": [
        0.254853218793869,
        -2.3651199340820312,
        0.30000001192092896
      ],
      "rotation": 216.91477701806605,
      "color": "green",
      "shape": "sphere",
      "pixel_coords": [
        200,
        278,
        9.914288520812988
      ],
      "material": "rubber",
      "size": "large"
    },
    {
      "3d_coords": [
        -2.2001771926879883,
        -2.776810646057129,
        0.30000001192092896
      ],
      "rotation": 42.25601053125196,
      "color": "yellow",
      "shape": "cylinder",
      "pixel_coords": [
        102,
        224,
        11.379037857055664
      ],
      "material": "rubber",
      "size": "small"
    },
    {
      "3d_coords": [
        -0.9160583019256592,
        -2.104668617248535,
        0.30000001192092896
      ],
      "rotation": 280.9088448263844,
      "color": "red",
      "shape": "cylinder",
      "pixel_coords": [
        177,
        241,
        10.86122989654541
      ],
      "material": "rubber",
      "size": "small"
    },
    {
      "3d_coords": [
        1.8957695960998535,
        0.7030994296073914,
        0.30000001192092896
      ],
      "rotation": 106.96161738988094,
      "color": "green",
      "shape": "cube",
      "pixel_coords": [
        436,
        256,
        10.453685760498047
      ],
      "material": "rubber",
      "size": "small"
    },
    {
      "3d_coords": [
        0.5587408542633057,
        -1.3032246828079224,
        0.30000001192092896
      ],
      "rotation": 120.3785106078481,
      "color": "red",
      "shape": "cylinder",
      "pixel_coords": [
        274,
        263,
        10.282567024230957
      ],
      "material": "rubber",
      "size": "large"
    },
    {
      "3d_coords": [
        -2.7790751457214355,
        0.6148627400398254,
        0.30000001192092896
      ],
      "rotation": 229.63155022671225,
      "color": "yellow",
      "shape": "cylinder",
      "pixel_coords": [
        256,
        163,
        13.62105941772461
      ],
      "material": "rubber",
      "size": "large"
    },
    {
      "3d_coords": [
        -0.7015253305435181,
        0.3679656982421875,
        0.30000001192092896
      ],
      "rotation": 53.783731662900934,
      "color": "gray",
      "shape": "sphere",
      "pixel_coords": [
        312,
        203,
        12.057903289794922
      ],
      "material": "rubber",
      "size": "large"
    },
    {
      "3d_coords": [
        -1.4833918809890747,
        -0.015042539685964584,
        0.30000001192092896
      ],
      "rotation": 93.55994071805131,
      "color": "red",
      "shape": "cube",
      "pixel_coords": [
        267,
        194,
        12.387449264526367
      ],
      "material": "rubber",
      "size": "large"
    },
    {
      "3d_coords": [
        -1.077305793762207,
        2.0227303504943848,
        0.30000001192092896
      ],
      "rotation": 165.27135313834358,
      "color": "yellow",
      "shape": "cylinder",
      "pixel_coords": [
        369,
        173,
        13.215964317321777
      ],
      "material": "rubber",
      "size": "small"
    },
    {
      "3d_coords": [
        1.8901489973068237,
        -1.4865851402282715,
        0.30000001192092896
      ],
      "rotation": 314.2866849902502,
      "color": "gray",
      "shape": "cylinder",
      "pixel_coords": [
        320,
        308,
        9.267146110534668
      ],
      "material": "rubber",
      "size": "small"
    }
  ]
}