{
  "relationships": {
    "right": [
      [
        2,
        3,
        4,
        7
      ],
      [
        0,
        2,
        3,
        4,
        5,
        6,
        7
      ],
      [
        3,
        4,
        7
      ],
      [
        4,
        7
      ],
      [],
      [
        0,
        2,
        3,
        4,
        6,
        7
      ],
      [
        0,
        2,
        3,
        4,
        7
      ],
      [
        4
      ]
    ],
    "left": [
      [
        1,
        5,
        6
      ],
      [],
      [
        0,
        1,
        5,
        6
      ],
      [
        0,
        1,
        2,
        5,
        6
      ],
      [
        0,
        1,
        2,
        3,
        5,
        6,
        7
      ],
      [
        1
      ],
      [
        1,
        5
      ],
      [
        0,
        1,
        2,
        3,
        5,
        6
      ]
    ],
    "behind": [
      [
        1,
        3,
        4,
        5,
        6,
        7
      ],
      [
        4,
        6,
        7
      ],
      [
        0,
        1,
        3,
        4,
        5,
        6,
        7
      ],
      [
        1,
        4,
        6,
        7
      ],
      [
        6,
        7
      ],
      [
        1,
        3,
        4,
        6,
        7
      ],
      [],
      [
        6
      ]
    ],
    "front": [
      [
        2
      ],
      [
        0,
        2,
        3,
        5
      ],
      [],
      [
        0,
        2,
        5
      ],
      [
        0,
        1,
        2,
        3,
        5
      ],
      [
        0,
        2
      ],
      [
        0,
        1,
        2,
        3,
        4,
        5,
        7
      ],
      [
        0,
        1,
        2,
        3,
        4,
        5
      ]
    ]
  },
  "image_index": 827,
  "directions": {
    "below": [
      -0.0,
      -0.0,
      -1.0
    ],
    "left": [
      -0.6563112735748291,
      -0.7544902563095093,
      0.0
    ],
    "above": [
      0.0,
      0.0,
      1.0
    ],
    "front": [
      0.754490315914154,
      -0.6563112735748291,
      -0.0
    ],
    "behind": [
      -0.754490315914154,
      0.6563112735748291,
      0.0
    ],
    "right": [
      0.6563112735748291,
      0.7544902563095093,
      -0.0
    ]
  },
  "objects": [
    {
      "shape": "cylinder",
      "pixel_coords": [
        288,
        304,
        8.787676811218262
      ],
      "color": "cyan",
      "rotation": 180.61078342217294,
      "size": "small",
      "material": "rubber",
      "3d_coords": [
        1.4377689361572266,
        -1.9846506118774414,
        0.30000001192092896
      ]
    },
    {
      "shape": "cube",
      "pixel_coords": [
        120,
        230,
        10.734619140625
      ],
      "color": "brown",
      "rotation": 237.60948892142488,
      "size": "small",
      "material": "rubber",
      "3d_coords": [
        -1.98036789894104,
        -2.348945379257202,
        0.30000001192092896
      ]
    },
    {
      "shape": "cube",
      "pixel_coords": [
        335,
        359,
        7.756610870361328
      ],
      "color": "blue",
      "rotation": 75.39670702078665,
      "size": "small",
      "material": "rubber",
      "3d_coords": [
        2.652357816696167,
        -2.3940558433532715,
        0.30000001192092896
      ]
    },
    {
      "shape": "cylinder",
      "pixel_coords": [
        367,
        239,
        10.443463325500488
      ],
      "color": "red",
      "rotation": 81.59448241337654,
      "size": "small",
      "material": "rubber",
      "3d_coords": [
        0.9007272720336914,
        0.10225698351860046,
        0.30000001192092896
      ]
    },
    {
      "shape": "sphere",
      "pixel_coords": [
        535,
        208,
        11.472661018371582
      ],
      "color": "purple",
      "rotation": 77.72557550027288,
      "size": "small",
      "material": "rubber",
      "3d_coords": [
        2.0699758529663086,
        2.9194822311401367,
        0.30000001192092896
      ]
    },
    {
      "shape": "cube",
      "pixel_coords": [
        218,
        283,
        9.26457691192627
      ],
      "color": "green",
      "rotation": 267.220985744957,
      "size": "small",
      "material": "rubber",
      "3d_coords": [
        0.3946641981601715,
        -2.2820487022399902,
        0.30000001192092896
      ]
    },
    {
      "shape": "cylinder",
      "pixel_coords": [
        260,
        161,
        13.483317375183105
      ],
      "color": "green",
      "rotation": 193.97937787918843,
      "size": "small",
      "material": "rubber",
      "3d_coords": [
        -2.825091600418091,
        1.1627616882324219,
        0.30000001192092896
      ]
    },
    {
      "shape": "cylinder",
      "pixel_coords": [
        413,
        178,
        12.675262451171875
      ],
      "color": "purple",
      "rotation": 199.47197304258657,
      "size": "large",
      "material": "rubber",
      "3d_coords": [
        -0.17803704738616943,
        2.556243896484375,
        0.30000001192092896
      ]
    }
  ],
  "image_filename": "CLEVR_new_000827.png",
  "split": "new"
}