{
  "directions": {
    "above": [
      0.0,
      0.0,
      1.0
    ],
    "left": [
      -0.6563112735748291,
      -0.7544902563095093,
      0.0
    ],
    "front": [
      0.754490315914154,
      -0.6563112735748291,
      -0.0
    ],
    "below": [
      -0.0,
      -0.0,
      -1.0
    ],
    "behind": [
      -0.754490315914154,
      0.6563112735748291,
      0.0
    ],
    "right": [
      0.6563112735748291,
      0.7544902563095093,
      -0.0
    ]
  },
  "image_filename": "CLEVR_new_001006.png",
  "image_index": 1006,
  "relationships": {
    "front": [
      [],
      [
        0,
        5,
        6,
        9
      ],
      [
        0,
        1,
        4,
        5,
        6,
        7,
        9
      ],
      [
        0,
        1,
        2,
        4,
        5,
        6,
        7,
        8,
        9
      ],
      [
        0,
        1,
        5,
        6,
        7,
        9
      ],
      [
        0,
        9
      ],
      [
        0,
        5,
        9
      ],
      [
        0,
        1,
        5,
        6,
        9
      ],
      [
        0,
        1,
        2,
        4,
        5,
        6,
        7,
        9
      ],
      [
        0
      ]
    ],
    "left": [
      [
        1,
        3,
        6,
        7,
        9
      ],
      [],
      [
        0,
        1,
        3,
        4,
        5,
        6,
        7,
        8,
        9
      ],
      [
        1,
        7,
        9
      ],
      [
        0,
        1,
        3,
        6,
        7,
        9
      ],
      [
        0,
        1,
        3,
        4,
        6,
        7,
        8,
        9
      ],
      [
        1,
        3,
        7,
        9
      ],
      [
        1
      ],
      [
        0,
        1,
        3,
        4,
        6,
        7,
        9
      ],
      [
        1,
        7
      ]
    ],
    "behind": [
      [
        1,
        2,
        3,
        4,
        5,
        6,
        7,
        8,
        9
      ],
      [
        2,
        3,
        4,
        7,
        8
      ],
      [
        3,
        8
      ],
      [],
      [
        2,
        3,
        8
      ],
      [
        1,
        2,
        3,
        4,
        6,
        7,
        8
      ],
      [
        1,
        2,
        3,
        4,
        7,
        8
      ],
      [
        2,
        3,
        4,
        8
      ],
      [
        3
      ],
      [
        1,
        2,
        3,
        4,
        5,
        6,
        7,
        8
      ]
    ],
    "right": [
      [
        2,
        4,
        5,
        8
      ],
      [
        0,
        2,
        3,
        4,
        5,
        6,
        7,
        8,
        9
      ],
      [],
      [
        0,
        2,
        4,
        5,
        6,
        8
      ],
      [
        2,
        5,
        8
      ],
      [
        2
      ],
      [
        0,
        2,
        4,
        5,
        8
      ],
      [
        0,
        2,
        3,
        4,
        5,
        6,
        8,
        9
      ],
      [
        2,
        5
      ],
      [
        0,
        2,
        3,
        4,
        5,
        6,
        8
      ]
    ]
  },
  "split": "new",
  "objects": [
    {
      "3d_coords": [
        2.3351070880889893,
        -1.6739857196807861,
        0.30000001192092896
      ],
      "rotation": 245.27147130564668,
      "color": "green",
      "shape": "cylinder",
      "pixel_coords": [
        340,
        342,
        8.42000675201416
      ],
      "material": "rubber",
      "size": "small"
    },
    {
      "3d_coords": [
        -1.4566841125488281,
        -2.792391061782837,
        0.30000001192092896
      ],
      "rotation": 152.30350134458646,
      "color": "red",
      "shape": "sphere",
      "pixel_coords": [
        111,
        247,
        10.267749786376953
      ],
      "material": "rubber",
      "size": "small"
    },
    {
      "3d_coords": [
        1.7637356519699097,
        2.5935723781585693,
        0.30000001192092896
      ],
      "rotation": 167.47932370796127,
      "color": "red",
      "shape": "cylinder",
      "pixel_coords": [
        516,
        213,
        11.158794403076172
      ],
      "material": "rubber",
      "size": "small"
    },
    {
      "3d_coords": [
        -1.5534147024154663,
        0.6447700262069702,
        0.30000001192092896
      ],
      "rotation": 280.3151138495417,
      "color": "green",
      "shape": "sphere",
      "pixel_coords": [
        290,
        178,
        12.237040519714355
      ],
      "material": "rubber",
      "size": "small"
    },
    {
      "3d_coords": [
        0.24194470047950745,
        0.43195030093193054,
        0.30000001192092896
      ],
      "rotation": 151.06856966357287,
      "color": "cyan",
      "shape": "cube",
      "pixel_coords": [
        351,
        220,
        10.95042610168457
      ],
      "material": "rubber",
      "size": "large"
    },
    {
      "3d_coords": [
        2.8039798736572266,
        0.45340925455093384,
        0.30000001192092896
      ],
      "rotation": 124.85624170081778,
      "color": "red",
      "shape": "sphere",
      "pixel_coords": [
        483,
        293,
        9.29472541809082
      ],
      "material": "rubber",
      "size": "large"
    },
    {
      "3d_coords": [
        0.8204345107078552,
        -0.8455970883369446,
        0.30000001192092896
      ],
      "rotation": 348.73484349013745,
      "color": "brown",
      "shape": "cube",
      "pixel_coords": [
        312,
        265,
        9.865334510803223
      ],
      "material": "rubber",
      "size": "large"
    },
    {
      "3d_coords": [
        -0.7386847138404846,
        -1.3588706254959106,
        0.30000001192092896
      ],
      "rotation": 126.6701009809083,
      "color": "green",
      "shape": "cube",
      "pixel_coords": [
        220,
        234,
        10.595475196838379
      ],
      "material": "rubber",
      "size": "large"
    },
    {
      "3d_coords": [
        -0.288746178150177,
        1.3673591613769531,
        0.30000001192092896
      ],
      "rotation": 92.94068059495103,
      "color": "yellow",
      "shape": "cylinder",
      "pixel_coords": [
        371,
        191,
        11.81464672088623
      ],
      "material": "rubber",
      "size": "large"
    },
    {
      "3d_coords": [
        1.3144867420196533,
        -2.143054485321045,
        0.30000001192092896
      ],
      "rotation": 219.42264202742854,
      "color": "blue",
      "shape": "cylinder",
      "pixel_coords": [
        258,
        318,
        8.8241605758667
      ],
      "material": "rubber",
      "size": "small"
    }
  ]
}