{
  "directions": {
    "below": [
      -0.0,
      -0.0,
      -1.0
    ],
    "above": [
      0.0,
      0.0,
      1.0
    ],
    "behind": [
      -0.754490315914154,
      0.6563112735748291,
      0.0
    ],
    "left": [
      -0.6563112735748291,
      -0.7544902563095093,
      0.0
    ],
    "right": [
      0.6563112735748291,
      0.7544902563095093,
      -0.0
    ],
    "front": [
      0.754490315914154,
      -0.6563112735748291,
      -0.0
    ]
  },
  "relationships": {
    "left": [
      [
        3,
        5,
        6,
        7,
        9,
        10,
        14,
        15
      ],
      [
        0,
        3,
        5,
        6,
        7,
        9,
        10,
        14,
        15
      ],
      [
        0,
        1,
        3,
        4,
        5,
        6,
        7,
        8,
        9,
        10,
        11,
        12,
        13,
        14,
        15
      ],
      [
        5,
        6,
        7,
        9,
        10,
        14,
        15
      ],
      [
        0,
        1,
        3,
        5,
        6,
        7,
        9,
        10,
        14,
        15
      ],
      [
        7,
        9,
        10,
        15
      ],
      [
        5,
        7,
        9,
        10,
        15
      ],
      [],
      [
        0,
        1,
        3,
        4,
        5,
        6,
        7,
        9,
        10,
        14,
        15
      ],
      [
        7,
        10,
        15
      ],
      [
        7,
        15
      ],
      [
        0,
        1,
        3,
        4,
        5,
        6,
        7,
        8,
        9,
        10,
        13,
        14,
        15
      ],
      [
        0,
        1,
        3,
        4,
        5,
        6,
        7,
        8,
        9,
        10,
        11,
        13,
        14,
        15
      ],
      [
        0,
        1,
        3,
        4,
        5,
        6,
        7,
        8,
        9,
        10,
        14,
        15
      ],
      [
        5,
        6,
        7,
        9,
        10,
        15
      ],
      [
        7
      ]
    ],
    "right": [
      [
        1,
        2,
        4,
        8,
        11,
        12,
        13
      ],
      [
        2,
        4,
        8,
        11,
        12,
        13
      ],
      [],
      [
        0,
        1,
        2,
        4,
        8,
        11,
        12,
        13
      ],
      [
        2,
        8,
        11,
        12,
        13
      ],
      [
        0,
        1,
        2,
        3,
        4,
        6,
        8,
        11,
        12,
        13,
        14
      ],
      [
        0,
        1,
        2,
        3,
        4,
        8,
        11,
        12,
        13,
        14
      ],
      [
        0,
        1,
        2,
        3,
        4,
        5,
        6,
        8,
        9,
        10,
        11,
        12,
        13,
        14,
        15
      ],
      [
        2,
        11,
        12,
        13
      ],
      [
        0,
        1,
        2,
        3,
        4,
        5,
        6,
        8,
        11,
        12,
        13,
        14
      ],
      [
        0,
        1,
        2,
        3,
        4,
        5,
        6,
        8,
        9,
        11,
        12,
        13,
        14
      ],
      [
        2,
        12
      ],
      [
        2
      ],
      [
        2,
        11,
        12
      ],
      [
        0,
        1,
        2,
        3,
        4,
        8,
        11,
        12,
        13
      ],
      [
        0,
        1,
        2,
        3,
        4,
        5,
        6,
        8,
        9,
        10,
        11,
        12,
        13,
        14
      ]
    ],
    "front": [
      [
        2,
        3,
        4,
        5,
        6,
        7,
        9,
        10,
        11,
        12,
        13,
        15
      ],
      [
        0,
        2,
        3,
        4,
        5,
        6,
        7,
        8,
        9,
        10,
        11,
        12,
        13,
        15
      ],
      [
        5,
        6,
        11,
        13
      ],
      [
        2,
        5,
        6,
        10,
        11,
        13
      ],
      [
        2,
        3,
        5,
        6,
        7,
        10,
        11,
        13
      ],
      [
        6,
        11
      ],
      [],
      [
        2,
        3,
        5,
        6,
        10,
        11,
        13
      ],
      [
        0,
        2,
        3,
        4,
        5,
        6,
        7,
        9,
        10,
        11,
        12,
        13,
        15
      ],
      [
        2,
        3,
        4,
        5,
        6,
        7,
        10,
        11,
        13,
        15
      ],
      [
        2,
        5,
        6,
        11,
        13
      ],
      [
        6
      ],
      [
        2,
        3,
        4,
        5,
        6,
        7,
        9,
        10,
        11,
        13,
        15
      ],
      [
        5,
        6,
        11
      ],
      [
        0,
        1,
        2,
        3,
        4,
        5,
        6,
        7,
        8,
        9,
        10,
        11,
        12,
        13,
        15
      ],
      [
        2,
        3,
        4,
        5,
        6,
        7,
        10,
        11,
        13
      ]
    ],
    "behind": [
      [
        1,
        8,
        14
      ],
      [
        14
      ],
      [
        0,
        1,
        3,
        4,
        7,
        8,
        9,
        10,
        12,
        14,
        15
      ],
      [
        0,
        1,
        4,
        7,
        8,
        9,
        12,
        14,
        15
      ],
      [
        0,
        1,
        8,
        9,
        12,
        14,
        15
      ],
      [
        0,
        1,
        2,
        3,
        4,
        7,
        8,
        9,
        10,
        12,
        13,
        14,
        15
      ],
      [
        0,
        1,
        2,
        3,
        4,
        5,
        7,
        8,
        9,
        10,
        11,
        12,
        13,
        14,
        15
      ],
      [
        0,
        1,
        4,
        8,
        9,
        12,
        14,
        15
      ],
      [
        1,
        14
      ],
      [
        0,
        1,
        8,
        12,
        14
      ],
      [
        0,
        1,
        3,
        4,
        7,
        8,
        9,
        12,
        14,
        15
      ],
      [
        0,
        1,
        2,
        3,
        4,
        5,
        7,
        8,
        9,
        10,
        12,
        13,
        14,
        15
      ],
      [
        0,
        1,
        8,
        14
      ],
      [
        0,
        1,
        2,
        3,
        4,
        7,
        8,
        9,
        10,
        12,
        14,
        15
      ],
      [],
      [
        0,
        1,
        8,
        9,
        12,
        14
      ]
    ]
  },
  "objects": [
    {
      "3d_coords": [
        -1.2931432723999023,
        0.8773382902145386,
        0.30000001192092896
      ],
      "rotation": 291.68307024992606,
      "size": "small",
      "pixel_coords": [
        311,
        189,
        12.716669082641602
      ],
      "color": "yellow",
      "shape": "cylinder",
      "material": "rubber"
    },
    {
      "3d_coords": [
        -1.9259742498397827,
        1.9076913595199585,
        0.30000001192092896
      ],
      "rotation": 160.12467757901936,
      "size": "small",
      "pixel_coords": [
        331,
        168,
        13.755143165588379
      ],
      "color": "blue",
      "shape": "cylinder",
      "material": "rubber"
    },
    {
      "3d_coords": [
        2.1970574855804443,
        1.3798328638076782,
        0.30000001192092896
      ],
      "rotation": 327.09320999441206,
      "size": "large",