{
  "directions": {
    "above": [
      0.0,
      0.0,
      1.0
    ],
    "left": [
      -0.6563112735748291,
      -0.7544902563095093,
      0.0
    ],
    "front": [
      0.754490315914154,
      -0.6563112735748291,
      -0.0
    ],
    "below": [
      -0.0,
      -0.0,
      -1.0
    ],
    "behind": [
      -0.754490315914154,
      0.6563112735748291,
      0.0
    ],
    "right": [
      0.6563112735748291,
      0.7544902563095093,
      -0.0
    ]
  },
  "image_filename": "CLEVR_new_001011.png",
  "image_index": 1011,
  "relationships": {
    "front": [
      [
        1,
        2,
        3,
        4,
        5,
        6,
        7,
        8,
        9
      ],
      [
        2,
        6
      ],
      [
        6
      ],
      [
        1,
        2,
        6,
        7,
        9
      ],
      [
        1,
        2,
        3,
        5,
        6,
        7,
        9
      ],
      [
        1,
        2,
        3,
        6,
        7,
        9
      ],
      [],
      [
        1,
        2,
        6
      ],
      [
        1,
        2,
        3,
        4,
        5,
        6,
        7,
        9
      ],
      [
        1,
        2,
        6,
        7
      ]
    ],
    "left": [
      [
        2,
        3,
        4,
        5,
        6,
        7,
        8,
        9
      ],
      [
        0,
        2,
        3,
        4,
        5,
        6,
        7,
        8,
        9
      ],
      [
        3,
        5,
        7,
        9
      ],
      [],
      [
        2,
        3,
        5,
        6,
        7,
        8,
        9
      ],
      [
        3,
        9
      ],
      [
        2,
        3,
        5,
        7,
        9
      ],
      [
        3,
        5,
        9
      ],
      [
        2,
        3,
        5,
        6,
        7,
        9
      ],
      [
        3
      ]
    ],
    "behind": [
      [],
      [
        0,
        3,
        4,
        5,
        7,
        8,
        9
      ],
      [
        0,
        1,
        3,
        4,
        5,
        7,
        8,
        9
      ],
      [
        0,
        4,
        5,
        8
      ],
      [
        0,
        8
      ],
      [
        0,
        4,
        8
      ],
      [
        0,
        1,
        2,
        3,
        4,
        5,
        7,
        8,
        9
      ],
      [
        0,
        3,
        4,
        5,
        8,
        9
      ],
      [
        0
      ],
      [
        0,
        3,
        4,
        5,
        8
      ]
    ],
    "right": [
      [
        1
      ],
      [],
      [
        0,
        1,
        4,
        6,
        8
      ],
      [
        0,
        1,
        2,
        4,
        5,
        6,
        7,
        8,
        9
      ],
      [
        0,
        1
      ],
      [
        0,
        1,
        2,
        4,
        6,
        7,
        8
      ],
      [
        0,
        1,
        4,
        8
      ],
      [
        0,
        1,
        2,
        4,
        6,
        8
      ],
      [
        0,
        1,
        4
      ],
      [
        0,
        1,
        2,
        4,
        5,
        6,
        7,
        8
      ]
    ]
  },
  "split": "new",
  "objects": [
    {
      "3d_coords": [
        -1.460801362991333,
        2.766550064086914,
        0.30000001192092896
      ],
      "rotation": 274.1661702060971,
      "color": "brown",
      "shape": "cylinder",
      "pixel_coords": [
        371,
        159,
        13.855119705200195
      ],
      "material": "rubber",
      "size": "large"
    },
    {
      "3d_coords": [
        2.0623927116394043,
        0.6234008073806763,
        0.30000001192092896
      ],
      "rotation": 193.3752212515321,
      "color": "brown",
      "shape": "cube",
      "pixel_coords": [
        448,
        255,
        10.255633354187012
      ],
      "material": "rubber",
      "size": "small"
    },
    {
      "3d_coords": [
        0.48099496960639954,
        -1.812564730644226,
        0.30000001192092896
      ],
      "rotation": 10.702532668090562,
      "color": "yellow",
      "shape": "cube",
      "pixel_coords": [
        249,
        272,
        9.788020133972168
      ],
      "material": "rubber",
      "size": "large"
    },
    {
      "3d_coords": [
        -2.447199821472168,
        -2.193979263305664,
        0.30000001192092896
      ],
      "rotation": 346.318519085043,
      "color": "gray",
      "shape": "sphere",
      "pixel_coords": [
        120,
        216,
        11.45372486114502
      ],
      "material": "rubber",
      "size": "large"
    },
    {
      "3d_coords": [
        -0.3895365297794342,
        1.5203441381454468,
        0.30000001192092896
      ],
      "rotation": 271.6543406877088,
      "color": "blue",
      "shape": "cylinder",
      "pixel_coords": [
        367,
        191,
        12.396135330200195
      ],
      "material": "rubber",
      "size": "small"
    },
    {
      "3d_coords": [
        -1.6545990705490112,
        -0.9495447874069214,
        0.30000001192092896
      ],
      "rotation": 16.41343546974831,
      "color": "purple",
      "shape": "cylinder",
      "pixel_coords": [
        211,
        209,
        11.7025146484375
      ],
      "material": "rubber",
      "size": "small"
    },
    {
      "3d_coords": [
        2.6020145416259766,
        -1.949069857597351,
        0.30000001192092896
      ],
      "rotation": 343.4282672698991,
      "color": "yellow",
      "shape": "cylinder",
      "pixel_coords": [
        351,
        340,
        8.32840347290039
      ],
      "material": "rubber",
      "size": "large"
    },
    {
      "3d_coords": [
        -0.3472299575805664,
        -1.5479499101638794,
        0.30000001192092896
      ],
      "rotation": 254.31186796572132,
      "color": "green",
      "shape": "cylinder",
      "pixel_coords": [
        229,
        247,
        10.487531661987305
      ],
      "material": "rubber",
      "size": "large"
    },
    {
      "3d_coords": [
        -1.3069394826889038,
        1.9653054475784302,
        0.30000001192092896
      ],
      "rotation": 35.62914928177598,
      "color": "red",
      "shape": "cube",
      "pixel_coords": [
        348,
        171,
        13.264067649841309
      ],
      "material": "rubber",
      "size": "large"
    },
    {
      "3d_coords": [
        -1.3611596822738647,
        -2.0628232955932617,
        0.30000001192092896
      ],
      "rotation": 139.09106142962318,
      "color": "red",
      "shape": "cube",
      "pixel_coords": [
        163,
        235,
        10.829610824584961
      ],
      "material": "rubber",
      "size": "small"
    }
  ]
}