{
  "directions": {
    "above": [
      0.0,
      0.0,
      1.0
    ],
    "left": [
      -0.6563112735748291,
      -0.7544902563095093,
      0.0
    ],
    "front": [
      0.754490315914154,
      -0.6563112735748291,
      -0.0
    ],
    "below": [
      -0.0,
      -0.0,
      -1.0
    ],
    "behind": [
      -0.754490315914154,
      0.6563112735748291,
      0.0
    ],
    "right": [
      0.6563112735748291,
      0.7544902563095093,
      -0.0
    ]
  },
  "image_filename": "CLEVR_new_001043.png",
  "image_index": 1043,
  "relationships": {
    "front": [
      [
        5,
        8
      ],
      [
        0,
        5,
        8
      ],
      [
        0,
        1,
        5,
        6,
        8
      ],
      [
        0,
        1,
        2,
        5,
        6,
        7,
        8
      ],
      [
        0,
        1,
        2,
        3,
        5,
        6,
        7,
        8,
        9
      ],
      [
        8
      ],
      [
        0,
        1,
        5,
        8
      ],
      [
        0,
        1,
        2,
        5,
        6,
        8
      ],
      [],
      [
        0,
        1,
        2,
        3,
        5,
        6,
        7,
        8
      ]
    ],
    "left": [
      [],
      [
        0,
        3,
        4,
        5,
        6,
        7,
        8,
        9
      ],
      [
        0,
        1,
        3,
        4,
        5,
        6,
        7,
        8,
        9
      ],
      [
        0,
        4,
        5,
        6,
        7,
        8,
        9
      ],
      [
        0,
        5
      ],
      [
        0
      ],
      [
        0,
        4,
        5,
        9
      ],
      [
        0,
        4,
        5,
        6,
        8,
        9
      ],
      [
        0,
        4,
        5,
        6,
        9
      ],
      [
        0,
        4,
        5
      ]
    ],
    "behind": [
      [
        1,
        2,
        3,
        4,
        6,
        7,
        9
      ],
      [
        2,
        3,
        4,
        6,
        7,
        9
      ],
      [
        3,
        4,
        7,
        9
      ],
      [
        4,
        9
      ],
      [],
      [
        0,
        1,
        2,
        3,
        4,
        6,
        7,
        9
      ],
      [
        2,
        3,
        4,
        7,
        9
      ],
      [
        3,
        4,
        9
      ],
      [
        0,
        1,
        2,
        3,
        4,
        5,
        6,
        7,
        9
      ],
      [
        4
      ]
    ],
    "right": [
      [
        1,
        2,
        3,
        4,
        5,
        6,
        7,
        8,
        9
      ],
      [
        2
      ],
      [],
      [
        1,
        2
      ],
      [
        1,
        2,
        3,
        6,
        7,
        8,
        9
      ],
      [
        1,
        2,
        3,
        4,
        6,
        7,
        8,
        9
      ],
      [
        1,
        2,
        3,
        7,
        8
      ],
      [
        1,
        2,
        3
      ],
      [
        1,
        2,
        3,
        7
      ],
      [
        1,
        2,
        3,
        6,
        7,
        8
      ]
    ]
  },
  "split": "new",
  "objects": [
    {
      "3d_coords": [
        -0.20459941029548645,
        -2.345029592514038,
        0.30000001192092896
      ],
      "rotation": 45.4776128642209,
      "color": "purple",
      "shape": "sphere",
      "pixel_coords": [
        176,
        271,
        9.316685676574707
      ],
      "material": "rubber",
      "size": "small"
    },
    {
      "3d_coords": [
        1.8850027322769165,
        1.6482493877410889,
        0.30000001192092896
      ],
      "rotation": 101.17445974474386,
      "color": "gray",
      "shape": "cube",
      "pixel_coords": [
        490,
        234,
        10.191095352172852
      ],
      "material": "rubber",
      "size": "large"
    },
    {
      "3d_coords": [
        1.9427772760391235,
        2.7414228916168213,
        0.30000001192092896
      ],
      "rotation": 179.91513063902272,
      "color": "red",
      "shape": "cylinder",
      "pixel_coords": [
        537,
        213,
        10.771319389343262
      ],
      "material": "rubber",
      "size": "large"
    },
    {
      "3d_coords": [
        -0.07714343070983887,
        2.7980337142944336,
        0.30000001192092896
      ],
      "rotation": 143.98031605722997,
      "color": "blue",
      "shape": "cylinder",
      "pixel_coords": [
        440,
        172,
        12.142152786254883
      ],
      "material": "rubber",
      "size": "large"
    },
    {
      "3d_coords": [
        -2.887348175048828,
        1.9082181453704834,
        0.30000001192092896
      ],
      "rotation": 249.15734668097568,
      "color": "red",
      "shape": "sphere",
      "pixel_coords": [
        298,
        139,
        13.501297950744629
      ],
      "material": "rubber",
      "size": "small"
    },
    {
      "3d_coords": [
        0.714326798915863,
        -2.397545099258423,
        0.30000001192092896
      ],
      "rotation": 227.19856847343632,
      "color": "yellow",
      "shape": "sphere",
      "pixel_coords": [
        210,
        302,
        8.677908897399902
      ],
      "material": "rubber",
      "size": "large"
    },
    {
      "3d_coords": [
        0.008404536172747612,
        0.048420388251543045,
        0.30000001192092896
      ],
      "rotation": 54.83403920261019,
      "color": "red",
      "shape": "sphere",
      "pixel_coords": [
        323,
        222,
        10.529720306396484
      ],
      "material": "rubber",
      "size": "small"
    },
    {
      "3d_coords": [
        0.13425469398498535,
        1.959946870803833,
        0.30000001192092896
      ],
      "rotation": 108.76759886919317,
      "color": "green",
      "shape": "cube",
      "pixel_coords": [
        416,
        189,
        11.527849197387695
      ],
      "material": "rubber",
      "size": "small"
    },
    {
      "3d_coords": [
        2.6131203174591064,
        -1.2272120714187622,
        0.30000001192092896
      ],
      "rotation": 96.80767685853733,
      "color": "cyan",
      "shape": "cube",
      "pixel_coords": [
        386,
        336,
        8.081562995910645
      ],
      "material": "rubber",
      "size": "large"
    },
    {
      "3d_coords": [
        -2.034210443496704,
        1.4779666662216187,
        0.30000001192092896
      ],
      "rotation": 352.2282602313277,
      "color": "yellow",
      "shape": "cylinder",
      "pixel_coords": [
        309,
        158,
        12.692402839660645
      ],
      "material": "rubber",
      "size": "small"
    }
  ]
}