{
  "directions": {
    "below": [
      -0.0,
      -0.0,
      -1.0
    ],
    "above": [
      0.0,
      0.0,
      1.0
    ],
    "behind": [
      -0.754490315914154,
      0.6563112735748291,
      0.0
    ],
    "left": [
      -0.6563112735748291,
      -0.7544902563095093,
      0.0
    ],
    "right": [
      0.6563112735748291,
      0.7544902563095093,
      -0.0
    ],
    "front": [
      0.754490315914154,
      -0.6563112735748291,
      -0.0
    ]
  },
  "relationships": {
    "left": [
      [
        1,
        2,
        3,
        6,
        7,
        8,
        9,
        10,
        12,
        14,
        15
      ],
      [
        2,
        3,
        6,
        7,
        9,
        10,
        12,
        14,
        15
      ],
      [
        3,
        12,
        14
      ],
      [
        12
      ],
      [
        0,
        1,
        2,
        3,
        6,
        7,
        8,
        9,
        10,
        12,
        14,
        15
      ],
      [
        0,
        1,
        2,
        3,
        4,
        6,
        7,
        8,
        9,
        10,
        12,
        14,
        15
      ],
      [
        2,
        3,
        7,
        12,
        14
      ],
      [
        2,
        3,
        12,
        14
      ],
      [
        1,
        2,
        3,
        6,
        7,
        9,
        10,
        12,
        14,
        15
      ],
      [
        2,
        3,
        6,
        7,
        10,
        12,
        14
      ],
      [
        2,
        3,
        6,
        7,
        12,
        14
      ],
      [
        0,
        1,
        2,
        3,
        4,
        5,
        6,
        7,
        8,
        9,
        10,
        12,
        13,
        14,
        15
      ],
      [],
      [
        0,
        1,
        2,
        3,
        4,
        5,
        6,
        7,
        8,
        9,
        10,
        12,
        14,
        15
      ],
      [
        3,
        12
      ],
      [
        2,
        3,
        6,
        7,
        9,
        10,
        12,
        14
      ]
    ],
    "right": [
      [
        4,
        5,
        11,
        13
      ],
      [
        0,
        4,
        5,
        8,
        11,
        13
      ],
      [
        0,
        1,
        4,
        5,
        6,
        7,
        8,
        9,
        10,
        11,
        13,
        15
      ],
      [
        0,
        1,
        2,
        4,
        5,
        6,
        7,
        8,
        9,
        10,
        11,
        13,
        14,
        15
      ],
      [
        5,
        11,
        13
      ],
      [
        11,
        13
      ],
      [
        0,
        1,
        4,
        5,
        8,
        9,
        10,
        11,
        13,
        15
      ],
      [
        0,
        1,
        4,
        5,
        6,
        8,
        9,
        10,
        11,
        13,
        15
      ],
      [
        0,
        4,
        5,
        11,
        13
      ],
      [
        0,
        1,
        4,
        5,
        8,
        11,
        13,
        15
      ],
      [
        0,
        1,
        4,
        5,
        8,
        9,
        11,
        13,
        15
      ],
      [],
      [
        0,
        1,
        2,
        3,
        4,
        5,
        6,
        7,
        8,
        9,
        10,
        11,
        13,
        14,
        15
      ],
      [
        11
      ],
      [
        0,
        1,
        2,
        4,
        5,
        6,
        7,
        8,
        9,
        10,
        11,
        13,
        15
      ],
      [
        0,
        1,
        4,
        5,
        8,
        11,
        13
      ]
    ],
    "front": [
      [
        1,
        3,
        6,
        7,
        13
      ],
      [
        7
      ],
      [
        0,
        1,
        3,
        5,
        6,
        7,
        8,
        11,
        12,
        13
      ],
      [
        1,
        6,
        7
      ],
      [
        0,
        1,
        2,
        3,
        5,
        6,
        7,
        8,
        9,
        10,
        11,
        12,
        13,
        14
      ],
      [
        0,
        1,
        3,
        6,
        7,
        13
      ],
      [
        1,
        7
      ],
      [],
      [
        0,
        1,
        3,
        5,
        6,
        7,
        13
      ],
      [
        0,
        1,
        2,
        3,
        5,
        6,
        7,
        8,
        11,
        12,
        13
      ],
      [
        0,
        1,
        2,
        3,
        5,
        6,
        7,
        8,
        9,
        11,
        12,
        13,
        14
      ],
      [
        0,
        1,
        3,
        5,
        6,
        7,
        8,
        13
      ],
      [
        0,
        1,
        3,
        5,
        6,
        7,
        8,
        11,
        13
      ],
      [
        1,
        3,
        6,
        7
      ],
      [
        0,
        1,
        2,
        3,
        5,
        6,
        7,
        8,
        9,
        11,
        12,
        13
      ],
      [
        0,
        1,
        2,
        3,
        4,
        5,
        6,
        7,
        8,
        9,
        10,
        11,
        12,
        13,
        14
      ]
    ],
    "behind": [
      [
        2,
        4,
        5,
        8,
        9,
        10,
        11,
        12,
        14,
        15
      ],
      [
        0,
        2,
        3,
        4,
        5,
        6,
        8,
        9,
        10,
        11,
        12,
        13,
        14,
        15
      ],
      [
        4,
        9,
        10,
        14,
        15
      ],
      [
        0,
        2,
        4,
        5,
        8,
        9,
        10,
        11,
        12,
        13,
        14,
        15
      ],
      [
        15
      ],
      [
        2,
        4,
        8,
        9,
        10,
        11,
        12,
        14,
        15
      ],
      [
        0,
        2,
        3,
        4,
        5,
        8,
        9,
        10,
        11,
        12,
        13,
        14,
        15
      ],
      [
        0,
        1,
        2,
        3,
        4,
        5,
        6,
        8,
        9,
        10,
        11,
        12,
        13,
        14,
        15
      ],
      [
        2,
        4,
        9,
        10,
        11,
        12,
        14,
        15
      ],
      [
        4,
        10,
        14,
        15
      ],
      [
        4,
        15
      ],
      [
        2,
        4,
        9,
        10,
        12,
        14,
        15
      ],
      [
        2,
        4,
        9,
        10,
        14,
        15
      ],
      [
        0,
        2,
        4,
        5,
        8,
        9,
        10,
        11,
        12,
        14,
        15
      ],
      [
        4,
        10,
        15
      ],
      []
    ]
  },
  "objects": [
    {
      "3d_coords": [
        1.6701078414916992,
        0.16189900040626526,
        0.30000001192092896
      ],
      "rotation": 245.9458493581446,
      "size": "large",
      "pixel_coords": [
        401,
        261,
        9.875091552734375
      ],
      "color": "purple",
      "shape": "sphere",
      "material": "rubber"
    },
    {
      "3d_coords": [
        2.2658774852752686,
        -1.521816372871399,
        0.30000001192092896
      ],
      "rotation": 273.62784456212404,
      "size": "small",
      "pixel_coords": [
        335,
        321,
        8.544142723083496
      ],
      "color": "green",
      "shape": "sphere",
      "material": "rubber"
    },
    {
      "3d_coords": [
        -1.445690393447876,
        -0.315883606672287,
        0.30000001192092896
      ],
      "rotation": 208.72841527049425,
      "size": "small",