{
  "directions": {
    "below": [
      -0.0,
      -0.0,
      -1.0
    ],
    "above": [
      0.0,
      0.0,
      1.0
    ],
    "behind": [
      -0.754490315914154,
      0.6563112735748291,
      0.0
    ],
    "left": [
      -0.6563112735748291,
      -0.7544902563095093,
      0.0
    ],
    "right": [
      0.6563112735748291,
      0.7544902563095093,
      -0.0
    ],
    "front": [
      0.754490315914154,
      -0.6563112735748291,
      -0.0
    ]
  },
  "relationships": {
    "left": [
      [
        1,
        3,
        4,
        7,
        8,
        11,
        13
      ],
      [
        3,
        4,
        7,
        8,
        11,
        13
      ],
      [
        0,
        1,
        3,
        4,
        5,
        6,
        7,
        8,
        9,
        10,
        11,
        13,
        14,
        15
      ],
      [
        11
      ],
      [
        3,
        11,
        13
      ],
      [
        0,
        1,
        3,
        4,
        6,
        7,
        8,
        9,
        10,
        11,
        13,
        14
      ],
      [
        0,
        1,
        3,
        4,
        7,
        8,
        11,
        13
      ],
      [
        3,
        4,
        8,
        11,
        13
      ],
      [
        3,
        4,
        11,
        13
      ],
      [
        0,
        1,
        3,
        4,
        6,
        7,
        8,
        11,
        13
      ],
      [
        0,
        1,
        3,
        4,
        6,
        7,
        8,
        9,
        11,
        13,
        14
      ],
      [],
      [
        0,
        1,
        2,
        3,
        4,
        5,
        6,
        7,
        8,
        9,
        10,
        11,
        13,
        14,
        15
      ],
      [
        3,
        11
      ],
      [
        0,
        1,
        3,
        4,
        6,
        7,
        8,
        9,
        11,
        13
      ],
      [
        0,
        1,
        3,
        4,
        5,
        6,
        7,
        8,
        9,
        10,
        11,
        13,
        14
      ]
    ],
    "right": [
      [
        2,
        5,
        6,
        9,
        10,
        12,
        14,
        15
      ],
      [
        0,
        2,
        5,
        6,
        9,
        10,
        12,
        14,
        15
      ],
      [
        12
      ],
      [
        0,
        1,
        2,
        4,
        5,
        6,
        7,
        8,
        9,
        10,
        12,
        13,
        14,
        15
      ],
      [
        0,
        1,
        2,
        5,
        6,
        7,
        8,
        9,
        10,
        12,
        14,
        15
      ],
      [
        2,
        12,
        15
      ],
      [
        2,
        5,
        9,
        10,
        12,
        14,
        15
      ],
      [
        0,
        1,
        2,
        5,
        6,
        9,
        10,
        12,
        14,
        15
      ],
      [
        0,
        1,
        2,
        5,
        6,
        7,
        9,
        10,
        12,
        14,
        15
      ],
      [
        2,
        5,
        10,
        12,
        14,
        15
      ],
      [
        2,
        5,
        12,
        15
      ],
      [
        0,
        1,
        2,
        3,
        4,
        5,
        6,
        7,
        8,
        9,
        10,
        12,
        13,
        14,
        15
      ],
      [],
      [
        0,
        1,
        2,
        4,
        5,
        6,
        7,
        8,
        9,
        10,
        12,
        14,
        15
      ],
      [
        2,
        5,
        10,
        12,
        15
      ],
      [
        2,
        12
      ]
    ],
    "front": [
      [
        1,
        2,
        4,
        5,
        7,
        8,
        9,
        10,
        11,
        12,
        13,
        14
      ],
      [
        4,
        7,
        9,
        10,
        11,
        13,
        14
      ],
      [
        1,
        4,
        5,
        7,
        9,
        10,
        11,
        12,
        13,
        14
      ],
      [
        0,
        1,
        2,
        4,
        5,
        7,
        8,
        9,
        10,
        11,
        12,
        13,
        14,
        15
      ],
      [
        9
      ],
      [
        1,
        4,
        7,
        9,
        10,
        11,
        13,
        14
      ],
      [
        0,
        1,
        2,
        3,
        4,
        5,
        7,
        8,
        9,
        10,
        11,
        12,
        13,
        14,
        15
      ],
      [
        4,
        9,
        14
      ],
      [
        1,
        2,
        4,
        5,
        7,
        9,
        10,
        11,
        12,
        13,
        14
      ],
      [],
      [
        4,
        7,
        9,
        13,
        14
      ],
      [
        4,
        7,
        9,
        10,
        13,
        14
      ],
      [
        1,
        4,
        5,
        7,
        9,
        10,
        11,
        13,
        14
      ],
      [
        4,
        7,
        9,
        14
      ],
      [
        4,
        9
      ],
      [
        0,
        1,
        2,
        4,
        5,
        7,
        8,
        9,
        10,
        11,
        12,
        13,
        14
      ]
    ],
    "behind": [
      [
        3,
        6,
        15
      ],
      [
        0,
        2,
        3,
        5,
        6,
        8,
        12,
        15
      ],
      [
        0,
        3,
        6,
        8,
        15
      ],
      [
        6
      ],
      [
        0,
        1,
        2,
        3,
        5,
        6,
        7,
        8,
        10,
        11,
        12,
        13,
        14,
        15
      ],
      [
        0,
        2,
        3,
        6,
        8,
        12,
        15
      ],
      [],
      [
        0,
        1,
        2,
        3,
        5,
        6,
        8,
        10,
        11,
        12,
        13,
        15
      ],
      [
        0,
        3,
        6,
        15
      ],
      [
        0,
        1,
        2,
        3,
        4,
        5,
        6,
        7,
        8,
        10,
        11,
        12,
        13,
        14,
        15
      ],
      [
        0,
        1,
        2,
        3,
        5,
        6,
        8,
        11,
        12,
        15
      ],
      [
        0,
        1,
        2,
        3,
        5,
        6,
        8,
        12,
        15
      ],
      [
        0,
        2,
        3,
        6,
        8,
        15
      ],
      [
        0,
        1,
        2,
        3,
        5,
        6,
        8,
        10,
        11,
        12,
        15
      ],
      [
        0,
        1,
        2,
        3,
        5,
        6,
        7,
        8,
        10,
        11,
        12,
        13,
        15
      ],
      [
        3,
        6
      ]
    ]
  },
  "objects": [
    {
      "3d_coords": [
        -0.654338538646698,
        0.5585896968841553,
        0.30000001192092896
      ],
      "rotation": 323.27454260665104,
      "size": "large",
      "pixel_coords": [
        318,
        200,
        11.500920295715332
      ],
      "color": "gray",
      "shape": "sphere",
      "material": "rubber"
    },
    {
      "3d_coords": [
        0.29611220955848694,
        -0.6207160353660583,
        0.30000001192092896
      ],
      "rotation": 308.4455191486214,
      "size": "small",
      "pixel_coords": [
        303,
        241,
        10.158736228942871
      ],
      "color": "brown",
      "shape": "sphere",
      "material": "rubber"
    },
    {
      "3d_coords": [
        1.7974238395690918,
        2.4489104747772217,
        0.30000001192092896
      ],
      "rotation": 305.3937112241002,
      "size": "large",