{
  "directions": {
    "above": [
      0.0,
      0.0,
      1.0
    ],
    "left": [
      -0.6563112735748291,
      -0.7544902563095093,
      0.0
    ],
    "front": [
      0.754490315914154,
      -0.6563112735748291,
      -0.0
    ],
    "below": [
      -0.0,
      -0.0,
      -1.0
    ],
    "behind": [
      -0.754490315914154,
      0.6563112735748291,
      0.0
    ],
    "right": [
      0.6563112735748291,
      0.7544902563095093,
      -0.0
    ]
  },
  "image_filename": "CLEVR_new_001030.png",
  "image_index": 1030,
  "relationships": {
    "front": [
      [
        3,
        4,
        5,
        7,
        8,
        9
      ],
      [
        0,
        3,
        4,
        5,
        7,
        8,
        9
      ],
      [
        0,
        1,
        3,
        4,
        5,
        7,
        8,
        9
      ],
      [],
      [
        3,
        7,
        9
      ],
      [
        3,
        4,
        7,
        8,
        9
      ],
      [
        0,
        1,
        2,
        3,
        4,
        5,
        7,
        8,
        9
      ],
      [
        3,
        9
      ],
      [
        3,
        4,
        7,
        9
      ],
      [
        3
      ]
    ],
    "left": [
      [
        1,
        3,
        4,
        5,
        6,
        7,
        9
      ],
      [
        4,
        5
      ],
      [
        0,
        1,
        3,
        4,
        5,
        6,
        7,
        9
      ],
      [
        1,
        4,
        5,
        6,
        9
      ],
      [],
      [
        4
      ],
      [
        1,
        4,
        5,
        9
      ],
      [
        1,
        3,
        4,
        5,
        6,
        9
      ],
      [
        0,
        1,
        2,
        3,
        4,
        5,
        6,
        7,
        9
      ],
      [
        1,
        4,
        5
      ]
    ],
    "behind": [
      [
        1,
        2,
        6
      ],
      [
        2,
        6
      ],
      [
        6
      ],
      [
        0,
        1,
        2,
        4,
        5,
        6,
        7,
        8,
        9
      ],
      [
        0,
        1,
        2,
        5,
        6,
        8
      ],
      [
        0,
        1,
        2,
        6
      ],
      [],
      [
        0,
        1,
        2,
        4,
        5,
        6,
        8
      ],
      [
        0,
        1,
        2,
        5,
        6
      ],
      [
        0,
        1,
        2,
        4,
        5,
        6,
        7,
        8
      ]
    ],
    "right": [
      [
        2,
        8
      ],
      [
        0,
        2,
        3,
        6,
        7,
        8,
        9
      ],
      [
        8
      ],
      [
        0,
        2,
        7,
        8
      ],
      [
        0,
        1,
        2,
        3,
        5,
        6,
        7,
        8,
        9
      ],
      [
        0,
        1,
        2,
        3,
        6,
        7,
        8,
        9
      ],
      [
        0,
        2,
        3,
        7,
        8
      ],
      [
        0,
        2,
        8
      ],
      [],
      [
        0,
        2,
        3,
        6,
        7,
        8
      ]
    ]
  },
  "split": "new",
  "objects": [
    {
      "3d_coords": [
        0.7852729558944702,
        1.6873478889465332,
        0.30000001192092896
      ],
      "rotation": 200.21214789386065,
      "color": "brown",
      "shape": "sphere",
      "pixel_coords": [
        431,
        212,
        11.467432022094727
      ],
      "material": "rubber",
      "size": "small"
    },
    {
      "3d_coords": [
        -1.5770701169967651,
        -0.10923589766025543,
        0.30000001192092896
      ],
      "rotation": 227.64209847246502,
      "color": "cyan",
      "shape": "cube",
      "pixel_coords": [
        259,
        192,
        12.132878303527832
      ],
      "material": "rubber",
      "size": "small"
    },
    {
      "3d_coords": [
        0.31600266695022583,
        2.6437981128692627,
        0.30000001192092896
      ],
      "rotation": 172.84667616208014,
      "color": "blue",
      "shape": "sphere",
      "pixel_coords": [
        450,
        187,
        12.306221008300781
      ],
      "material": "rubber",
      "size": "large"
    },
    {
      "3d_coords": [
        1.9154088497161865,
        -1.889799952507019,
        0.30000001192092896
      ],
      "rotation": 106.93752313430133,
      "color": "green",
      "shape": "cube",
      "pixel_coords": [
        295,
        322,
        8.762089729309082
      ],
      "material": "rubber",
      "size": "small"
    },
    {
      "3d_coords": [
        -1.2718504667282104,
        -2.2560811042785645,
        0.30000001192092896
      ],
      "rotation": 112.99959461392206,
      "color": "brown",
      "shape": "cylinder",
      "pixel_coords": [
        153,
        235,
        10.766968727111816
      ],
      "material": "rubber",
      "size": "large"
    },
    {
      "3d_coords": [
        -1.001332402229309,
        -0.9513155817985535,
        0.30000001192092896
      ],
      "rotation": 324.08402769748034,
      "color": "blue",
      "shape": "sphere",
      "pixel_coords": [
        235,
        218,
        11.282069206237793
      ],
      "material": "rubber",
      "size": "large"
    },
    {
      "3d_coords": [
        -2.9460930824279785,
        2.070003032684326,
        0.30000001192092896
      ],
      "rotation": 253.75919499296393,
      "color": "blue",
      "shape": "sphere",
      "pixel_coords": [
        311,
        142,
        14.251153945922852
      ],
      "material": "rubber",
      "size": "large"
    },
    {
      "3d_coords": [
        1.0328880548477173,
        -0.4047386348247528,
        0.30000001192092896
      ],
      "rotation": 166.75799660708634,
      "color": "brown",
      "shape": "cube",
      "pixel_coords": [
        342,
        257,
        10.170780181884766
      ],
      "material": "rubber",
      "size": "small"
    },
    {
      "3d_coords": [
        2.648094415664673,
        2.6499664783477783,
        0.30000001192092896
      ],
      "rotation": 89.44363034859387,
      "color": "gray",
      "shape": "cylinder",
      "pixel_coords": [
        563,
        237,
        10.698393821716309
      ],
      "material": "rubber",
      "size": "large"
    },
    {
      "3d_coords": [
        0.6310728788375854,
        -1.5236543416976929,
        0.30000001192092896
      ],
      "rotation": 244.21798699365132,
      "color": "cyan",
      "shape": "cube",
      "pixel_coords": [
        262,
        271,
        9.846378326416016
      ],
      "material": "rubber",
      "size": "large"
    }
  ]
}