{
  "directions": {
    "below": [
      -0.0,
      -0.0,
      -1.0
    ],
    "above": [
      0.0,
      0.0,
      1.0
    ],
    "behind": [
      -0.754490315914154,
      0.6563112735748291,
      0.0
    ],
    "left": [
      -0.6563112735748291,
      -0.7544902563095093,
      0.0
    ],
    "right": [
      0.6563112735748291,
      0.7544902563095093,
      -0.0
    ],
    "front": [
      0.754490315914154,
      -0.6563112735748291,
      -0.0
    ]
  },
  "relationships": {
    "left": [
      [
        2,
        3,
        4,
        5,
        8,
        9,
        11,
        12,
        15
      ],
      [
        0,
        2,
        3,
        4,
        5,
        6,
        7,
        8,
        9,
        10,
        11,
        12,
        13,
        15
      ],
      [
        11
      ],
      [
        2,
        4,
        5,
        8,
        9,
        11,
        12,
        15
      ],
      [
        2,
        5,
        8,
        11,
        12,
        15
      ],
      [
        2,
        8,
        11,
        15
      ],
      [
        0,
        2,
        3,
        4,
        5,
        7,
        8,
        9,
        10,
        11,
        12,
        13,
        15
      ],
      [
        0,
        2,
        3,
        4,
        5,
        8,
        9,
        11,
        12,
        15
      ],
      [
        2,
        11
      ],
      [
        2,
        4,
        5,
        8,
        11,
        12,
        15
      ],
      [
        0,
        2,
        3,
        4,
        5,
        7,
        8,
        9,
        11,
        12,
        15
      ],
      [],
      [
        2,
        5,
        8,
        11,
        15
      ],
      [
        0,
        2,
        3,
        4,
        5,
        7,
        8,
        9,
        10,
        11,
        12,
        15
      ],
      [
        0,
        1,
        2,
        3,
        4,
        5,
        6,
        7,
        8,
        9,
        10,
        11,
        12,
        13,
        15
      ],
      [
        2,
        8,
        11
      ]
    ],
    "right": [
      [
        1,
        6,
        7,
        10,
        13,
        14
      ],
      [
        14
      ],
      [
        0,
        1,
        3,
        4,
        5,
        6,
        7,
        8,
        9,
        10,
        12,
        13,
        14,
        15
      ],
      [
        0,
        1,
        6,
        7,
        10,
        13,
        14
      ],
      [
        0,
        1,
        3,
        6,
        7,
        9,
        10,
        13,
        14
      ],
      [
        0,
        1,
        3,
        4,
        6,
        7,
        9,
        10,
        12,
        13,
        14
      ],
      [
        1,
        14
      ],
      [
        1,
        6,
        10,
        13,
        14
      ],
      [
        0,
        1,
        3,
        4,
        5,
        6,
        7,
        9,
        10,
        12,
        13,
        14,
        15
      ],
      [
        0,
        1,
        3,
        6,
        7,
        10,
        13,
        14
      ],
      [
        1,
        6,
        13,
        14
      ],
      [
        0,
        1,
        2,
        3,
        4,
        5,
        6,
        7,
        8,
        9,
        10,
        12,
        13,
        14,
        15
      ],
      [
        0,
        1,
        3,
        4,
        6,
        7,
        9,
        10,
        13,
        14
      ],
      [
        1,
        6,
        14
      ],
      [],
      [
        0,
        1,
        3,
        4,
        5,
        6,
        7,
        9,
        10,
        12,
        13,
        14
      ]
    ],
    "front": [
      [],
      [
        0,
        9,
        12,
        15
      ],
      [
        0,
        1,
        6,
        7,
        8,
        9,
        11,
        12,
        14,
        15
      ],
      [
        0,
        1,
        2,
        4,
        5,
        6,
        7,
        8,
        9,
        10,
        11,
        12,
        13,
        14,
        15
      ],
      [
        0,
        1,
        2,
        5,
        6,
        7,
        8,
        9,
        10,
        11,
        12,
        14,
        15
      ],
      [
        0,
        1,
        2,
        6,
        7,
        8,
        9,
        10,
        11,
        12,
        14,
        15
      ],
      [
        0,
        1,
        8,
        9,
        12,
        15
      ],
      [
        0,
        1,
        6,
        8,
        9,
        11,
        12,
        15
      ],
      [
        0,
        1,
        9,
        12,
        15
      ],
      [
        0
      ],
      [
        0,
        1,
        2,
        6,
        7,
        8,
        9,
        11,
        12,
        14,
        15
      ],
      [
        0,
        1,
        6,
        8,
        9,
        12,
        15
      ],
      [
        0,
        9,
        15
      ],
      [
        0,
        1,
        2,
        4,
        5,
        6,
        7,
        8,
        9,
        10,
        11,
        12,
        14,
        15
      ],
      [
        0,
        1,
        6,
        7,
        8,
        9,
        11,
        12,
        15
      ],
      [
        0,
        9
      ]
    ],
    "behind": [
      [
        1,
        2,
        3,
        4,
        5,
        6,
        7,
        8,
        9,
        10,
        11,
        12,
        13,
        14,
        15
      ],
      [
        2,
        3,
        4,
        5,
        6,
        7,
        8,
        10,
        11,
        13,
        14
      ],
      [
        3,
        4,
        5,
        10,
        13
      ],
      [],
      [
        3,
        13
      ],
      [
        3,
        4,
        13
      ],
      [
        2,
        3,
        4,
        5,
        7,
        10,
        11,
        13,
        14
      ],
      [
        2,
        3,
        4,
        5,
        10,
        13,
        14
      ],
      [
        2,
        3,
        4,
        5,
        6,
        7,
        10,
        11,
        13,
        14
      ],
      [
        1,
        2,
        3,
        4,
        5,
        6,
        7,
        8,
        10,
        11,
        12,
        13,
        14,
        15
      ],
      [
        3,
        4,
        5,
        13
      ],
      [
        2,
        3,
        4,
        5,
        7,
        10,
        13,
        14
      ],
      [
        1,
        2,
        3,
        4,
        5,
        6,
        7,
        8,
        10,
        11,
        13,
        14
      ],
      [
        3
      ],
      [
        2,
        3,
        4,
        5,
        10,
        13
      ],
      [
        1,
        2,
        3,
        4,
        5,
        6,
        7,
        8,
        10,
        11,
        12,
        13,
        14
      ]
    ]
  },
  "objects": [
    {
      "3d_coords": [
        2.5037927627563477,
        -2.107499122619629,
        0.30000001192092896
      ],
      "rotation": 23.468413774440258,
      "size": "large",
      "pixel_coords": [
        333,
        349,
        8.4541597366333
      ],
      "color": "purple",
      "shape": "cylinder",
      "material": "rubber"
    },
    {
      "3d_coords": [
        2.475163221359253,
        0.973063051700592,
        0.30000001192092896
      ],
      "rotation": 177.0838380202017,
      "size": "small",
      "pixel_coords": [
        483,
        260,
        10.310669898986816
      ],
      "color": "green",
      "shape": "cylinder",
      "material": "rubber"
    },
    {
      "3d_coords": [
        -2.446843147277832,
        -1.7335909605026245,
        0.30000001192092896
      ],
      "rotation": 252.31550133247032,
      "size": "small",