{
  "directions": {
    "above": [
      0.0,
      0.0,
      1.0
    ],
    "left": [
      -0.6563112735748291,
      -0.7544902563095093,
      0.0
    ],
    "front": [
      0.754490315914154,
      -0.6563112735748291,
      -0.0
    ],
    "below": [
      -0.0,
      -0.0,
      -1.0
    ],
    "behind": [
      -0.754490315914154,
      0.6563112735748291,
      0.0
    ],
    "right": [
      0.6563112735748291,
      0.7544902563095093,
      -0.0
    ]
  },
  "image_filename": "CLEVR_new_001035.png",
  "image_index": 1035,
  "relationships": {
    "front": [
      [
        2,
        3,
        4,
        5,
        6,
        7,
        8,
        9
      ],
      [
        0,
        2,
        3,
        4,
        5,
        6,
        7,
        8,
        9
      ],
      [
        3,
        4,
        5,
        6,
        8
      ],
      [
        4,
        5,
        6,
        8
      ],
      [
        5,
        6,
        8
      ],
      [
        6
      ],
      [],
      [
        2,
        3,
        4,
        5,
        6,
        8,
        9
      ],
      [
        5,
        6
      ],
      [
        2,
        3,
        4,
        5,
        6,
        8
      ]
    ],
    "left": [
      [
        3,
        5,
        6,
        7
      ],
      [
        0,
        2,
        3,
        5,
        6,
        7,
        8
      ],
      [
        0,
        3,
        5,
        6,
        7
      ],
      [
        7
      ],
      [
        0,
        1,
        2,
        3,
        5,
        6,
        7,
        8
      ],
      [
        3,
        7
      ],
      [
        3,
        5,
        7
      ],
      [],
      [
        0,
        2,
        3,
        5,
        6,
        7
      ],
      [
        0,
        1,
        2,
        3,
        4,
        5,
        6,
        7,
        8
      ]
    ],
    "behind": [
      [
        1
      ],
      [],
      [
        0,
        1,
        7,
        9
      ],
      [
        0,
        1,
        2,
        7,
        9
      ],
      [
        0,
        1,
        2,
        3,
        7,
        9
      ],
      [
        0,
        1,
        2,
        3,
        4,
        7,
        8,
        9
      ],
      [
        0,
        1,
        2,
        3,
        4,
        5,
        7,
        8,
        9
      ],
      [
        0,
        1
      ],
      [
        0,
        1,
        2,
        3,
        4,
        7,
        9
      ],
      [
        0,
        1,
        7
      ]
    ],
    "right": [
      [
        1,
        2,
        4,
        8,
        9
      ],
      [
        4,
        9
      ],
      [
        1,
        4,
        8,
        9
      ],
      [
        0,
        1,
        2,
        4,
        5,
        6,
        8,
        9
      ],
      [
        9
      ],
      [
        0,
        1,
        2,
        4,
        6,
        8,
        9
      ],
      [
        0,
        1,
        2,
        4,
        8,
        9
      ],
      [
        0,
        1,
        2,
        3,
        4,
        5,
        6,
        8,
        9
      ],
      [
        1,
        4,
        9
      ],
      []
    ]
  },
  "split": "new",
  "objects": [
    {
      "3d_coords": [
        -1.9135959148406982,
        1.5652745962142944,
        0.30000001192092896
      ],
      "rotation": 20.463819617821137,
      "color": "green",
      "shape": "cylinder",
      "pixel_coords": [
        315,
        158,
        13.049928665161133
      ],
      "material": "rubber",
      "size": "small"
    },
    {
      "3d_coords": [
        -1.4943923950195312,
        2.5898144245147705,
        0.30000001192092896
      ],
      "rotation": 285.80838161217105,
      "color": "green",
      "shape": "cylinder",
      "pixel_coords": [
        370,
        150,
        13.362837791442871
      ],
      "material": "rubber",
      "size": "large"
    },
    {
      "3d_coords": [
        0.2436014711856842,
        0.31773364543914795,
        0.30000001192092896
      ],
      "rotation": 33.67783935708004,
      "color": "brown",
      "shape": "sphere",
      "pixel_coords": [
        346,
        223,
        10.955665588378906
      ],
      "material": "rubber",
      "size": "large"
    },
    {
      "3d_coords": [
        -0.8704034090042114,
        -2.3741557598114014,
        0.30000001192092896
      ],
      "rotation": 83.04130467281567,
      "color": "purple",
      "shape": "cylinder",
      "pixel_coords": [
        157,
        255,
        10.14160442352295
      ],
      "material": "rubber",
      "size": "small"
    },
    {
      "3d_coords": [
        2.927013874053955,
        1.5402015447616577,
        0.30000001192092896
      ],
      "rotation": 147.1817126035594,
      "color": "cyan",
      "shape": "sphere",
      "pixel_coords": [
        538,
        264,
        9.92689037322998
      ],
      "material": "rubber",
      "size": "small"
    },
    {
      "3d_coords": [
        0.9220074415206909,
        -2.6147780418395996,
        0.30000001192092896
      ],
      "rotation": 341.54000823420125,
      "color": "green",
      "shape": "cube",
      "pixel_coords": [
        213,
        318,
        8.853741645812988
      ],
      "material": "rubber",
      "size": "small"
    },
    {
      "3d_coords": [
        1.7332799434661865,
        -2.447880268096924,
        0.30000001192092896
      ],
      "rotation": 275.9835531493679,
      "color": "green",
      "shape": "cylinder",
      "pixel_coords": [
        263,
        343,
        8.427546501159668
      ],
      "material": "rubber",
      "size": "small"
    },
    {
      "3d_coords": [
        -2.776075839996338,
        -2.1950066089630127,
        0.30000001192092896
      ],
      "rotation": 337.57597724474596,
      "color": "blue",
      "shape": "cube",
      "pixel_coords": [
        107,
        205,
        11.467278480529785
      ],
      "material": "rubber",
      "size": "large"
    },
    {
      "3d_coords": [
        1.8307546377182007,
        -0.6791421175003052,
        0.30000001192092896
      ],
      "rotation": 298.6466729609204,
      "color": "yellow",
      "shape": "cylinder",
      "pixel_coords": [
        373,
        291,
        9.369928359985352
      ],
      "material": "rubber",
      "size": "small"
    },
    {
      "3d_coords": [
        2.1177167892456055,
        2.9801104068756104,
        0.30000001192092896
      ],
      "rotation": 169.29466345213072,
      "color": "brown",
      "shape": "cube",
      "pixel_coords": [
        546,
        212,
        11.264790534973145
      ],
      "material": "rubber",
      "size": "large"
    }
  ]
}