{
  "directions": {
    "above": [
      0.0,
      0.0,
      1.0
    ],
    "left": [
      -0.6563112735748291,
      -0.7544902563095093,
      0.0
    ],
    "front": [
      0.754490315914154,
      -0.6563112735748291,
      -0.0
    ],
    "below": [
      -0.0,
      -0.0,
      -1.0
    ],
    "behind": [
      -0.754490315914154,
      0.6563112735748291,
      0.0
    ],
    "right": [
      0.6563112735748291,
      0.7544902563095093,
      -0.0
    ]
  },
  "image_filename": "CLEVR_new_001039.png",
  "image_index": 1039,
  "relationships": {
    "front": [
      [
        1,
        2,
        3,
        4,
        5,
        7
      ],
      [
        7
      ],
      [
        1,
        3,
        7
      ],
      [
        1,
        7
      ],
      [
        1,
        2,
        3,
        5,
        7
      ],
      [
        1,
        2,
        3,
        7
      ],
      [
        0,
        1,
        2,
        3,
        4,
        5,
        7,
        8
      ],
      [],
      [
        0,
        1,
        2,
        3,
        4,
        5,
        7
      ],
      [
        0,
        1,
        2,
        3,
        4,
        5,
        6,
        7,
        8
      ]
    ],
    "left": [
      [
        5
      ],
      [
        0,
        2,
        5,
        6,
        7,
        8,
        9
      ],
      [
        0,
        5,
        7
      ],
      [
        0,
        1,
        2,
        4,
        5,
        6,
        7,
        8,
        9
      ],
      [
        0,
        1,
        2,
        5,
        6,
        7,
        8,
        9
      ],
      [],
      [
        0,
        2,
        5,
        7,
        8,
        9
      ],
      [
        0,
        5
      ],
      [
        0,
        2,
        5,
        7
      ],
      [
        0,
        2,
        5,
        7,
        8
      ]
    ],
    "behind": [
      [
        6,
        8,
        9
      ],
      [
        0,
        2,
        3,
        4,
        5,
        6,
        8,
        9
      ],
      [
        0,
        4,
        5,
        6,
        8,
        9
      ],
      [
        0,
        2,
        4,
        5,
        6,
        8,
        9
      ],
      [
        0,
        6,
        8,
        9
      ],
      [
        0,
        4,
        6,
        8,
        9
      ],
      [
        9
      ],
      [
        0,
        1,
        2,
        3,
        4,
        5,
        6,
        8,
        9
      ],
      [
        6,
        9
      ],
      []
    ],
    "right": [
      [
        1,
        2,
        3,
        4,
        6,
        7,
        8,
        9
      ],
      [
        3,
        4
      ],
      [
        1,
        3,
        4,
        6,
        8,
        9
      ],
      [],
      [
        3
      ],
      [
        0,
        1,
        2,
        3,
        4,
        6,
        7,
        8,
        9
      ],
      [
        1,
        3,
        4
      ],
      [
        1,
        2,
        3,
        4,
        6,
        8,
        9
      ],
      [
        1,
        3,
        4,
        6,
        9
      ],
      [
        1,
        3,
        4,
        6
      ]
    ]
  },
  "split": "new",
  "objects": [
    {
      "3d_coords": [
        -1.9491584300994873,
        -0.009909087792038918,
        0.30000001192092896
      ],
      "rotation": 307.3658279671996,
      "color": "purple",
      "shape": "cube",
      "pixel_coords": [
        246,
        191,
        12.581660270690918
      ],
      "material": "rubber",
      "size": "small"
    },
    {
      "3d_coords": [
        2.131420612335205,
        -0.38668376207351685,
        0.30000001192092896
      ],
      "rotation": 231.4527998660922,
      "color": "red",
      "shape": "cylinder",
      "pixel_coords": [
        404,
        277,
        9.635004043579102
      ],
      "material": "rubber",
      "size": "large"
    },
    {
      "3d_coords": [
        -0.33514368534088135,
        -0.3181510269641876,
        0.30000001192092896
      ],
      "rotation": 61.7123878784903,
      "color": "yellow",
      "shape": "cube",
      "pixel_coords": [
        291,
        222,
        11.318540573120117
      ],
      "material": "rubber",
      "size": "large"
    },
    {
      "3d_coords": [
        1.9952490329742432,
        1.1432737112045288,
        0.30000001192092896
      ],
      "rotation": 15.825292209819736,
      "color": "cyan",
      "shape": "sphere",
      "pixel_coords": [
        464,
        242,
        10.663622856140137
      ],
      "material": "rubber",
      "size": "small"
    },
    {
      "3d_coords": [
        0.2246008813381195,
        1.9542111158370972,
        0.30000001192092896
      ],
      "rotation": 264.27881479379334,
      "color": "blue",
      "shape": "cylinder",
      "pixel_coords": [
        410,
        197,
        12.339179039001465
      ],
      "material": "rubber",
      "size": "small"
    },
    {
      "3d_coords": [
        -1.6932481527328491,
        -1.4557629823684692,
        0.30000001192092896
      ],
      "rotation": 292.791687032531,
      "color": "blue",
      "shape": "cylinder",
      "pixel_coords": [
        185,
        217,
        11.524916648864746
      ],
      "material": "rubber",
      "size": "small"
    },
    {
      "3d_coords": [
        -1.238379955291748,
        2.0571987628936768,
        0.30000001192092896
      ],
      "rotation": 228.38024368039999,
      "color": "cyan",
      "shape": "cylinder",
      "pixel_coords": [
        355,
        174,
        13.375946044921875
      ],
      "material": "rubber",
      "size": "small"
    },
    {
      "3d_coords": [
        1.812592625617981,
        -2.9925131797790527,
        0.30000001192092896
      ],
      "rotation": 192.02984440209394,
      "color": "brown",
      "shape": "sphere",
      "pixel_coords": [
        237,
        338,
        8.249588966369629
      ],
      "material": "rubber",
      "size": "small"
    },
    {
      "3d_coords": [
        -1.5766935348510742,
        1.0395302772521973,
        0.30000001192092896
      ],
      "rotation": 140.94221228499586,
      "color": "gray",
      "shape": "cylinder",
      "pixel_coords": [
        304,
        183,
        12.977178573608398
      ],
      "material": "rubber",
      "size": "small"
    },
    {
      "3d_coords": [
        -2.9930613040924072,
        2.9161601066589355,
        0.30000001192092896
      ],
      "rotation": 190.30165496146864,
      "color": "green",
      "shape": "cylinder",
      "pixel_coords": [
        325,
        145,
        15.070319175720215
      ],
      "material": "rubber",
      "size": "small"
    }
  ]
}