{
  "directions": {
    "above": [
      0.0,
      0.0,
      1.0
    ],
    "left": [
      -0.6563112735748291,
      -0.7544902563095093,
      0.0
    ],
    "front": [
      0.754490315914154,
      -0.6563112735748291,
      -0.0
    ],
    "below": [
      -0.0,
      -0.0,
      -1.0
    ],
    "behind": [
      -0.754490315914154,
      0.6563112735748291,
      0.0
    ],
    "right": [
      0.6563112735748291,
      0.7544902563095093,
      -0.0
    ]
  },
  "image_filename": "CLEVR_new_001000.png",
  "image_index": 1000,
  "relationships": {
    "front": [
      [
        1,
        2,
        3,
        4,
        5,
        6,
        7,
        8,
        9
      ],
      [
        2,
        4,
        5,
        6,
        7,
        8
      ],
      [
        4,
        6,
        7,
        8
      ],
      [
        1,
        2,
        4,
        5,
        6,
        7,
        8,
        9
      ],
      [],
      [
        2,
        4,
        6,
        7,
        8
      ],
      [
        4
      ],
      [
        4,
        6,
        8
      ],
      [
        4,
        6
      ],
      [
        1,
        2,
        4,
        5,
        6,
        7,
        8
      ]
    ],
    "left": [
      [
        1,
        2,
        3,
        4,
        5,
        6,
        7,
        8
      ],
      [
        3,
        5,
        6,
        7
      ],
      [
        1,
        3,
        4,
        5,
        6,
        7
      ],
      [],
      [
        1,
        3,
        5,
        6,
        7
      ],
      [
        3
      ],
      [
        3,
        5,
        7
      ],
      [
        3,
        5
      ],
      [
        1,
        2,
        3,
        4,
        5,
        6,
        7
      ],
      [
        0,
        1,
        2,
        3,
        4,
        5,
        6,
        7,
        8
      ]
    ],
    "behind": [
      [],
      [
        0,
        3,
        9
      ],
      [
        0,
        1,
        3,
        5,
        9
      ],
      [
        0
      ],
      [
        0,
        1,
        2,
        3,
        5,
        6,
        7,
        8,
        9
      ],
      [
        0,
        1,
        3,
        9
      ],
      [
        0,
        1,
        2,
        3,
        5,
        7,
        8,
        9
      ],
      [
        0,
        1,
        2,
        3,
        5,
        9
      ],
      [
        0,
        1,
        2,
        3,
        5,
        7,
        9
      ],
      [
        0,
        3
      ]
    ],
    "right": [
      [
        9
      ],
      [
        0,
        2,
        4,
        8,
        9
      ],
      [
        0,
        8,
        9
      ],
      [
        0,
        1,
        2,
        4,
        5,
        6,
        7,
        8,
        9
      ],
      [
        0,
        2,
        8,
        9
      ],
      [
        0,
        1,
        2,
        4,
        6,
        7,
        8,
        9
      ],
      [
        0,
        1,
        2,
        4,
        8,
        9
      ],
      [
        0,
        1,
        2,
        4,
        6,
        8,
        9
      ],
      [
        0,
        9
      ],
      []
    ]
  },
  "split": "new",
  "objects": [
    {
      "3d_coords": [
        -0.27829745411872864,
        2.6161086559295654,
        0.30000001192092896
      ],
      "rotation": 356.040849095215,
      "color": "brown",
      "shape": "cylinder",
      "pixel_coords": [
        412,
        177,
        13.003433227539062
      ],
      "material": "rubber",
      "size": "small"
    },
    {
      "3d_coords": [
        -0.5818326473236084,
        -0.5226683616638184,
        0.30000001192092896
      ],
      "rotation": 145.17252060951247,
      "color": "blue",
      "shape": "sphere",
      "pixel_coords": [
        272,
        222,
        11.264510154724121
      ],
      "material": "rubber",
      "size": "large"
    },
    {
      "3d_coords": [
        0.6659459471702576,
        -0.5425301194190979,
        0.30000001192092896
      ],
      "rotation": 249.5487507060986,
      "color": "gray",
      "shape": "cube",
      "pixel_coords": [
        324,
        248,
        10.443056106567383
      ],
      "material": "rubber",
      "size": "large"
    },
    {
      "3d_coords": [
        -2.8072495460510254,
        -0.6792703866958618,
        0.30000001192092896
      ],
      "rotation": 321.3279439626159,
      "color": "brown",
      "shape": "sphere",
      "pixel_coords": [
        185,
        186,
        12.611148834228516
      ],
      "material": "rubber",
      "size": "small"
    },
    {
      "3d_coords": [
        2.8906025886535645,
        -2.7572808265686035,
        0.30000001192092896
      ],
      "rotation": 188.62107122064467,
      "color": "blue",
      "shape": "cube",
      "pixel_coords": [
        319,
        379,
        7.6344313621521
      ],
      "material": "rubber",
      "size": "large"
    },
    {
      "3d_coords": [
        -1.0986173152923584,
        -1.7360767126083374,
        0.30000001192092896
      ],
      "rotation": 183.3456635898761,
      "color": "red",
      "shape": "cylinder",
      "pixel_coords": [
        190,
        234,
        10.851310729980469
      ],
      "material": "rubber",
      "size": "small"
    },
    {
      "3d_coords": [
        1.1891788244247437,
        -2.892244338989258,
        0.30000001192092896
      ],
      "rotation": 323.2583872743819,
      "color": "brown",
      "shape": "sphere",
      "pixel_coords": [
        217,
        321,
        8.654597282409668
      ],
      "material": "rubber",
      "size": "large"
    },
    {
      "3d_coords": [
        -0.08708463609218597,
        -2.0632517337799072,
        0.30000001192092896
      ],
      "rotation": 110.83285607896103,
      "color": "green",
      "shape": "cube",
      "pixel_coords": [
        211,
        264,
        9.993537902832031
      ],
      "material": "rubber",
      "size": "large"
    },
    {
      "3d_coords": [
        2.012735605239868,
        -1.0707144737243652,
        0.30000001192092896
      ],
      "rotation": 140.0438974625789,
      "color": "yellow",
      "shape": "cylinder",
      "pixel_coords": [
        366,
        294,
        9.243894577026367
      ],
      "material": "rubber",
      "size": "small"
    },
    {
      "3d_coords": [
        1.2926071882247925,
        2.8806679248809814,
        0.30000001192092896
      ],
      "rotation": 180.70126295759658,
      "color": "blue",
      "shape": "sphere",
      "pixel_coords": [
        492,
        198,
        12.147836685180664
      ],
      "material": "rubber",
      "size": "large"
    }
  ]
}