{
  "directions": {
    "above": [
      0.0,
      0.0,
      1.0
    ],
    "left": [
      -0.6563112735748291,
      -0.7544902563095093,
      0.0
    ],
    "front": [
      0.754490315914154,
      -0.6563112735748291,
      -0.0
    ],
    "below": [
      -0.0,
      -0.0,
      -1.0
    ],
    "behind": [
      -0.754490315914154,
      0.6563112735748291,
      0.0
    ],
    "right": [
      0.6563112735748291,
      0.7544902563095093,
      -0.0
    ]
  },
  "image_filename": "CLEVR_new_001027.png",
  "image_index": 1027,
  "relationships": {
    "front": [
      [
        2,
        3,
        4,
        5,
        6,
        8
      ],
      [
        0,
        2,
        3,
        4,
        5,
        6,
        8
      ],
      [],
      [
        2
      ],
      [
        2,
        3,
        5,
        6,
        8
      ],
      [
        2,
        3,
        6,
        8
      ],
      [
        2,
        3
      ],
      [
        0,
        1,
        2,
        3,
        4,
        5,
        6,
        8
      ],
      [
        2,
        3,
        6
      ],
      [
        0,
        1,
        2,
        3,
        4,
        5,
        6,
        7,
        8
      ]
    ],
    "left": [
      [
        5
      ],
      [
        0,
        5,
        9
      ],
      [
        0,
        1,
        3,
        5,
        7,
        9
      ],
      [
        0,
        1,
        5,
        9
      ],
      [
        0,
        1,
        2,
        3,
        5,
        6,
        7,
        9
      ],
      [],
      [
        0,
        1,
        2,
        3,
        5,
        7,
        9
      ],
      [
        0,
        1,
        3,
        5,
        9
      ],
      [
        0,
        1,
        2,
        3,
        4,
        5,
        6,
        7,
        9
      ],
      [
        0,
        5
      ]
    ],
    "behind": [
      [
        1,
        7,
        9
      ],
      [
        7,
        9
      ],
      [
        0,
        1,
        3,
        4,
        5,
        6,
        7,
        8,
        9
      ],
      [
        0,
        1,
        4,
        5,
        6,
        7,
        8,
        9
      ],
      [
        0,
        1,
        7,
        9
      ],
      [
        0,
        1,
        4,
        7,
        9
      ],
      [
        0,
        1,
        4,
        5,
        7,
        8,
        9
      ],
      [
        9
      ],
      [
        0,
        1,
        4,
        5,
        7,
        9
      ],
      []
    ],
    "right": [
      [
        1,
        2,
        3,
        4,
        6,
        7,
        8,
        9
      ],
      [
        2,
        3,
        4,
        6,
        7,
        8
      ],
      [
        4,
        6,
        8
      ],
      [
        2,
        4,
        6,
        7,
        8
      ],
      [
        8
      ],
      [
        0,
        1,
        2,
        3,
        4,
        6,
        7,
        8,
        9
      ],
      [
        4,
        8
      ],
      [
        2,
        4,
        6,
        8
      ],
      [],
      [
        1,
        2,
        3,
        4,
        6,
        7,
        8
      ]
    ]
  },
  "split": "new",
  "objects": [
    {
      "3d_coords": [
        -1.9169799089431763,
        -1.0883949995040894,
        0.30000001192092896
      ],
      "rotation": 59.620734698956646,
      "color": "gray",
      "shape": "cylinder",
      "pixel_coords": [
        200,
        206,
        12.151801109313965
      ],
      "material": "rubber",
      "size": "small"
    },
    {
      "3d_coords": [
        -1.6249592304229736,
        -0.2896036207675934,
        0.30000001192092896
      ],
      "rotation": 72.64791080759944,
      "color": "red",
      "shape": "sphere",
      "pixel_coords": [
        248,
        199,
        12.424248695373535
      ],
      "material": "rubber",
      "size": "small"
    },
    {
      "3d_coords": [
        2.4295566082000732,
        -2.0381088256835938,
        0.30000001192092896
      ],
      "rotation": 119.53456762139213,
      "color": "cyan",
      "shape": "sphere",
      "pixel_coords": [
        324,
        331,
        8.648645401000977
      ],
      "material": "rubber",
      "size": "large"
    },
    {
      "3d_coords": [
        1.0447931289672852,
        -1.9778938293457031,
        0.30000001192092896
      ],
      "rotation": 172.95196362591014,
      "color": "blue",
      "shape": "cylinder",
      "pixel_coords": [
        261,
        287,
        9.62204360961914
      ],
      "material": "rubber",
      "size": "small"
    },
    {
      "3d_coords": [
        0.6580807566642761,
        1.0634238719940186,
        0.30000001192092896
      ],
      "rotation": 240.29613823688328,
      "color": "red",
      "shape": "sphere",
      "pixel_coords": [
        394,
        219,
        11.674381256103516
      ],
      "material": "rubber",
      "size": "small"
    },
    {
      "3d_coords": [
        -1.7472368478775024,
        -2.481171131134033,
        0.30000001192092896
      ],
      "rotation": 254.8842776097679,
      "color": "cyan",
      "shape": "sphere",
      "pixel_coords": [
        132,
        232,
        11.216910362243652
      ],
      "material": "rubber",
      "size": "large"
    },
    {
      "3d_coords": [
        2.00995135307312,
        -0.5623247623443604,
        0.30000001192092896
      ],
      "rotation": 197.93095101116342,
      "color": "gray",
      "shape": "cube",
      "pixel_coords": [
        384,
        280,
        9.801643371582031
      ],
      "material": "rubber",
      "size": "small"
    },
    {
      "3d_coords": [
        -1.6646205186843872,
        1.0736908912658691,
        0.30000001192092896
      ],
      "rotation": 288.7446183360439,
      "color": "red",
      "shape": "cube",
      "pixel_coords": [
        305,
        180,
        13.253674507141113
      ],
      "material": "rubber",
      "size": "small"
    },
    {
      "3d_coords": [
        1.96304190158844,
        0.4747318625450134,
        0.30000001192092896
      ],
      "rotation": 275.62358042153915,
      "color": "yellow",
      "shape": "cylinder",
      "pixel_coords": [
        430,
        257,
        10.443925857543945
      ],
      "material": "rubber",
      "size": "large"
    },
    {
      "3d_coords": [
        -2.902296304702759,
        0.2773701846599579,
        0.30000001192092896
      ],
      "rotation": 6.93336276611904,
      "color": "blue",
      "shape": "cylinder",
      "pixel_coords": [
        233,
        172,
        13.623208999633789
      ],
      "material": "rubber",
      "size": "small"
    }
  ]
}