{
  "directions": {
    "above": [
      0.0,
      0.0,
      1.0
    ],
    "left": [
      -0.6563112735748291,
      -0.7544902563095093,
      0.0
    ],
    "front": [
      0.754490315914154,
      -0.6563112735748291,
      -0.0
    ],
    "below": [
      -0.0,
      -0.0,
      -1.0
    ],
    "behind": [
      -0.754490315914154,
      0.6563112735748291,
      0.0
    ],
    "right": [
      0.6563112735748291,
      0.7544902563095093,
      -0.0
    ]
  },
  "image_filename": "CLEVR_new_001003.png",
  "image_index": 1003,
  "relationships": {
    "front": [
      [
        3,
        4,
        5,
        6,
        7,
        8,
        9
      ],
      [
        0,
        2,
        3,
        4,
        5,
        6,
        7,
        8,
        9
      ],
      [
        0,
        3,
        4,
        5,
        6,
        7,
        8,
        9
      ],
      [
        5,
        8,
        9
      ],
      [
        3,
        5,
        6,
        7,
        8,
        9
      ],
      [
        9
      ],
      [
        3,
        5,
        7,
        8,
        9
      ],
      [
        3,
        5,
        8,
        9
      ],
      [
        5,
        9
      ],
      []
    ],
    "left": [
      [
        1,
        2,
        3,
        4,
        5,
        6,
        7,
        8,
        9
      ],
      [
        2,
        3,
        4,
        5,
        6,
        7,
        9
      ],
      [
        3,
        6
      ],
      [
        6
      ],
      [
        2,
        3,
        5,
        6,
        7
      ],
      [
        2,
        3,
        6,
        7
      ],
      [],
      [
        2,
        3,
        6
      ],
      [
        1,
        2,
        3,
        4,
        5,
        6,
        7,
        9
      ],
      [
        2,
        3,
        4,
        5,
        6,
        7
      ]
    ],
    "behind": [
      [
        1,
        2
      ],
      [],
      [
        1
      ],
      [
        0,
        1,
        2,
        4,
        6,
        7
      ],
      [
        0,
        1,
        2
      ],
      [
        0,
        1,
        2,
        3,
        4,
        6,
        7,
        8
      ],
      [
        0,
        1,
        2,
        4
      ],
      [
        0,
        1,
        2,
        4,
        6
      ],
      [
        0,
        1,
        2,
        3,
        4,
        6,
        7
      ],
      [
        0,
        1,
        2,
        3,
        4,
        5,
        6,
        7,
        8
      ]
    ],
    "right": [
      [],
      [
        0,
        8
      ],
      [
        0,
        1,
        4,
        5,
        7,
        8,
        9
      ],
      [
        0,
        1,
        2,
        4,
        5,
        7,
        8,
        9
      ],
      [
        0,
        1,
        8,
        9
      ],
      [
        0,
        1,
        4,
        8,
        9
      ],
      [
        0,
        1,
        2,
        3,
        4,
        5,
        7,
        8,
        9
      ],
      [
        0,
        1,
        4,
        5,
        8,
        9
      ],
      [
        0
      ],
      [
        0,
        1,
        8
      ]
    ]
  },
  "split": "new",
  "objects": [
    {
      "3d_coords": [
        -0.09665995836257935,
        2.2337241172790527,
        0.30000001192092896
      ],
      "rotation": 128.82136134156983,
      "color": "purple",
      "shape": "cylinder",
      "pixel_coords": [
        408,
        184,
        12.724639892578125
      ],
      "material": "rubber",
      "size": "large"
    },
    {
      "3d_coords": [
        -1.7541015148162842,
        2.1632914543151855,
        0.30000001192092896
      ],
      "rotation": 255.8788389428149,
      "color": "green",
      "shape": "cylinder",
      "pixel_coords": [
        342,
        160,
        13.766663551330566
      ],
      "material": "rubber",
      "size": "small"
    },
    {
      "3d_coords": [
        -2.6641271114349365,
        0.7303111553192139,
        0.30000001192092896
      ],
      "rotation": 304.61439243826896,
      "color": "green",
      "shape": "sphere",
      "pixel_coords": [
        256,
        165,
        13.522454261779785
      ],
      "material": "rubber",
      "size": "small"
    },
    {
      "3d_coords": [
        -0.6968196034431458,
        -2.7019214630126953,
        0.30000001192092896
      ],
      "rotation": 240.11126840784223,
      "color": "purple",
      "shape": "sphere",
      "pixel_coords": [
        150,
        264,
        10.227177619934082
      ],
      "material": "rubber",
      "size": "small"
    },
    {
      "3d_coords": [
        -0.49882835149765015,
        0.3422123193740845,
        0.30000001192092896
      ],
      "rotation": 217.46786210407785,
      "color": "green",
      "shape": "sphere",
      "pixel_coords": [
        315,
        208,
        11.880048751831055
      ],
      "material": "rubber",
      "size": "large"
    },
    {
      "3d_coords": [
        1.6372801065444946,
        -1.8769257068634033,
        0.30000001192092896
      ],
      "rotation": 320.5771648264989,
      "color": "gray",
      "shape": "cube",
      "pixel_coords": [
        297,
        310,
        9.184687614440918
      ],
      "material": "rubber",
      "size": "small"
    },
    {
      "3d_coords": [
        -2.0072317123413086,
        -2.9858269691467285,
        0.30000001192092896
      ],
      "rotation": 231.9639174432538,
      "color": "purple",
      "shape": "cube",
      "pixel_coords": [
        92,
        238,
        10.917407989501953
      ],
      "material": "rubber",
      "size": "large"
    },
    {
      "3d_coords": [
        0.11029891669750214,
        -1.2098809480667114,
        0.30000001192092896
      ],
      "rotation": 182.45830053798082,
      "color": "brown",
      "shape": "cube",
      "pixel_coords": [
        265,
        251,
        10.573222160339355
      ],
      "material": "rubber",
      "size": "large"
    },
    {
      "3d_coords": [
        2.167193651199341,
        -0.6790186762809753,
        0.30000001192092896
      ],
      "rotation": 69.50534277210033,
      "color": "yellow",
      "shape": "sphere",
      "pixel_coords": [
        389,
        293,
        9.539698600769043
      ],
      "material": "rubber",
      "size": "small"
    },
    {
      "3d_coords": [
        2.9101691246032715,
        -2.300438165664673,
        0.30000001192092896
      ],
      "rotation": 118.90483897827656,
      "color": "yellow",
      "shape": "sphere",
      "pixel_coords": [
        340,
        371,
        8.104804039001465
      ],
      "material": "rubber",
      "size": "small"
    }
  ]
}