{
  "relationships": {
    "right": [
      [
        1,
        2
      ],
      [],
      [
        1
      ],
      [
        0,
        1,
        2,
        5,
        7
      ],
      [
        0,
        1,
        2,
        3,
        5,
        7
      ],
      [
        0,
        1,
        2
      ],
      [
        0,
        1,
        2,
        3,
        4,
        5,
        7
      ],
      [
        0,
        1,
        2,
        5
      ]
    ],
    "left": [
      [
        3,
        4,
        5,
        6,
        7
      ],
      [
        0,
        2,
        3,
        4,
        5,
        6,
        7
      ],
      [
        0,
        3,
        4,
        5,
        6,
        7
      ],
      [
        4,
        6
      ],
      [
        6
      ],
      [
        3,
        4,
        6,
        7
      ],
      [],
      [
        3,
        4,
        6
      ]
    ],
    "behind": [
      [
        1,
        2,
        3,
        4,
        5,
        6,
        7
      ],
      [],
      [
        1,
        6,
        7
      ],
      [
        1,
        2,
        6,
        7
      ],
      [
        1,
        2,
        3,
        5,
        6,
        7
      ],
      [
        1,
        2,
        3,
        6,
        7
      ],
      [
        1
      ],
      [
        1,
        6
      ]
    ],
    "front": [
      [],
      [
        0,
        2,
        3,
        4,
        5,
        6,
        7
      ],
      [
        0,
        3,
        4,
        5
      ],
      [
        0,
        4,
        5
      ],
      [
        0
      ],
      [
        0,
        4
      ],
      [
        0,
        2,
        3,
        4,
        5,
        7
      ],
      [
        0,
        2,
        3,
        4,
        5
      ]
    ]
  },
  "image_index": 810,
  "directions": {
    "below": [
      -0.0,
      -0.0,
      -1.0
    ],
    "left": [
      -0.6563112735748291,
      -0.7544902563095093,
      0.0
    ],
    "above": [
      0.0,
      0.0,
      1.0
    ],
    "front": [
      0.754490315914154,
      -0.6563112735748291,
      -0.0
    ],
    "behind": [
      -0.754490315914154,
      0.6563112735748291,
      0.0
    ],
    "right": [
      0.6563112735748291,
      0.7544902563095093,
      -0.0
    ]
  },
  "objects": [
    {
      "shape": "cube",
      "pixel_coords": [
        394,
        285,
        9.620264053344727
      ],
      "color": "green",
      "rotation": 314.22532847442756,
      "size": "large",
      "material": "rubber",
      "3d_coords": [
        2.0637259483337402,
        -0.41823726892471313,
        0.30000001192092896
      ]
    },
    {
      "shape": "cylinder",
      "pixel_coords": [
        439,
        177,
        12.8517427444458
      ],
      "color": "blue",
      "rotation": 60.27438393336772,
      "size": "large",
      "material": "rubber",
      "3d_coords": [
        0.006691174115985632,
        2.8516340255737305,
        0.30000001192092896
      ]
    },
    {
      "shape": "sphere",
      "pixel_coords": [
        402,
        209,
        11.692873001098633
      ],
      "color": "brown",
      "rotation": 276.82300412632594,
      "size": "large",
      "material": "rubber",
      "3d_coords": [
        0.4904525876045227,
        1.3801891803741455,
        0.30000001192092896
      ]
    },
    {
      "shape": "cylinder",
      "pixel_coords": [
        183,
        216,
        11.489188194274902
      ],
      "color": "yellow",
      "rotation": 136.4571140615843,
      "size": "large",
      "material": "rubber",
      "3d_coords": [
        -1.678829312324524,
        -1.531131625175476,
        0.30000001192092896
      ]
    },
    {
      "shape": "cube",
      "pixel_coords": [
        138,
        265,
        10.10377025604248
      ],
      "color": "green",
      "rotation": 156.0794822922505,
      "size": "large",
      "material": "rubber",
      "3d_coords": [
        -0.7129033207893372,
        -2.8341381549835205,
        0.30000001192092896
      ]
    },
    {
      "shape": "sphere",
      "pixel_coords": [
        311,
        228,
        11.102704048156738
      ],
      "color": "red",
      "rotation": 153.25403783587183,
      "size": "small",
      "material": "rubber",
      "3d_coords": [
        0.026695704087615013,
        -0.20477494597434998,
        0.30000001192092896
      ]
    },
    {
      "shape": "cylinder",
      "pixel_coords": [
        155,
        194,
        12.228904724121094
      ],
      "color": "purple",
      "rotation": 312.4355739359966,
      "size": "large",
      "material": "rubber",
      "3d_coords": [
        -2.727189779281616,
        -1.4621673822402954,
        0.30000001192092896
      ]
    },
    {
      "shape": "sphere",
      "pixel_coords": [
        296,
        202,
        11.929116249084473
      ],
      "color": "yellow",
      "rotation": 113.71141448825409,
      "size": "large",
      "material": "rubber",
      "3d_coords": [
        -0.8609226942062378,
        0.2060035616159439,
        0.30000001192092896
      ]
    }
  ],
  "image_filename": "CLEVR_new_000810.png",
  "split": "new"
}