{
  "directions": {
    "above": [
      0.0,
      0.0,
      1.0
    ],
    "left": [
      -0.6563112735748291,
      -0.7544902563095093,
      0.0
    ],
    "front": [
      0.754490315914154,
      -0.6563112735748291,
      -0.0
    ],
    "below": [
      -0.0,
      -0.0,
      -1.0
    ],
    "behind": [
      -0.754490315914154,
      0.6563112735748291,
      0.0
    ],
    "right": [
      0.6563112735748291,
      0.7544902563095093,
      -0.0
    ]
  },
  "image_filename": "CLEVR_new_001020.png",
  "image_index": 1020,
  "relationships": {
    "front": [
      [
        1,
        3,
        4,
        8
      ],
      [],
      [
        0,
        1,
        3,
        4,
        5,
        6,
        7,
        8,
        9
      ],
      [
        1
      ],
      [
        1,
        3,
        8
      ],
      [
        0,
        1,
        3,
        4,
        6,
        8,
        9
      ],
      [
        0,
        1,
        3,
        4,
        8
      ],
      [
        0,
        1,
        3,
        4,
        5,
        6,
        8,
        9
      ],
      [
        1,
        3
      ],
      [
        0,
        1,
        3,
        4,
        6,
        8
      ]
    ],
    "left": [
      [
        1,
        2,
        4,
        6,
        7,
        9
      ],
      [
        4,
        6,
        7,
        9
      ],
      [
        1,
        4,
        6,
        7,
        9
      ],
      [
        0,
        1,
        2,
        4,
        5,
        6,
        7,
        8,
        9
      ],
      [
        6,
        9
      ],
      [
        0,
        1,
        2,
        4,
        6,
        7,
        9
      ],
      [
        9
      ],
      [
        4,
        6,
        9
      ],
      [
        0,
        1,
        2,
        4,
        5,
        6,
        7,
        9
      ],
      []
    ],
    "behind": [
      [
        2,
        5,
        6,
        7,
        9
      ],
      [
        0,
        2,
        3,
        4,
        5,
        6,
        7,
        8,
        9
      ],
      [],
      [
        0,
        2,
        4,
        5,
        6,
        7,
        8,
        9
      ],
      [
        0,
        2,
        5,
        6,
        7,
        9
      ],
      [
        2,
        7
      ],
      [
        2,
        5,
        7,
        9
      ],
      [
        2
      ],
      [
        0,
        2,
        4,
        5,
        6,
        7,
        9
      ],
      [
        2,
        5,
        7
      ]
    ],
    "right": [
      [
        3,
        5,
        8
      ],
      [
        0,
        2,
        3,
        5,
        8
      ],
      [
        0,
        3,
        5,
        8
      ],
      [],
      [
        0,
        1,
        2,
        3,
        5,
        7,
        8
      ],
      [
        3,
        8
      ],
      [
        0,
        1,
        2,
        3,
        4,
        5,
        7,
        8
      ],
      [
        0,
        1,
        2,
        3,
        5,
        8
      ],
      [
        3
      ],
      [
        0,
        1,
        2,
        3,
        4,
        5,
        6,
        7,
        8
      ]
    ]
  },
  "split": "new",
  "objects": [
    {
      "3d_coords": [
        0.826427698135376,
        0.5588338971138,
        0.30000001192092896
      ],
      "rotation": 243.81388636088738,
      "color": "purple",
      "shape": "sphere",
      "pixel_coords": [
        381,
        231,
        11.19793701171875
      ],
      "material": "rubber",
      "size": "large"
    },
    {
      "3d_coords": [
        1.7679245471954346,
        -1.6677035093307495,
        0.30000001192092896
      ],
      "rotation": 67.63606850083274,
      "color": "green",
      "shape": "cube",
      "pixel_coords": [
        315,
        312,
        9.30713176727295
      ],
      "material": "rubber",
      "size": "large"
    },
    {
      "3d_coords": [
        -2.4205353260040283,
        2.6926183700561523,
        0.30000001192092896
      ],
      "rotation": 330.5060840143966,
      "color": "brown",
      "shape": "cube",
      "pixel_coords": [
        339,
        140,
        14.518400192260742
      ],
      "material": "rubber",
      "size": "small"
    },
    {
      "3d_coords": [
        2.864621639251709,
        0.7309504151344299,
        0.30000001192092896
      ],
      "rotation": 282.319137818244,
      "color": "green",
      "shape": "sphere",
      "pixel_coords": [
        492,
        280,
        9.986031532287598
      ],
      "material": "rubber",
      "size": "large"
    },
    {
      "3d_coords": [
        0.030273117125034332,
        -1.1215826272964478,
        0.30000001192092896
      ],
      "rotation": 269.70317174552304,
      "color": "brown",
      "shape": "sphere",
      "pixel_coords": [
        267,
        248,
        10.740236282348633
      ],
      "material": "rubber",
      "size": "small"
    },
    {
      "3d_coords": [
        0.02956082858145237,
        2.293339729309082,
        0.30000001192092896
      ],
      "rotation": 28.08113385537062,
      "color": "purple",
      "shape": "cylinder",
      "pixel_coords": [
        415,
        184,
        12.71170711517334
      ],
      "material": "rubber",
      "size": "small"
    },
    {
      "3d_coords": [
        -1.7855442762374878,
        -2.0629937648773193,
        0.30000001192092896
      ],
      "rotation": 3.1012322251336943,
      "color": "brown",
      "shape": "sphere",
      "pixel_coords": [
        152,
        226,
        11.365059852600098
      ],
      "material": "rubber",
      "size": "small"
    },
    {
      "3d_coords": [
        -2.415191173553467,
        1.4905592203140259,
        0.30000001192092896
      ],
      "rotation": 112.92830827280252,
      "color": "gray",
      "shape": "sphere",
      "pixel_coords": [
        295,
        156,
        13.821162223815918
      ],
      "material": "rubber",
      "size": "small"
    },
    {
      "3d_coords": [
        2.0573551654815674,
        0.871968150138855,
        0.30000001192092896
      ],
      "rotation": 50.136616405909905,
      "color": "purple",
      "shape": "cylinder",
      "pixel_coords": [
        454,
        254,
        10.58676815032959
      ],
      "material": "rubber",
      "size": "large"
    },
    {
      "3d_coords": [
        -2.5276410579681396,
        -2.5753707885742188,
        0.30000001192092896
      ],
      "rotation": 54.42532636497316,
      "color": "cyan",
      "shape": "sphere",
      "pixel_coords": [
        101,
        219,
        11.546747207641602
      ],
      "material": "rubber",
      "size": "small"
    }
  ]
}