{
  "directions": {
    "above": [
      0.0,
      0.0,
      1.0
    ],
    "left": [
      -0.6563112735748291,
      -0.7544902563095093,
      0.0
    ],
    "front": [
      0.754490315914154,
      -0.6563112735748291,
      -0.0
    ],
    "below": [
      -0.0,
      -0.0,
      -1.0
    ],
    "behind": [
      -0.754490315914154,
      0.6563112735748291,
      0.0
    ],
    "right": [
      0.6563112735748291,
      0.7544902563095093,
      -0.0
    ]
  },
  "image_filename": "CLEVR_new_001021.png",
  "image_index": 1021,
  "relationships": {
    "front": [
      [
        4,
        8
      ],
      [
        0,
        2,
        4,
        5,
        6,
        7,
        8
      ],
      [
        0,
        4,
        6,
        8
      ],
      [
        0,
        1,
        2,
        4,
        5,
        6,
        7,
        8,
        9
      ],
      [
        8
      ],
      [
        0,
        2,
        4,
        6,
        7,
        8
      ],
      [
        0,
        4,
        8
      ],
      [
        0,
        2,
        4,
        6,
        8
      ],
      [],
      [
        0,
        1,
        2,
        4,
        5,
        6,
        7,
        8
      ]
    ],
    "left": [
      [
        1,
        2,
        3,
        4,
        5,
        6,
        8,
        9
      ],
      [
        3,
        6
      ],
      [
        1,
        3,
        6,
        8
      ],
      [
        6
      ],
      [
        1,
        2,
        3,
        6,
        8
      ],
      [
        1,
        2,
        3,
        4,
        6,
        8
      ],
      [],
      [
        0,
        1,
        2,
        3,
        4,
        5,
        6,
        8,
        9
      ],
      [
        1,
        3,
        6
      ],
      [
        1,
        2,
        3,
        4,
        5,
        6,
        8
      ]
    ],
    "behind": [
      [
        1,
        2,
        3,
        5,
        6,
        7,
        9
      ],
      [
        3,
        9
      ],
      [
        1,
        3,
        5,
        7,
        9
      ],
      [],
      [
        0,
        1,
        2,
        3,
        5,
        6,
        7,
        9
      ],
      [
        1,
        3,
        9
      ],
      [
        1,
        2,
        3,
        5,
        7,
        9
      ],
      [
        1,
        3,
        5,
        9
      ],
      [
        0,
        1,
        2,
        3,
        4,
        5,
        6,
        7,
        9
      ],
      [
        3
      ]
    ],
    "right": [
      [
        7
      ],
      [
        0,
        2,
        4,
        5,
        7,
        8,
        9
      ],
      [
        0,
        4,
        5,
        7,
        9
      ],
      [
        0,
        1,
        2,
        4,
        5,
        7,
        8,
        9
      ],
      [
        0,
        5,
        7,
        9
      ],
      [
        0,
        7,
        9
      ],
      [
        0,
        1,
        2,
        3,
        4,
        5,
        7,
        8,
        9
      ],
      [],
      [
        0,
        2,
        4,
        5,
        7,
        9
      ],
      [
        0,
        7
      ]
    ]
  },
  "split": "new",
  "objects": [
    {
      "3d_coords": [
        2.5673797130584717,
        0.6040939092636108,
        0.30000001192092896
      ],
      "rotation": 203.47383346071993,
      "color": "green",
      "shape": "cylinder",
      "pixel_coords": [
        473,
        271,
        9.891681671142578
      ],
      "material": "rubber",
      "size": "large"
    },
    {
      "3d_coords": [
        -1.084391474723816,
        -0.19220151007175446,
        0.30000001192092896
      ],
      "rotation": 224.65385769055598,
      "color": "yellow",
      "shape": "cylinder",
      "pixel_coords": [
        269,
        206,
        11.816420555114746
      ],
      "material": "rubber",
      "size": "small"
    },
    {
      "3d_coords": [
        0.33167287707328796,
        -0.7217050194740295,
        0.30000001192092896
      ],
      "rotation": 126.31410195457667,
      "color": "red",
      "shape": "cylinder",
      "pixel_coords": [
        299,
        245,
        10.574085235595703
      ],
      "material": "rubber",
      "size": "small"
    },
    {
      "3d_coords": [
        -2.1982474327087402,
        0.3153453469276428,
        0.30000001192092896
      ],
      "rotation": 105.08935725779256,
      "color": "green",
      "shape": "cylinder",
      "pixel_coords": [
        253,
        178,
        12.847491264343262
      ],
      "material": "rubber",
      "size": "large"
    },
    {
      "3d_coords": [
        1.4077215194702148,
        -1.1932849884033203,
        0.30000001192092896
      ],
      "rotation": 204.29700399808524,
      "color": "gray",
      "shape": "cube",
      "pixel_coords": [
        324,
        284,
        9.589098930358887
      ],
      "material": "rubber",
      "size": "large"
    },
    {
      "3d_coords": [
        0.5567857623100281,
        1.118074655532837,
        0.30000001192092896
      ],
      "rotation": 141.73029564279904,
      "color": "yellow",
      "shape": "sphere",
      "pixel_coords": [
        393,
        214,
        11.514893531799316
      ],
      "material": "rubber",
      "size": "large"
    },
    {
      "3d_coords": [
        -0.7169497013092041,
        -2.303581714630127,
        0.30000001192092896
      ],
      "rotation": 106.42283279645727,
      "color": "cyan",
      "shape": "sphere",
      "pixel_coords": [
        171,
        254,
        10.326155662536621
      ],
      "material": "rubber",
      "size": "large"
    },
    {
      "3d_coords": [
        1.7885491847991943,
        1.783527135848999,
        0.30000001192092896
      ],
      "rotation": 185.18565691386613,
      "color": "purple",
      "shape": "sphere",
      "pixel_coords": [
        479,
        227,
        11.100468635559082
      ],
      "material": "rubber",
      "size": "large"
    },
    {
      "3d_coords": [
        2.202160120010376,
        -2.677400588989258,
        0.30000001192092896
      ],
      "rotation": 85.646986805796,
      "color": "blue",
      "shape": "cylinder",
      "pixel_coords": [
        276,
        355,
        8.189807891845703
      ],
      "material": "rubber",
      "size": "small"
    },
    {
      "3d_coords": [
        0.1331866830587387,
        2.4129600524902344,
        0.30000001192092896
      ],
      "rotation": 264.93379548801596,
      "color": "brown",
      "shape": "cylinder",
      "pixel_coords": [
        425,
        186,
        12.55892562866211
      ],
      "material": "rubber",
      "size": "small"
    }
  ]
}