{
  "directions": {
    "above": [
      0.0,
      0.0,
      1.0
    ],
    "left": [
      -0.6563112735748291,
      -0.7544902563095093,
      0.0
    ],
    "front": [
      0.754490315914154,
      -0.6563112735748291,
      -0.0
    ],
    "below": [
      -0.0,
      -0.0,
      -1.0
    ],
    "behind": [
      -0.754490315914154,
      0.6563112735748291,
      0.0
    ],
    "right": [
      0.6563112735748291,
      0.7544902563095093,
      -0.0
    ]
  },
  "image_filename": "CLEVR_new_001038.png",
  "image_index": 1038,
  "relationships": {
    "front": [
      [
        1,
        2,
        4,
        7
      ],
      [
        2
      ],
      [],
      [
        0,
        1,
        2,
        4,
        6,
        7,
        8
      ],
      [
        1,
        2,
        7
      ],
      [
        0,
        1,
        2,
        3,
        4,
        6,
        7,
        8,
        9
      ],
      [
        0,
        1,
        2,
        4,
        7
      ],
      [
        1,
        2
      ],
      [
        0,
        1,
        2,
        4,
        6,
        7
      ],
      [
        0,
        1,
        2,
        3,
        4,
        6,
        7,
        8
      ]
    ],
    "left": [
      [
        1,
        4,
        8
      ],
      [
        4,
        8
      ],
      [
        0,
        1,
        4,
        8
      ],
      [
        0,
        1,
        2,
        4,
        8
      ],
      [
        8
      ],
      [
        0,
        1,
        2,
        3,
        4,
        6,
        8,
        9
      ],
      [
        0,
        1,
        2,
        3,
        4,
        8,
        9
      ],
      [
        0,
        1,
        2,
        3,
        4,
        5,
        6,
        8,
        9
      ],
      [],
      [
        0,
        1,
        2,
        3,
        4,
        8
      ]
    ],
    "behind": [
      [
        3,
        5,
        6,
        8,
        9
      ],
      [
        0,
        3,
        4,
        5,
        6,
        7,
        8,
        9
      ],
      [
        0,
        1,
        3,
        4,
        5,
        6,
        7,
        8,
        9
      ],
      [
        5,
        9
      ],
      [
        0,
        3,
        5,
        6,
        8,
        9
      ],
      [],
      [
        3,
        5,
        8,
        9
      ],
      [
        0,
        3,
        4,
        5,
        6,
        8,
        9
      ],
      [
        3,
        5,
        9
      ],
      [
        5
      ]
    ],
    "right": [
      [
        2,
        3,
        5,
        6,
        7,
        9
      ],
      [
        0,
        2,
        3,
        5,
        6,
        7,
        9
      ],
      [
        3,
        5,
        6,
        7,
        9
      ],
      [
        5,
        6,
        7,
        9
      ],
      [
        0,
        1,
        2,
        3,
        5,
        6,
        7,
        9
      ],
      [
        7
      ],
      [
        5,
        7
      ],
      [],
      [
        0,
        1,
        2,
        3,
        4,
        5,
        6,
        7,
        9
      ],
      [
        5,
        6,
        7
      ]
    ]
  },
  "split": "new",
  "objects": [
    {
      "3d_coords": [
        -0.06775341928005219,
        -0.7894055843353271,
        0.30000001192092896
      ],
      "rotation": 67.05891364879449,
      "color": "gray",
      "shape": "cylinder",
      "pixel_coords": [
        278,
        237,
        10.376221656799316
      ],
      "material": "rubber",
      "size": "large"
    },
    {
      "3d_coords": [
        0.7972612380981445,
        -2.0956413745880127,
        0.30000001192092896
      ],
      "rotation": 280.3185659693046,
      "color": "yellow",
      "shape": "sphere",
      "pixel_coords": [
        244,
        290,
        9.017921447753906
      ],
      "material": "rubber",
      "size": "large"
    },
    {
      "3d_coords": [
        2.8245699405670166,
        -2.704805612564087,
        0.30000001192092896
      ],
      "rotation": 62.555472740139294,
      "color": "gray",
      "shape": "cube",
      "pixel_coords": [
        316,
        384,
        7.327829837799072
      ],
      "material": "rubber",
      "size": "small"
    },
    {
      "3d_coords": [
        -0.7553403973579407,
        0.6759831309318542,
        0.30000001192092896
      ],
      "rotation": 191.9834522560759,
      "color": "brown",
      "shape": "cube",
      "pixel_coords": [
        319,
        197,
        11.715991020202637
      ],
      "material": "rubber",
      "size": "small"
    },
    {
      "3d_coords": [
        -0.7156184911727905,
        -2.806868553161621,
        0.30000001192092896
      ],
      "rotation": 69.361034221042,
      "color": "gray",
      "shape": "cylinder",
      "pixel_coords": [
        134,
        267,
        9.569212913513184
      ],
      "material": "rubber",
      "size": "large"
    },
    {
      "3d_coords": [
        -1.2674893140792847,
        2.839182138442993,
        0.30000001192092896
      ],
      "rotation": 266.06501013719765,
      "color": "brown",
      "shape": "cube",
      "pixel_coords": [
        383,
        158,
        13.366548538208008
      ],
      "material": "rubber",
      "size": "small"
    },
    {
      "3d_coords": [
        0.7740229964256287,
        0.6349331736564636,
        0.30000001192092896
      ],
      "rotation": 322.56621971134746,
      "color": "purple",
      "shape": "sphere",
      "pixel_coords": [
        385,
        226,
        10.6958646774292
      ],
      "material": "rubber",
      "size": "small"
    },
    {
      "3d_coords": [
        2.9390833377838135,
        0.9712255597114563,
        0.30000001192092896
      ],
      "rotation": 164.34758862702577,
      "color": "yellow",
      "shape": "cube",
      "pixel_coords": [
        520,
        270,
        9.491889953613281
      ],
      "material": "rubber",
      "size": "small"
    },
    {
      "3d_coords": [
        -2.9196622371673584,
        -2.6551754474639893,
        0.30000001192092896
      ],
      "rotation": 229.46532307328457,
      "color": "yellow",
      "shape": "cube",
      "pixel_coords": [
        72,
        214,
        11.095719337463379
      ],
      "material": "rubber",
      "size": "small"
    },
    {
      "3d_coords": [
        -0.7776988744735718,
        1.496101975440979,
        0.30000001192092896
      ],
      "rotation": 87.9781685112391,
      "color": "yellow",
      "shape": "sphere",
      "pixel_coords": [
        352,
        183,
        12.229962348937988
      ],
      "material": "rubber",
      "size": "large"
    }
  ]
}