{
  "directions": {
    "below": [
      -0.0,
      -0.0,
      -1.0
    ],
    "above": [
      0.0,
      0.0,
      1.0
    ],
    "behind": [
      -0.754490315914154,
      0.6563112735748291,
      0.0
    ],
    "left": [
      -0.6563112735748291,
      -0.7544902563095093,
      0.0
    ],
    "right": [
      0.6563112735748291,
      0.7544902563095093,
      -0.0
    ],
    "front": [
      0.754490315914154,
      -0.6563112735748291,
      -0.0
    ]
  },
  "relationships": {
    "left": [
      [
        7,
        11
      ],
      [
        0,
        3,
        7,
        11
      ],
      [
        0,
        1,
        3,
        4,
        7,
        10,
        11,
        12,
        15
      ],
      [
        0,
        7,
        11
      ],
      [
        0,
        1,
        3,
        7,
        10,
        11,
        15
      ],
      [
        0,
        1,
        2,
        3,
        4,
        6,
        7,
        10,
        11,
        12,
        13,
        15
      ],
      [
        0,
        1,
        2,
        3,
        4,
        7,
        10,
        11,
        12,
        13,
        15
      ],
      [],
      [
        0,
        1,
        2,
        3,
        4,
        5,
        6,
        7,
        10,
        11,
        12,
        13,
        15
      ],
      [
        0,
        1,
        2,
        3,
        4,
        5,
        6,
        7,
        8,
        10,
        11,
        12,
        13,
        14,
        15
      ],
      [
        0,
        1,
        3,
        7,
        11,
        15
      ],
      [
        7
      ],
      [
        0,
        1,
        3,
        4,
        7,
        10,
        11,
        15
      ],
      [
        0,
        1,
        2,
        3,
        4,
        7,
        10,
        11,
        12,
        15
      ],
      [
        0,
        1,
        2,
        3,
        4,
        5,
        6,
        7,
        8,
        10,
        11,
        12,
        13,
        15
      ],
      [
        0,
        1,
        3,
        7,
        11
      ]
    ],
    "right": [
      [
        1,
        2,
        3,
        4,
        5,
        6,
        8,
        9,
        10,
        12,
        13,
        14,
        15
      ],
      [
        2,
        4,
        5,
        6,
        8,
        9,
        10,
        12,
        13,
        14,
        15
      ],
      [
        5,
        6,
        8,
        9,
        13,
        14
      ],
      [
        1,
        2,
        4,
        5,
        6,
        8,
        9,
        10,
        12,
        13,
        14,
        15
      ],
      [
        2,
        5,
        6,
        8,
        9,
        12,
        13,
        14
      ],
      [
        8,
        9,
        14
      ],
      [
        5,
        8,
        9,
        14
      ],
      [
        0,
        1,
        2,
        3,
        4,
        5,
        6,
        8,
        9,
        10,
        11,
        12,
        13,
        14,
        15
      ],
      [
        9,
        14
      ],
      [],
      [
        2,
        4,
        5,
        6,
        8,
        9,
        12,
        13,
        14
      ],
      [
        0,
        1,
        2,
        3,
        4,
        5,
        6,
        8,
        9,
        10,
        12,
        13,
        14,
        15
      ],
      [
        2,
        5,
        6,
        8,
        9,
        13,
        14
      ],
      [
        5,
        6,
        8,
        9,
        14
      ],
      [
        9
      ],
      [
        2,
        4,
        5,
        6,
        8,
        9,
        10,
        12,
        13,
        14
      ]
    ],
    "front": [
      [
        2,
        4,
        5,
        8,
        12
      ],
      [
        0,
        2,
        4,
        5,
        7,
        8,
        9,
        11,
        12,
        14,
        15
      ],
      [],
      [
        0,
        1,
        2,
        4,
        5,
        6,
        7,
        8,
        9,
        11,
        12,
        14,
        15
      ],
      [
        2
      ],
      [
        2,
        4
      ],
      [
        0,
        1,
        2,
        4,
        5,
        7,
        8,
        9,
        11,
        12,
        14,
        15
      ],
      [
        0,
        2,
        4,
        5,
        8,
        9,
        12,
        14,
        15
      ],
      [
        2,
        4,
        5,
        12
      ],
      [
        0,
        2,
        4,
        5,
        8,
        12
      ],
      [
        0,
        1,
        2,
        3,
        4,
        5,
        6,
        7,
        8,
        9,
        11,
        12,
        14,
        15
      ],
      [
        0,
        2,
        4,
        5,
        7,
        8,
        9,
        12,
        14,
        15
      ],
      [
        2,
        4,
        5
      ],
      [
        0,
        1,
        2,
        3,
        4,
        5,
        6,
        7,
        8,
        9,
        10,
        11,
        12,
        14,
        15
      ],
      [
        0,
        2,
        4,
        5,
        8,
        9,
        12,
        15
      ],
      [
        0,
        2,
        4,
        5,
        8,
        9,
        12
      ]
    ],
    "behind": [
      [
        1,
        3,
        6,
        7,
        9,
        10,
        11,
        13,
        14,
        15
      ],
      [
        3,
        6,
        10,
        13
      ],
      [
        0,
        1,
        3,
        4,
        5,
        6,
        7,
        8,
        9,
        10,
        11,
        12,
        13,
        14,
        15
      ],
      [
        10,
        13
      ],
      [
        0,
        1,
        3,
        5,
        6,
        7,
        8,
        9,
        10,
        11,
        12,
        13,
        14,
        15
      ],
      [
        0,
        1,
        3,
        6,
        7,
        8,
        9,
        10,
        11,
        12,
        13,
        14,
        15
      ],
      [
        3,
        10,
        13
      ],
      [
        1,
        3,
        6,
        10,
        11,
        13
      ],
      [
        0,
        1,
        3,
        6,
        7,
        9,
        10,
        11,
        13,
        14,
        15
      ],
      [
        1,
        3,
        6,
        7,
        10,
        11,
        13,
        14,
        15
      ],
      [
        13
      ],
      [
        1,
        3,
        6,
        10,
        13
      ],
      [
        0,
        1,
        3,
        6,
        7,
        8,
        9,
        10,
        11,
        13,
        14,
        15
      ],
      [],
      [
        1,
        3,
        6,
        7,
        10,
        11,
        13
      ],
      [
        1,
        3,
        6,
        7,
        10,
        11,
        13,
        14
      ]
    ]
  },
  "objects": [
    {
      "3d_coords": [
        -0.7457972168922424,
        -2.0147860050201416,
        0.30000001192092896
      ],
      "rotation": 192.59946013672268,
      "size": "large",
      "pixel_coords": [
        185,
        243,
        10.508133888244629
      ],
      "color": "brown",
      "shape": "sphere",
      "material": "rubber"
    },
    {
      "3d_coords": [
        -1.7105950117111206,
        -0.06251516938209534,
        0.30000001192092896
      ],
      "rotation": 107.10302467672028,
      "size": "small",
      "pixel_coords": [
        255,
        194,
        12.309237480163574
      ],
      "color": "yellow",
      "shape": "sphere",
      "material": "rubber"
    },
    {
      "3d_coords": [
        2.767373561859131,
        -1.7779390811920166,
        0.30000001192092896
      ],
      "rotation": 67.32241649921419,
      "size": "large",