{
  "relationships": {
    "right": [
      [
        5
      ],
      [
        0,
        2,
        4,
        5,
        6
      ],
      [
        0,
        5,
        6
      ],
      [
        0,
        1,
        2,
        4,
        5,
        6
      ],
      [
        0,
        2,
        5,
        6
      ],
      [],
      [
        0,
        5
      ],
      [
        0,
        1,
        2,
        3,
        4,
        5,
        6
      ]
    ],
    "left": [
      [
        1,
        2,
        3,
        4,
        6,
        7
      ],
      [
        3,
        7
      ],
      [
        1,
        3,
        4,
        7
      ],
      [
        7
      ],
      [
        1,
        3,
        7
      ],
      [
        0,
        1,
        2,
        3,
        4,
        6,
        7
      ],
      [
        1,
        2,
        3,
        4,
        7
      ],
      []
    ],
    "behind": [
      [
        1,
        2,
        3,
        4,
        5,
        6,
        7
      ],
      [],
      [
        1
      ],
      [
        1,
        2,
        6,
        7
      ],
      [
        1,
        2,
        3,
        5,
        6,
        7
      ],
      [
        1,
        2,
        3,
        6,
        7
      ],
      [
        1,
        2,
        7
      ],
      [
        1,
        2
      ]
    ],
    "front": [
      [],
      [
        0,
        2,
        3,
        4,
        5,
        6,
        7
      ],
      [
        0,
        3,
        4,
        5,
        6,
        7
      ],
      [
        0,
        4,
        5
      ],
      [
        0
      ],
      [
        0,
        4
      ],
      [
        0,
        3,
        4,
        5
      ],
      [
        0,
        3,
        4,
        5,
        6
      ]
    ]
  },
  "image_index": 837,
  "directions": {
    "below": [
      -0.0,
      -0.0,
      -1.0
    ],
    "left": [
      -0.6563112735748291,
      -0.7544902563095093,
      0.0
    ],
    "above": [
      0.0,
      0.0,
      1.0
    ],
    "front": [
      0.754490315914154,
      -0.6563112735748291,
      -0.0
    ],
    "behind": [
      -0.754490315914154,
      0.6563112735748291,
      0.0
    ],
    "right": [
      0.6563112735748291,
      0.7544902563095093,
      -0.0
    ]
  },
  "objects": [
    {
      "shape": "cube",
      "pixel_coords": [
        502,
        279,
        9.497722625732422
      ],
      "color": "gray",
      "rotation": 148.2149553075555,
      "size": "small",
      "material": "rubber",
      "3d_coords": [
        2.7944624423980713,
        0.851866602897644,
        0.30000001192092896
      ]
    },
    {
      "shape": "sphere",
      "pixel_coords": [
        308,
        136,
        13.931116104125977
      ],
      "color": "cyan",
      "rotation": 144.29978419586564,
      "size": "large",
      "material": "rubber",
      "3d_coords": [
        -2.8626036643981934,
        2.1581714153289795,
        0.30000001192092896
      ]
    },
    {
      "shape": "sphere",
      "pixel_coords": [
        369,
        158,
        13.014021873474121
      ],
      "color": "gray",
      "rotation": 237.84205442028068,
      "size": "small",
      "material": "rubber",
      "3d_coords": [
        -1.3118133544921875,
        2.330043315887451,
        0.30000001192092896
      ]
    },
    {
      "shape": "cylinder",
      "pixel_coords": [
        228,
        200,
        11.522563934326172
      ],
      "color": "yellow",
      "rotation": 339.98708581443725,
      "size": "large",
      "material": "rubber",
      "3d_coords": [
        -1.5790796279907227,
        -0.63069748878479,
        0.30000001192092896
      ]
    },
    {
      "shape": "cylinder",
      "pixel_coords": [
        337,
        262,
        9.866864204406738
      ],
      "color": "brown",
      "rotation": 179.22375092572284,
      "size": "large",
      "material": "rubber",
      "3d_coords": [
        1.0167185068130493,
        -0.5573410391807556,
        0.30000001192092896
      ]
    },
    {
      "shape": "sphere",
      "pixel_coords": [
        521,
        248,
        10.19698715209961
      ],
      "color": "cyan",
      "rotation": 91.54554433286091,
      "size": "small",
      "material": "rubber",
      "3d_coords": [
        2.4791359901428223,
        1.7281267642974854,
        0.30000001192092896
      ]
    },
    {
      "shape": "cylinder",
      "pixel_coords": [
        417,
        189,
        11.874882698059082
      ],
      "color": "gray",
      "rotation": 315.3429398267435,
      "size": "small",
      "material": "rubber",
      "3d_coords": [
        0.16461703181266785,
        2.0209670066833496,
        0.30000001192092896
      ]
    },
    {
      "shape": "sphere",
      "pixel_coords": [
        212,
        181,
        12.148531913757324
      ],
      "color": "purple",
      "rotation": 253.71047670427424,
      "size": "large",
      "material": "rubber",
      "3d_coords": [
        -2.3716344833374023,
        -0.43906697630882263,
        0.30000001192092896
      ]
    }
  ],
  "image_filename": "CLEVR_new_000837.png",
  "split": "new"
}