{
  "directions": {
    "above": [
      0.0,
      0.0,
      1.0
    ],
    "left": [
      -0.6563112735748291,
      -0.7544902563095093,
      0.0
    ],
    "front": [
      0.754490315914154,
      -0.6563112735748291,
      -0.0
    ],
    "below": [
      -0.0,
      -0.0,
      -1.0
    ],
    "behind": [
      -0.754490315914154,
      0.6563112735748291,
      0.0
    ],
    "right": [
      0.6563112735748291,
      0.7544902563095093,
      -0.0
    ]
  },
  "image_filename": "CLEVR_new_001012.png",
  "image_index": 1012,
  "relationships": {
    "front": [
      [],
      [
        0,
        2,
        3,
        4,
        5,
        6,
        7,
        8,
        9
      ],
      [
        0,
        3,
        5,
        9
      ],
      [
        0,
        5,
        9
      ],
      [
        0,
        2,
        3,
        5,
        6,
        7,
        8,
        9
      ],
      [
        0
      ],
      [
        0,
        2,
        3,
        5,
        8,
        9
      ],
      [
        0,
        2,
        3,
        5,
        6,
        8,
        9
      ],
      [
        0,
        2,
        3,
        5,
        9
      ],
      [
        0,
        5
      ]
    ],
    "left": [
      [
        1,
        2,
        3,
        5,
        6,
        7,
        9
      ],
      [
        2,
        3,
        6,
        7,
        9
      ],
      [
        6
      ],
      [
        2,
        6,
        7,
        9
      ],
      [
        0,
        1,
        2,
        3,
        5,
        6,
        7,
        9
      ],
      [
        1,
        2,
        3,
        6,
        7,
        9
      ],
      [],
      [
        2,
        6
      ],
      [
        0,
        1,
        2,
        3,
        4,
        5,
        6,
        7,
        9
      ],
      [
        2,
        6,
        7
      ]
    ],
    "behind": [
      [
        1,
        2,
        3,
        4,
        5,
        6,
        7,
        8,
        9
      ],
      [],
      [
        1,
        4,
        6,
        7,
        8
      ],
      [
        1,
        2,
        4,
        6,
        7,
        8
      ],
      [
        1
      ],
      [
        1,
        2,
        3,
        4,
        6,
        7,
        8,
        9
      ],
      [
        1,
        4,
        7
      ],
      [
        1,
        4
      ],
      [
        1,
        4,
        6,
        7
      ],
      [
        1,
        2,
        3,
        4,
        6,
        7,
        8
      ]
    ],
    "right": [
      [
        4,
        8
      ],
      [
        0,
        4,
        5,
        8
      ],
      [
        0,
        1,
        3,
        4,
        5,
        7,
        8,
        9
      ],
      [
        0,
        1,
        4,
        5,
        8
      ],
      [
        8
      ],
      [
        0,
        4,
        8
      ],
      [
        0,
        1,
        2,
        3,
        4,
        5,
        7,
        8,
        9
      ],
      [
        0,
        1,
        3,
        4,
        5,
        8,
        9
      ],
      [],
      [
        0,
        1,
        3,
        4,
        5,
        8
      ]
    ]
  },
  "split": "new",
  "objects": [
    {
      "3d_coords": [
        2.2864608764648438,
        -0.9976813197135925,
        0.30000001192092896
      ],
      "rotation": 150.41909427492527,
      "color": "gray",
      "shape": "cylinder",
      "pixel_coords": [
        381,
        304,
        9.422930717468262
      ],
      "material": "rubber",
      "size": "small"
    },
    {
      "3d_coords": [
        -2.380384683609009,
        1.6154876947402954,
        0.30000001192092896
      ],
      "rotation": 250.585074154937,
      "color": "purple",
      "shape": "cube",
      "pixel_coords": [
        298,
        158,
        13.98223876953125
      ],
      "material": "rubber",
      "size": "small"
    },
    {
      "3d_coords": [
        -0.980148434638977,
        -1.6714998483657837,
        0.30000001192092896
      ],
      "rotation": 124.0205531088174,
      "color": "cyan",
      "shape": "sphere",
      "pixel_coords": [
        201,
        236,
        11.120779037475586
      ],
      "material": "rubber",
      "size": "small"
    },
    {
      "3d_coords": [
        0.42978590726852417,
        -1.1496213674545288,
        0.30000001192092896
      ],
      "rotation": 103.61551127232742,
      "color": "blue",
      "shape": "cylinder",
      "pixel_coords": [
        283,
        258,
        10.525816917419434
      ],
      "material": "rubber",
      "size": "small"
    },
    {
      "3d_coords": [
        0.46007731556892395,
        2.830246686935425,
        0.30000001192092896
      ],
      "rotation": 197.4795205535907,
      "color": "yellow",
      "shape": "cylinder",
      "pixel_coords": [
        450,
        184,
        12.881113052368164
      ],
      "material": "rubber",
      "size": "large"
    },
    {
      "3d_coords": [
        1.5216064453125,
        -1.4135087728500366,
        0.30000001192092896
      ],
      "rotation": 162.62708706651472,
      "color": "red",
      "shape": "cylinder",
      "pixel_coords": [
        320,
        293,
        9.666488647460938
      ],
      "material": "rubber",
      "size": "large"
    },
    {
      "3d_coords": [
        -2.6707303524017334,
        -2.547102689743042,
        0.30000001192092896
      ],
      "rotation": 170.27608180270786,
      "color": "gray",
      "shape": "sphere",
      "pixel_coords": [
        99,
        218,
        11.685088157653809
      ],
      "material": "rubber",
      "size": "small"
    },
    {
      "3d_coords": [
        -1.528616189956665,
        -0.5825703144073486,
        0.30000001192092896
      ],
      "rotation": 247.54238335076724,
      "color": "blue",
      "shape": "cube",
      "pixel_coords": [
        235,
        205,
        12.123116493225098
      ],
      "material": "rubber",
      "size": "large"
    },
    {
      "3d_coords": [
        2.368785858154297,
        2.4832918643951416,
        0.30000001192092896
      ],
      "rotation": 77.60589200126054,
      "color": "yellow",
      "shape": "sphere",
      "pixel_coords": [
        530,
        225,
        11.447089195251465
      ],
      "material": "rubber",
      "size": "large"
    },
    {
      "3d_coords": [
        0.7775152921676636,
        -1.9424761533737183,
        0.30000001192092896
      ],
      "rotation": 346.2076753404641,
      "color": "gray",
      "shape": "cylinder",
      "pixel_coords": [
        256,
        286,
        9.82918930053711
      ],
      "material": "rubber",
      "size": "large"
    }
  ]
}