{
  "relationships": {
    "right": [
      [
        1,
        3,
        4,
        5,
        6,
        7
      ],
      [],
      [
        0,
        1,
        3,
        4,
        5,
        6,
        7
      ],
      [
        1,
        5,
        7
      ],
      [
        1,
        3,
        5,
        7
      ],
      [
        1,
        7
      ],
      [
        1,
        3,
        4,
        5,
        7
      ],
      [
        1
      ]
    ],
    "left": [
      [
        2
      ],
      [
        0,
        2,
        3,
        4,
        5,
        6,
        7
      ],
      [],
      [
        0,
        2,
        4,
        6
      ],
      [
        0,
        2,
        6
      ],
      [
        0,
        2,
        3,
        4,
        6
      ],
      [
        0,
        2
      ],
      [
        0,
        2,
        3,
        4,
        5,
        6
      ]
    ],
    "behind": [
      [
        1,
        2,
        3,
        4,
        5,
        6,
        7
      ],
      [
        3,
        5,
        6,
        7
      ],
      [
        1,
        3,
        4,
        5,
        6,
        7
      ],
      [
        5,
        6,
        7
      ],
      [
        1,
        3,
        5,
        6,
        7
      ],
      [
        7
      ],
      [
        5,
        7
      ],
      []
    ],
    "front": [
      [],
      [
        0,
        2,
        4
      ],
      [
        0
      ],
      [
        0,
        1,
        2,
        4
      ],
      [
        0,
        2
      ],
      [
        0,
        1,
        2,
        3,
        4,
        6
      ],
      [
        0,
        1,
        2,
        3,
        4
      ],
      [
        0,
        1,
        2,
        3,
        4,
        5,
        6
      ]
    ]
  },
  "image_index": 835,
  "directions": {
    "below": [
      -0.0,
      -0.0,
      -1.0
    ],
    "left": [
      -0.6563112735748291,
      -0.7544902563095093,
      0.0
    ],
    "above": [
      0.0,
      0.0,
      1.0
    ],
    "front": [
      0.754490315914154,
      -0.6563112735748291,
      -0.0
    ],
    "behind": [
      -0.754490315914154,
      0.6563112735748291,
      0.0
    ],
    "right": [
      0.6563112735748291,
      0.7544902563095093,
      -0.0
    ]
  },
  "objects": [
    {
      "shape": "cube",
      "pixel_coords": [
        163,
        280,
        10.045882225036621
      ],
      "color": "green",
      "rotation": 67.1095190906545,
      "size": "large",
      "material": "rubber",
      "3d_coords": [
        -0.16014143824577332,
        -2.8369412422180176,
        0.30000001192092896
      ]
    },
    {
      "shape": "sphere",
      "pixel_coords": [
        442,
        220,
        11.696724891662598
      ],
      "color": "blue",
      "rotation": 185.23587306178376,
      "size": "small",
      "material": "rubber",
      "3d_coords": [
        1.2097365856170654,
        1.6393746137619019,
        0.30000001192092896
      ]
    },
    {
      "shape": "cube",
      "pixel_coords": [
        156,
        244,
        10.958355903625488
      ],
      "color": "blue",
      "rotation": 309.86406908313415,
      "size": "large",
      "material": "rubber",
      "3d_coords": [
        -1.1569126844406128,
        -2.3974103927612305,
        0.30000001192092896
      ]
    },
    {
      "shape": "sphere",
      "pixel_coords": [
        324,
        191,
        12.70718765258789
      ],
      "color": "purple",
      "rotation": 352.3321074496026,
      "size": "small",
      "material": "rubber",
      "3d_coords": [
        -0.9385183453559875,
        0.914497435092926,
        0.30000001192092896
      ]
    },
    {
      "shape": "sphere",
      "pixel_coords": [
        245,
        229,
        11.424398422241211
      ],
      "color": "brown",
      "rotation": 88.16759268703083,
      "size": "small",
      "material": "rubber",
      "3d_coords": [
        -0.684098482131958,
        -1.0338515043258667,
        0.30000001192092896
      ]
    },
    {
      "shape": "cylinder",
      "pixel_coords": [
        359,
        174,
        13.383295059204102
      ],
      "color": "gray",
      "rotation": 145.71276902828345,
      "size": "large",
      "material": "rubber",
      "3d_coords": [
        -1.0947911739349365,
        1.915666103363037,
        0.30000001192092896
      ]
    },
    {
      "shape": "sphere",
      "pixel_coords": [
        233,
        178,
        13.216449737548828
      ],
      "color": "brown",
      "rotation": 307.5702985094293,
      "size": "small",
      "material": "rubber",
      "3d_coords": [
        -2.5065128803253174,
        -0.013804836198687553,
        0.30000001192092896
      ]
    },
    {
      "shape": "sphere",
      "pixel_coords": [
        383,
        156,
        14.17114543914795
      ],
      "color": "yellow",
      "rotation": 18.552115650548814,
      "size": "large",
      "material": "rubber",
      "3d_coords": [
        -1.4286385774612427,
        2.906268358230591,
        0.30000001192092896
      ]
    }
  ],
  "image_filename": "CLEVR_new_000835.png",
  "split": "new"
}