{
  "relationships": {
    "right": [
      [
        2,
        3,
        5,
        6,
        7
      ],
      [
        0,
        2,
        3,
        5,
        6,
        7
      ],
      [
        3,
        5,
        7
      ],
      [
        5,
        7
      ],
      [
        0,
        1,
        2,
        3,
        5,
        6,
        7
      ],
      [
        7
      ],
      [
        2,
        3,
        5,
        7
      ],
      []
    ],
    "left": [
      [
        1,
        4
      ],
      [
        4
      ],
      [
        0,
        1,
        4,
        6
      ],
      [
        0,
        1,
        2,
        4,
        6
      ],
      [],
      [
        0,
        1,
        2,
        3,
        4,
        6
      ],
      [
        0,
        1,
        4
      ],
      [
        0,
        1,
        2,
        3,
        4,
        5,
        6
      ]
    ],
    "behind": [
      [
        1,
        2,
        5
      ],
      [
        5
      ],
      [
        1,
        5
      ],
      [
        0,
        1,
        2,
        4,
        5,
        7
      ],
      [
        0,
        1,
        2,
        5
      ],
      [],
      [
        0,
        1,
        2,
        3,
        4,
        5,
        7
      ],
      [
        0,
        1,
        2,
        4,
        5
      ]
    ],
    "front": [
      [
        3,
        4,
        6,
        7
      ],
      [
        0,
        2,
        3,
        4,
        6,
        7
      ],
      [
        0,
        3,
        4,
        6,
        7
      ],
      [
        6
      ],
      [
        3,
        6,
        7
      ],
      [
        0,
        1,
        2,
        3,
        4,
        6,
        7
      ],
      [],
      [
        3,
        6
      ]
    ]
  },
  "image_index": 803,
  "directions": {
    "below": [
      -0.0,
      -0.0,
      -1.0
    ],
    "left": [
      -0.6563112735748291,
      -0.7544902563095093,
      0.0
    ],
    "above": [
      0.0,
      0.0,
      1.0
    ],
    "front": [
      0.754490315914154,
      -0.6563112735748291,
      -0.0
    ],
    "behind": [
      -0.754490315914154,
      0.6563112735748291,
      0.0
    ],
    "right": [
      0.6563112735748291,
      0.7544902563095093,
      -0.0
    ]
  },
  "objects": [
    {
      "shape": "cube",
      "pixel_coords": [
        289,
        227,
        11.269301414489746
      ],
      "color": "cyan",
      "rotation": 5.687881233355014,
      "size": "small",
      "material": "rubber",
      "3d_coords": [
        -0.23687343299388885,
        -0.4593850076198578,
        0.30000001192092896
      ]
    },
    {
      "shape": "cube",
      "pixel_coords": [
        271,
        198,
        12.289997100830078
      ],
      "color": "gray",
      "rotation": 78.25731878938598,
      "size": "small",
      "material": "rubber",
      "3d_coords": [
        -1.3307089805603027,
        0.035391926765441895,
        0.30000001192092896
      ]
    },
    {
      "shape": "cube",
      "pixel_coords": [
        349,
        205,
        12.045620918273926
      ],
      "color": "gray",
      "rotation": 140.89075882930504,
      "size": "large",
      "material": "rubber",
      "3d_coords": [
        -0.22640971839427948,
        0.8664029240608215,
        0.30000001192092896
      ]
    },
    {
      "shape": "sphere",
      "pixel_coords": [
        373,
        253,
        10.470741271972656
      ],
      "color": "yellow",
      "rotation": 20.267953095320905,
      "size": "small",
      "material": "rubber",
      "3d_coords": [
        1.289852261543274,
        -0.09027204662561417,
        0.30000001192092896
      ]
    },
    {
      "shape": "cube",
      "pixel_coords": [
        122,
        240,
        10.856535911560059
      ],
      "color": "brown",
      "rotation": 20.769495481690686,
      "size": "small",
      "material": "rubber",
      "3d_coords": [
        -1.593143105506897,
        -2.6866614818573,
        0.30000001192092896
      ]
    },
    {
      "shape": "sphere",
      "pixel_coords": [
        389,
        164,
        13.790576934814453
      ],
      "color": "red",
      "rotation": 5.368556805229758,
      "size": "large",
      "material": "rubber",
      "3d_coords": [
        -1.1144405603408813,
        2.8190183639526367,
        0.30000001192092896
      ]
    },
    {
      "shape": "cube",
      "pixel_coords": [
        340,
        304,
        9.218690872192383
      ],
      "color": "gray",
      "rotation": 93.23301053000775,
      "size": "large",
      "material": "rubber",
      "3d_coords": [
        1.9895265102386475,
        -1.4208929538726807,
        0.30000001192092896
      ]
    },
    {
      "shape": "cylinder",
      "pixel_coords": [
        471,
        246,
        10.695168495178223
      ],
      "color": "yellow",
      "rotation": 121.72196329295055,
      "size": "large",
      "material": "rubber",
      "3d_coords": [
        2.1097114086151123,
        1.2136445045471191,
        0.30000001192092896
      ]
    }
  ],
  "image_filename": "CLEVR_new_000803.png",
  "split": "new"
}