{
  "relationships": {
    "right": [
      [
        7
      ],
      [
        0,
        4,
        5,
        6,
        7
      ],
      [
        0,
        1,
        4,
        5,
        6,
        7
      ],
      [
        0,
        1,
        2,
        4,
        5,
        6,
        7
      ],
      [
        0,
        5,
        6,
        7
      ],
      [
        0,
        6,
        7
      ],
      [
        0,
        7
      ],
      []
    ],
    "left": [
      [
        1,
        2,
        3,
        4,
        5,
        6
      ],
      [
        2,
        3
      ],
      [
        3
      ],
      [],
      [
        1,
        2,
        3
      ],
      [
        1,
        2,
        3,
        4
      ],
      [
        1,
        2,
        3,
        4,
        5
      ],
      [
        0,
        1,
        2,
        3,
        4,
        5,
        6
      ]
    ],
    "behind": [
      [
        1,
        2,
        3,
        4,
        5,
        6,
        7
      ],
      [
        6
      ],
      [
        1,
        6
      ],
      [
        1,
        2,
        5,
        6
      ],
      [
        1,
        2,
        3,
        5,
        6,
        7
      ],
      [
        1,
        2,
        6
      ],
      [],
      [
        1,
        2,
        3,
        5,
        6
      ]
    ],
    "front": [
      [],
      [
        0,
        2,
        3,
        4,
        5,
        7
      ],
      [
        0,
        3,
        4,
        5,
        7
      ],
      [
        0,
        4,
        7
      ],
      [
        0
      ],
      [
        0,
        3,
        4,
        7
      ],
      [
        0,
        1,
        2,
        3,
        4,
        5,
        7
      ],
      [
        0,
        4
      ]
    ]
  },
  "image_index": 814,
  "directions": {
    "below": [
      -0.0,
      -0.0,
      -1.0
    ],
    "left": [
      -0.6563112735748291,
      -0.7544902563095093,
      0.0
    ],
    "above": [
      0.0,
      0.0,
      1.0
    ],
    "front": [
      0.754490315914154,
      -0.6563112735748291,
      -0.0
    ],
    "behind": [
      -0.754490315914154,
      0.6563112735748291,
      0.0
    ],
    "right": [
      0.6563112735748291,
      0.7544902563095093,
      -0.0
    ]
  },
  "objects": [
    {
      "shape": "sphere",
      "pixel_coords": [
        431,
        302,
        9.459737777709961
      ],
      "color": "blue",
      "rotation": 137.45841748517967,
      "size": "small",
      "material": "rubber",
      "3d_coords": [
        2.676051378250122,
        -0.34777218103408813,
        0.30000001192092896
      ]
    },
    {
      "shape": "sphere",
      "pixel_coords": [
        253,
        169,
        13.32799243927002
      ],
      "color": "gray",
      "rotation": 49.76465279479094,
      "size": "small",
      "material": "rubber",
      "3d_coords": [
        -2.494969367980957,
        0.5000301599502563,
        0.30000001192092896
      ]
    },
    {
      "shape": "cylinder",
      "pixel_coords": [
        234,
        200,
        12.174886703491211
      ],
      "color": "brown",
      "rotation": 241.43648739723454,
      "size": "small",
      "material": "rubber",
      "3d_coords": [
        -1.6471363306045532,
        -0.543215274810791,
        0.30000001192092896
      ]
    },
    {
      "shape": "cylinder",
      "pixel_coords": [
        124,
        231,
        11.203083038330078
      ],
      "color": "red",
      "rotation": 163.02347943970216,
      "size": "large",
      "material": "rubber",
      "3d_coords": [
        -1.8862947225570679,
        -2.5093483924865723,
        0.30000001192092896
      ]
    },
    {
      "shape": "cube",
      "pixel_coords": [
        280,
        284,
        9.851164817810059
      ],
      "color": "gray",
      "rotation": 249.7631606511587,
      "size": "small",
      "material": "rubber",
      "3d_coords": [
        0.9747400283813477,
        -1.6046156883239746,
        0.30000001192092896
      ]
    },
    {
      "shape": "sphere",
      "pixel_coords": [
        329,
        212,
        11.776385307312012
      ],
      "color": "cyan",
      "rotation": 151.845007842296,
      "size": "large",
      "material": "rubber",
      "3d_coords": [
        -0.22193963825702667,
        0.38661304116249084,
        0.30000001192092896
      ]
    },
    {
      "shape": "cube",
      "pixel_coords": [
        341,
        162,
        13.650057792663574
      ],
      "color": "red",
      "rotation": 165.29638682372425,
      "size": "small",
      "material": "rubber",
      "3d_coords": [
        -1.6693894863128662,
        2.002206802368164,
        0.30000001192092896
      ]
    },
    {
      "shape": "sphere",
      "pixel_coords": [
        553,
        244,
        10.833619117736816
      ],
      "color": "green",
      "rotation": 92.91947512696842,
      "size": "small",
      "material": "rubber",
      "3d_coords": [
        2.875596284866333,
        2.273916482925415,
        0.30000001192092896
      ]
    }
  ],
  "image_filename": "CLEVR_new_000814.png",
  "split": "new"
}