{
  "directions": {
    "above": [
      0.0,
      0.0,
      1.0
    ],
    "left": [
      -0.6563112735748291,
      -0.7544902563095093,
      0.0
    ],
    "front": [
      0.754490315914154,
      -0.6563112735748291,
      -0.0
    ],
    "below": [
      -0.0,
      -0.0,
      -1.0
    ],
    "behind": [
      -0.754490315914154,
      0.6563112735748291,
      0.0
    ],
    "right": [
      0.6563112735748291,
      0.7544902563095093,
      -0.0
    ]
  },
  "image_filename": "CLEVR_new_001019.png",
  "image_index": 1019,
  "relationships": {
    "front": [
      [
        1,
        7,
        8
      ],
      [],
      [
        0,
        1,
        6,
        7,
        8
      ],
      [
        0,
        1,
        2,
        4,
        5,
        6,
        7,
        8
      ],
      [
        0,
        1,
        2,
        6,
        7,
        8
      ],
      [
        0,
        1,
        2,
        4,
        6,
        7,
        8
      ],
      [
        0,
        1,
        7,
        8
      ],
      [
        1
      ],
      [
        1,
        7
      ],
      [
        0,
        1,
        2,
        3,
        4,
        5,
        6,
        7,
        8
      ]
    ],
    "left": [
      [
        2,
        4
      ],
      [
        0,
        2,
        4,
        5
      ],
      [],
      [
        0,
        1,
        2,
        4,
        5,
        9
      ],
      [
        2
      ],
      [
        0,
        2,
        4
      ],
      [
        0,
        1,
        2,
        3,
        4,
        5,
        9
      ],
      [
        0,
        1,
        2,
        3,
        4,
        5,
        6,
        9
      ],
      [
        0,
        1,
        2,
        3,
        4,
        5,
        6,
        7,
        9
      ],
      [
        0,
        1,
        2,
        4,
        5
      ]
    ],
    "behind": [
      [
        2,
        3,
        4,
        5,
        6,
        9
      ],
      [
        0,
        2,
        3,
        4,
        5,
        6,
        7,
        8,
        9
      ],
      [
        3,
        4,
        5,
        9
      ],
      [
        9
      ],
      [
        3,
        5,
        9
      ],
      [
        3,
        9
      ],
      [
        2,
        3,
        4,
        5,
        9
      ],
      [
        0,
        2,
        3,
        4,
        5,
        6,
        8,
        9
      ],
      [
        0,
        2,
        3,
        4,
        5,
        6,
        9
      ],
      []
    ],
    "right": [
      [
        1,
        3,
        5,
        6,
        7,
        8,
        9
      ],
      [
        3,
        6,
        7,
        8,
        9
      ],
      [
        0,
        1,
        3,
        4,
        5,
        6,
        7,
        8,
        9
      ],
      [
        6,
        7,
        8
      ],
      [
        0,
        1,
        3,
        5,
        6,
        7,
        8,
        9
      ],
      [
        1,
        3,
        6,
        7,
        8,
        9
      ],
      [
        7,
        8
      ],
      [
        8
      ],
      [],
      [
        3,
        6,
        7,
        8
      ]
    ]
  },
  "split": "new",
  "objects": [
    {
      "3d_coords": [
        -1.1368768215179443,
        -1.9542245864868164,
        0.30000001192092896
      ],
      "rotation": 247.48948347263828,
      "color": "red",
      "shape": "cube",
      "pixel_coords": [
        178,
        236,
        10.9432954788208
      ],
      "material": "rubber",
      "size": "small"
    },
    {
      "3d_coords": [
        1.8637717962265015,
        -1.8595765829086304,
        0.30000001192092896
      ],
      "rotation": 331.2621842199712,
      "color": "green",
      "shape": "sphere",
      "pixel_coords": [
        303,
        321,
        9.009002685546875
      ],
      "material": "rubber",
      "size": "small"
    },
    {
      "3d_coords": [
        -2.883013963699341,
        -2.863386869430542,
        0.30000001192092896
      ],
      "rotation": 119.44279435839242,
      "color": "yellow",
      "shape": "sphere",
      "pixel_coords": [
        76,
        214,
        11.591400146484375
      ],
      "material": "rubber",
      "size": "large"
    },
    {
      "3d_coords": [
        -1.5305811166763306,
        1.9253145456314087,
        0.30000001192092896
      ],
      "rotation": 224.13366248598734,
      "color": "cyan",
      "shape": "cylinder",
      "pixel_coords": [
        345,
        163,
        13.372990608215332
      ],
      "material": "rubber",
      "size": "large"
    },
    {
      "3d_coords": [
        -2.2657482624053955,
        -1.6839758157730103,
        0.30000001192092896
      ],
      "rotation": 205.74625986572454,
      "color": "gray",
      "shape": "sphere",
      "pixel_coords": [
        158,
        206,
        11.841991424560547
      ],
      "material": "rubber",
      "size": "large"
    },
    {
      "3d_coords": [
        -1.4930098056793213,
        0.5235329270362854,
        0.30000001192092896
      ],
      "rotation": 141.21129824865045,
      "color": "brown",
      "shape": "cylinder",
      "pixel_coords": [
        289,
        184,
        12.56440544128418
      ],
      "material": "rubber",
      "size": "large"
    },
    {
      "3d_coords": [
        0.7949012517929077,
        0.7184144258499146,
        0.30000001192092896
      ],
      "rotation": 194.69098535756177,
      "color": "blue",
      "shape": "sphere",
      "pixel_coords": [
        387,
        228,
        11.158167839050293
      ],
      "material": "rubber",
      "size": "small"
    },
    {
      "3d_coords": [
        2.8482553958892822,
        -0.15201877057552338,
        0.30000001192092896
      ],
      "rotation": 39.08462967906718,
      "color": "brown",
      "shape": "cylinder",
      "pixel_coords": [
        449,
        306,
        9.311675071716309
      ],
      "material": "rubber",
      "size": "large"
    },
    {
      "3d_coords": [
        2.951127529144287,
        2.108896255493164,
        0.30000001192092896
      ],
      "rotation": 188.16114626674695,
      "color": "gray",
      "shape": "sphere",
      "pixel_coords": [
        554,
        252,
        10.507572174072266
      ],
      "material": "rubber",
      "size": "small"
    },
    {
      "3d_coords": [
        -2.4028396606445312,
        2.1357803344726562,
        0.30000001192092896
      ],
      "rotation": 167.17698570091306,
      "color": "green",
      "shape": "cylinder",
      "pixel_coords": [
        324,
        147,
        14.068319320678711
      ],
      "material": "rubber",
      "size": "large"
    }
  ]
}