{
  "directions": {
    "above": [
      0.0,
      0.0,
      1.0
    ],
    "left": [
      -0.6563112735748291,
      -0.7544902563095093,
      0.0
    ],
    "front": [
      0.754490315914154,
      -0.6563112735748291,
      -0.0
    ],
    "below": [
      -0.0,
      -0.0,
      -1.0
    ],
    "behind": [
      -0.754490315914154,
      0.6563112735748291,
      0.0
    ],
    "right": [
      0.6563112735748291,
      0.7544902563095093,
      -0.0
    ]
  },
  "image_filename": "CLEVR_new_001024.png",
  "image_index": 1024,
  "relationships": {
    "front": [
      [
        1,
        2,
        3,
        4,
        5,
        6,
        7,
        8,
        9
      ],
      [
        5,
        6,
        8,
        9
      ],
      [
        1,
        5,
        6,
        8,
        9
      ],
      [
        1,
        2,
        4,
        5,
        6,
        8,
        9
      ],
      [
        1,
        2,
        5,
        6,
        8,
        9
      ],
      [
        9
      ],
      [
        5,
        9
      ],
      [
        1,
        2,
        3,
        4,
        5,
        6,
        8,
        9
      ],
      [
        5,
        6,
        9
      ],
      []
    ],
    "left": [
      [
        1,
        5,
        6
      ],
      [
        6
      ],
      [
        0,
        1,
        3,
        5,
        6,
        9
      ],
      [
        0,
        1,
        5,
        6,
        9
      ],
      [
        0,
        1,
        2,
        3,
        5,
        6,
        7,
        8,
        9
      ],
      [
        1,
        6
      ],
      [],
      [
        0,
        1,
        2,
        3,
        5,
        6,
        9
      ],
      [
        0,
        1,
        2,
        3,
        5,
        6,
        7,
        9
      ],
      [
        0,
        1,
        5,
        6
      ]
    ],
    "behind": [
      [],
      [
        0,
        2,
        3,
        4,
        7
      ],
      [
        0,
        3,
        4,
        7
      ],
      [
        0,
        7
      ],
      [
        0,
        3,
        7
      ],
      [
        0,
        1,
        2,
        3,
        4,
        6,
        7,
        8
      ],
      [
        0,
        1,
        2,
        3,
        4,
        7,
        8
      ],
      [
        0
      ],
      [
        0,
        1,
        2,
        3,
        4,
        7
      ],
      [
        0,
        1,
        2,
        3,
        4,
        5,
        6,
        7,
        8
      ]
    ],
    "right": [
      [
        2,
        3,
        4,
        7,
        8,
        9
      ],
      [
        0,
        2,
        3,
        4,
        5,
        7,
        8,
        9
      ],
      [
        4,
        7,
        8
      ],
      [
        2,
        4,
        7,
        8
      ],
      [],
      [
        0,
        2,
        3,
        4,
        7,
        8,
        9
      ],
      [
        0,
        1,
        2,
        3,
        4,
        5,
        7,
        8,
        9
      ],
      [
        4,
        8
      ],
      [
        4
      ],
      [
        2,
        3,
        4,
        7,
        8
      ]
    ]
  },
  "split": "new",
  "objects": [
    {
      "3d_coords": [
        -2.999433755874634,
        1.3185293674468994,
        0.30000001192092896
      ],
      "rotation": 290.04020696105965,
      "color": "yellow",
      "shape": "sphere",
      "pixel_coords": [
        271,
        153,
        13.944572448730469
      ],
      "material": "rubber",
      "size": "large"
    },
    {
      "3d_coords": [
        -0.7979828119277954,
        -1.7944221496582031,
        0.30000001192092896
      ],
      "rotation": 204.81222248521857,
      "color": "brown",
      "shape": "cylinder",
      "pixel_coords": [
        197,
        240,
        10.671112060546875
      ],
      "material": "rubber",
      "size": "large"
    },
    {
      "3d_coords": [
        0.4129820764064789,
        0.3666352927684784,
        0.30000001192092896
      ],
      "rotation": 66.1281899591965,
      "color": "red",
      "shape": "cube",
      "pixel_coords": [
        354,
        225,
        11.117738723754883
      ],
      "material": "rubber",
      "size": "small"
    },
    {
      "3d_coords": [
        -1.9462217092514038,
        1.527371883392334,
        0.30000001192092896
      ],
      "rotation": 64.52251960405762,
      "color": "green",
      "shape": "cube",
      "pixel_coords": [
        313,
        166,
        13.363715171813965
      ],
      "material": "rubber",
      "size": "small"
    },
    {
      "3d_coords": [
        0.4965279996395111,
        2.740992784500122,
        0.30000001192092896
      ],
      "rotation": 292.81494336353256,
      "color": "purple",
      "shape": "cylinder",
      "pixel_coords": [
        455,
        188,
        12.439604759216309
      ],
      "material": "rubber",
      "size": "small"
    },
    {
      "3d_coords": [
        1.1740156412124634,
        -2.8198018074035645,
        0.30000001192092896
      ],
      "rotation": 338.8988375611342,
      "color": "blue",
      "shape": "cube",
      "pixel_coords": [
        212,
        321,
        8.761760711669922
      ],
      "material": "rubber",
      "size": "large"
    },
    {
      "3d_coords": [
        0.035918205976486206,
        -2.887014865875244,
        0.30000001192092896
      ],
      "rotation": 138.08719127933804,
      "color": "red",
      "shape": "cube",
      "pixel_coords": [
        161,
        287,
        9.481369972229004
      ],
      "material": "rubber",
      "size": "small"
    },
    {
      "3d_coords": [
        -1.6823278665542603,
        2.479539394378662,
        0.30000001192092896
      ],
      "rotation": 187.7710792240566,
      "color": "red",
      "shape": "cylinder",
      "pixel_coords": [
        359,
        157,
        13.740243911743164
      ],
      "material": "rubber",
      "size": "large"
    },
    {
      "3d_coords": [
        1.7250001430511475,
        0.11173065751791,
        0.30000001192092896
      ],
      "rotation": 51.80672051323178,
      "color": "purple",
      "shape": "cylinder",
      "pixel_coords": [
        404,
        261,
        10.095314979553223
      ],
      "material": "rubber",
      "size": "large"
    },
    {
      "3d_coords": [
        2.0757157802581787,
        -2.6752519607543945,
        0.30000001192092896
      ],
      "rotation": 297.92620078840895,
      "color": "green",
      "shape": "cube",
      "pixel_coords": [
        264,
        350,
        8.244592666625977
      ],
      "material": "rubber",
      "size": "small"
    }
  ]
}