{
  "relationships": {
    "right": [
      [
        2
      ],
      [
        0,
        2,
        5
      ],
      [],
      [
        0,
        1,
        2,
        4,
        5,
        6,
        7
      ],
      [
        0,
        1,
        2,
        5
      ],
      [
        0,
        2
      ],
      [
        0,
        1,
        2,
        4,
        5,
        7
      ],
      [
        0,
        1,
        2,
        4,
        5
      ]
    ],
    "left": [
      [
        1,
        3,
        4,
        5,
        6,
        7
      ],
      [
        3,
        4,
        6,
        7
      ],
      [
        0,
        1,
        3,
        4,
        5,
        6,
        7
      ],
      [],
      [
        3,
        6,
        7
      ],
      [
        1,
        3,
        4,
        6,
        7
      ],
      [
        3
      ],
      [
        3,
        6
      ]
    ],
    "behind": [
      [
        2,
        3,
        4,
        5,
        6,
        7
      ],
      [
        0,
        2,
        3,
        4,
        5,
        6,
        7
      ],
      [
        3,
        4,
        5,
        7
      ],
      [
        4,
        7
      ],
      [
        7
      ],
      [
        3,
        4,
        7
      ],
      [
        2,
        3,
        4,
        5,
        7
      ],
      []
    ],
    "front": [
      [
        1
      ],
      [],
      [
        0,
        1,
        6
      ],
      [
        0,
        1,
        2,
        5,
        6
      ],
      [
        0,
        1,
        2,
        3,
        5,
        6
      ],
      [
        0,
        1,
        2,
        6
      ],
      [
        0,
        1
      ],
      [
        0,
        1,
        2,
        3,
        4,
        5,
        6
      ]
    ]
  },
  "image_index": 834,
  "directions": {
    "below": [
      -0.0,
      -0.0,
      -1.0
    ],
    "left": [
      -0.6563112735748291,
      -0.7544902563095093,
      0.0
    ],
    "above": [
      0.0,
      0.0,
      1.0
    ],
    "front": [
      0.754490315914154,
      -0.6563112735748291,
      -0.0
    ],
    "behind": [
      -0.754490315914154,
      0.6563112735748291,
      0.0
    ],
    "right": [
      0.6563112735748291,
      0.7544902563095093,
      -0.0
    ]
  },
  "objects": [
    {
      "shape": "cylinder",
      "pixel_coords": [
        443,
        251,
        10.78940200805664
      ],
      "color": "purple",
      "rotation": 254.5018372991402,
      "size": "large",
      "material": "rubber",
      "3d_coords": [
        1.9725834131240845,
        0.8021487593650818,
        0.30000001192092896
      ]
    },
    {
      "shape": "cube",
      "pixel_coords": [
        401,
        285,
        9.90296745300293
      ],
      "color": "blue",
      "rotation": 132.19474017140126,
      "size": "small",
      "material": "rubber",
      "3d_coords": [
        2.230921983718872,
        -0.41972780227661133,
        0.30000001192092896
      ]
    },
    {
      "shape": "sphere",
      "pixel_coords": [
        514,
        226,
        11.580920219421387
      ],
      "color": "brown",
      "rotation": 234.38874486060232,
      "size": "small",
      "material": "rubber",
      "3d_coords": [
        2.1557815074920654,
        2.368802070617676,
        0.30000001192092896
      ]
    },
    {
      "shape": "cube",
      "pixel_coords": [
        144,
        196,
        12.69177532196045
      ],
      "color": "yellow",
      "rotation": 63.28437414597656,
      "size": "large",
      "material": "rubber",
      "3d_coords": [
        -2.9828882217407227,
        -1.6331349611282349,
        0.30000001192092896
      ]
    },
    {
      "shape": "cube",
      "pixel_coords": [
        327,
        184,
        13.179262161254883
      ],
      "color": "blue",
      "rotation": 3.2741639131406064,
      "size": "small",
      "material": "rubber",
      "3d_coords": [
        -1.2159996032714844,
        1.2325395345687866,
        0.30000001192092896
      ]
    },
    {
      "shape": "cube",
      "pixel_coords": [
        413,
        211,
        12.084562301635742
      ],
      "color": "red",
      "rotation": 73.7443008056544,
      "size": "large",
      "material": "rubber",
      "3d_coords": [
        0.6761762499809265,
        1.5313894748687744,
        0.30000001192092896
      ]
    },
    {
      "shape": "cube",
      "pixel_coords": [
        146,
        238,
        11.191598892211914
      ],
      "color": "yellow",
      "rotation": 201.50523318899403,
      "size": "large",
      "material": "rubber",
      "3d_coords": [
        -1.445408821105957,
        -2.436603546142578,
        0.30000001192092896
      ]
    },
    {
      "shape": "sphere",
      "pixel_coords": [
        298,
        172,
        13.691507339477539
      ],
      "color": "green",
      "rotation": 287.7451851063573,
      "size": "large",
      "material": "rubber",
      "3d_coords": [
        -2.0230319499969482,
        1.1827664375305176,
        0.30000001192092896
      ]
    }
  ],
  "image_filename": "CLEVR_new_000834.png",
  "split": "new"
}