{
  "directions": {
    "below": [
      -0.0,
      -0.0,
      -1.0
    ],
    "above": [
      0.0,
      0.0,
      1.0
    ],
    "behind": [
      -0.754490315914154,
      0.6563112735748291,
      0.0
    ],
    "left": [
      -0.6563112735748291,
      -0.7544902563095093,
      0.0
    ],
    "right": [
      0.6563112735748291,
      0.7544902563095093,
      -0.0
    ],
    "front": [
      0.754490315914154,
      -0.6563112735748291,
      -0.0
    ]
  },
  "relationships": {
    "left": [
      [
        1,
        2,
        3,
        4,
        5,
        6,
        7,
        8,
        9,
        10,
        12,
        13,
        14,
        15
      ],
      [
        2,
        3,
        4,
        5,
        6,
        7,
        8,
        10,
        12,
        14
      ],
      [
        4,
        14
      ],
      [
        2,
        4,
        6,
        7,
        10,
        12,
        14
      ],
      [
        14
      ],
      [
        2,
        3,
        4,
        6,
        7,
        8,
        10,
        12,
        14
      ],
      [
        2,
        4,
        10,
        14
      ],
      [
        2,
        4,
        6,
        10,
        12,
        14
      ],
      [
        2,
        3,
        4,
        6,
        7,
        10,
        12,
        14
      ],
      [
        1,
        2,
        3,
        4,
        5,
        6,
        7,
        8,
        10,
        12,
        13,
        14,
        15
      ],
      [
        2,
        4,
        14
      ],
      [
        0,
        1,
        2,
        3,
        4,
        5,
        6,
        7,
        8,
        9,
        10,
        12,
        13,
        14,
        15
      ],
      [
        2,
        4,
        6,
        10,
        14
      ],
      [
        1,
        2,
        3,
        4,
        5,
        6,
        7,
        8,
        10,
        12,
        14
      ],
      [],
      [
        1,
        2,
        3,
        4,
        5,
        6,
        7,
        8,
        10,
        12,
        13,
        14
      ]
    ],
    "right": [
      [
        11
      ],
      [
        0,
        9,
        11,
        13,
        15
      ],
      [
        0,
        1,
        3,
        5,
        6,
        7,
        8,
        9,
        10,
        11,
        12,
        13,
        15
      ],
      [
        0,
        1,
        5,
        8,
        9,
        11,
        13,
        15
      ],
      [
        0,
        1,
        2,
        3,
        5,
        6,
        7,
        8,
        9,
        10,
        11,
        12,
        13,
        15
      ],
      [
        0,
        1,
        9,
        11,
        13,
        15
      ],
      [
        0,
        1,
        3,
        5,
        7,
        8,
        9,
        11,
        12,
        13,
        15
      ],
      [
        0,
        1,
        3,
        5,
        8,
        9,
        11,
        13,
        15
      ],
      [
        0,
        1,
        5,
        9,
        11,
        13,
        15
      ],
      [
        0,
        11
      ],
      [
        0,
        1,
        3,
        5,
        6,
        7,
        8,
        9,
        11,
        12,
        13,
        15
      ],
      [],
      [
        0,
        1,
        3,
        5,
        7,
        8,
        9,
        11,
        13,
        15
      ],
      [
        0,
        9,
        11,
        15
      ],
      [
        0,
        1,
        2,
        3,
        4,
        5,
        6,
        7,
        8,
        9,
        10,
        11,
        12,
        13,
        15
      ],
      [
        0,
        9,
        11
      ]
    ],
    "front": [
      [
        1,
        2,
        3,
        4,
        6,
        8,
        9,
        10,
        11,
        12,
        14
      ],
      [
        3
      ],
      [
        1,
        3,
        8,
        10,
        12
      ],
      [],
      [
        1,
        2,
        3,
        8,
        9,
        10,
        12
      ],
      [
        0,
        1,
        2,
        3,
        4,
        6,
        8,
        9,
        10,
        11,
        12,
        14
      ],
      [
        1,
        2,
        3,
        4,
        8,
        9,
        10,
        11,
        12
      ],
      [
        0,
        1,
        2,
        3,
        4,
        5,
        6,
        8,
        9,
        10,
        11,
        12,
        13,
        14,
        15
      ],
      [
        1,
        3,
        10,
        12
      ],
      [
        1,
        2,
        3,
        8,
        10,
        12
      ],
      [
        1,
        3,
        12
      ],
      [
        1,
        2,
        3,
        4,
        8,
        9,
        10,
        12
      ],
      [
        1,
        3
      ],
      [
        0,
        1,
        2,
        3,
        4,
        5,
        6,
        8,
        9,
        10,
        11,
        12,
        14
      ],
      [
        1,
        2,
        3,
        4,
        6,
        8,
        9,
        10,
        11,
        12
      ],
      [
        0,
        1,
        2,
        3,
        4,
        5,
        6,
        8,
        9,
        10,
        11,
        12,
        13,
        14
      ]
    ],
    "behind": [
      [
        5,
        7,
        13,
        15
      ],
      [
        0,
        2,
        4,
        5,
        6,
        7,
        8,
        9,
        10,
        11,
        12,
        13,
        14,
        15
      ],
      [
        0,
        4,
        5,
        6,
        7,
        9,
        11,
        13,
        14,
        15
      ],
      [
        0,
        1,
        2,
        4,
        5,
        6,
        7,
        8,
        9,
        10,
        11,
        12,
        13,
        14,
        15
      ],
      [
        0,
        5,
        6,
        7,
        11,
        13,
        14,
        15
      ],
      [
        7,
        13,
        15
      ],
      [
        0,
        5,
        7,
        13,
        14,
        15
      ],
      [],
      [
        0,
        2,
        4,
        5,
        6,
        7,
        9,
        11,
        13,
        14,
        15
      ],
      [
        0,
        4,
        5,
        6,
        7,
        11,
        13,
        14,
        15
      ],
      [
        0,
        2,
        4,
        5,
        6,
        7,
        8,
        9,
        11,
        13,
        14,
        15
      ],
      [
        0,
        5,
        6,
        7,
        13,
        14,
        15
      ],
      [
        0,
        2,
        4,
        5,
        6,
        7,
        8,
        9,
        10,
        11,
        13,
        14,
        15
      ],
      [
        7,
        15
      ],
      [
        0,
        5,
        7,
        13,
        15
      ],
      [
        7
      ]
    ]
  },
  "objects": [
    {
      "3d_coords": [
        0.739059329032898,
        2.641702890396118,
        0.30000001192092896
      ],
      "rotation": 331.54025242407346,
      "size": "small",
      "pixel_coords": [
        466,
        195,
        12.037979125976562
      ],
      "color": "cyan",
      "shape": "cube",
      "material": "rubber"
    },
    {
      "3d_coords": [
        2.6338067054748535,
        -1.610316514968872,
        0.30000001192092896
      ],
      "rotation": 356.91496295279205,
      "size": "small",
      "pixel_coords": [
        358,
        334,
        8.3178129196167
      ],
      "color": "purple",
      "shape": "sphere",
      "material": "rubber"
    },
    {
      "3d_coords": [
        -0.32008054852485657,
        -2.930333137512207,
        0.30000001192092896
      ],
      "rotation": 302.0807323187326,
      "size": "large",