{
  "directions": {
    "below": [
      -0.0,
      -0.0,
      -1.0
    ],
    "above": [
      0.0,
      0.0,
      1.0
    ],
    "behind": [
      -0.754490315914154,
      0.6563112735748291,
      0.0
    ],
    "left": [
      -0.6563112735748291,
      -0.7544902563095093,
      0.0
    ],
    "right": [
      0.6563112735748291,
      0.7544902563095093,
      -0.0
    ],
    "front": [
      0.754490315914154,
      -0.6563112735748291,
      -0.0
    ]
  },
  "relationships": {
    "left": [
      [
        12
      ],
      [
        0,
        2,
        3,
        4,
        5,
        6,
        7,
        9,
        12,
        13,
        14,
        15
      ],
      [
        0,
        4,
        5,
        6,
        7,
        9,
        12,
        13,
        14,
        15
      ],
      [
        0,
        2,
        4,
        5,
        6,
        7,
        9,
        12,
        13,
        14,
        15
      ],
      [
        0,
        6,
        7,
        12,
        13,
        14
      ],
      [
        0,
        4,
        6,
        7,
        12,
        13,
        14
      ],
      [
        0,
        12,
        13
      ],
      [
        0,
        6,
        12,
        13,
        14
      ],
      [
        0,
        1,
        2,
        3,
        4,
        5,
        6,
        7,
        9,
        10,
        11,
        12,
        13,
        14,
        15
      ],
      [
        0,
        4,
        5,
        6,
        7,
        12,
        13,
        14,
        15
      ],
      [
        0,
        1,
        2,
        3,
        4,
        5,
        6,
        7,
        9,
        12,
        13,
        14,
        15
      ],
      [
        0,
        1,
        2,
        3,
        4,
        5,
        6,
        7,
        9,
        10,
        12,
        13,
        14,
        15
      ],
      [],
      [
        0,
        12
      ],
      [
        0,
        6,
        12,
        13
      ],
      [
        0,
        4,
        5,
        6,
        7,
        12,
        13,
        14
      ]
    ],
    "right": [
      [
        1,
        2,
        3,
        4,
        5,
        6,
        7,
        8,
        9,
        10,
        11,
        13,
        14,
        15
      ],
      [
        8,
        10,
        11
      ],
      [
        1,
        3,
        8,
        10,
        11
      ],
      [
        1,
        8,
        10,
        11
      ],
      [
        1,
        2,
        3,
        5,
        8,
        9,
        10,
        11,
        15
      ],
      [
        1,
        2,
        3,
        8,
        9,
        10,
        11,
        15
      ],
      [
        1,
        2,
        3,
        4,
        5,
        7,
        8,
        9,
        10,
        11,
        14,
        15
      ],
      [
        1,
        2,
        3,
        4,
        5,
        8,
        9,
        10,
        11,
        15
      ],
      [],
      [
        1,
        2,
        3,
        8,
        10,
        11
      ],
      [
        8,
        11
      ],
      [
        8
      ],
      [
        0,
        1,
        2,
        3,
        4,
        5,
        6,
        7,
        8,
        9,
        10,
        11,
        13,
        14,
        15
      ],
      [
        1,
        2,
        3,
        4,
        5,
        6,
        7,
        8,
        9,
        10,
        11,
        14,
        15
      ],
      [
        1,
        2,
        3,
        4,
        5,
        7,
        8,
        9,
        10,
        11,
        15
      ],
      [
        1,
        2,
        3,
        8,
        9,
        10,
        11
      ]
    ],
    "front": [
      [
        1,
        2,
        3,
        4,
        5,
        7,
        8,
        9,
        11,
        12,
        13,
        14
      ],
      [
        4,
        5,
        13
      ],
      [
        1,
        3,
        4,
        5,
        7,
        8,
        9,
        11,
        12,
        13,
        14
      ],
      [
        1,
        4,
        5,
        8,
        13
      ],
      [
        5
      ],
      [],
      [
        0,
        1,
        2,
        3,
        4,
        5,
        7,
        8,
        9,
        10,
        11,
        12,
        13,
        14
      ],
      [
        1,
        3,
        4,
        5,
        8,
        9,
        11,
        12,
        13,
        14
      ],
      [
        1,
        4,
        5,
        13
      ],
      [
        1,
        3,
        4,
        5,
        8,
        13,
        14
      ],
      [
        0,
        1,
        2,
        3,
        4,
        5,
        7,
        8,
        9,
        11,
        12,
        13,
        14
      ],
      [
        1,
        3,
        4,
        5,
        8,
        9,
        13,
        14
      ],
      [
        1,
        3,
        4,
        5,
        8,
        9,
        11,
        13,
        14
      ],
      [
        4,
        5
      ],
      [
        1,
        3,
        4,
        5,
        8,
        13
      ],
      [
        0,
        1,
        2,
        3,
        4,
        5,
        6,
        7,
        8,
        9,
        10,
        11,
        12,
        13,
        14
      ]
    ],
    "behind": [
      [
        6,
        10,
        15
      ],
      [
        0,
        2,
        3,
        6,
        7,
        8,
        9,
        10,
        11,
        12,
        14,
        15
      ],
      [
        0,
        6,
        10,
        15
      ],
      [
        0,
        2,
        6,
        7,
        9,
        10,
        11,
        12,
        14,
        15
      ],
      [
        0,
        1,
        2,
        3,
        6,
        7,
        8,
        9,
        10,
        11,
        12,
        13,
        14,
        15
      ],
      [
        0,
        1,
        2,
        3,
        4,
        6,
        7,
        8,
        9,
        10,
        11,
        12,
        13,
        14,
        15
      ],
      [
        15
      ],
      [
        0,
        2,
        6,
        10,
        15
      ],
      [
        0,
        2,
        3,
        6,
        7,
        9,
        10,
        11,
        12,
        14,
        15
      ],
      [
        0,
        2,
        6,
        7,
        10,
        11,
        12,
        15
      ],
      [
        6,
        15
      ],
      [
        0,
        2,
        6,
        7,
        10,
        12,
        15
      ],
      [
        0,
        2,
        6,
        7,
        10,
        15
      ],
      [
        0,
        1,
        2,
        3,
        6,
        7,
        8,
        9,
        10,
        11,
        12,
        14,
        15
      ],
      [
        0,
        2,
        6,
        7,
        9,
        10,
        11,
        12,
        15
      ],
      []
    ]
  },
  "objects": [
    {
      "3d_coords": [
        -2.688892126083374,
        -0.5552827715873718,
        0.30000001192092896
      ],
      "rotation": 166.42601640183844,
      "size": "large",
      "pixel_coords": [
        193,
        180,
        12.178677558898926
      ],
      "color": "yellow",
      "shape": "sphere",
      "material": "rubber"
    },
    {
      "3d_coords": [
        2.3154239654541016,
        0.1243395283818245,
        0.30000001192092896
      ],
      "rotation": 143.0222066747766,
      "size": "small",
      "pixel_coords": [
        443,
        279,
        9.309179306030273
      ],
      "color": "yellow",
      "shape": "cube",
      "material": "rubber"
    },
    {
      "3d_coords": [
        -0.3724498748779297,
        1.5057193040847778,
        0.30000001192092896
      ],
      "rotation": 18.089505885672633,
      "size": "large",