{
  "directions": {
    "below": [
      -0.0,
      -0.0,
      -1.0
    ],
    "above": [
      0.0,
      0.0,
      1.0
    ],
    "behind": [
      -0.754490315914154,
      0.6563112735748291,
      0.0
    ],
    "left": [
      -0.6563112735748291,
      -0.7544902563095093,
      0.0
    ],
    "right": [
      0.6563112735748291,
      0.7544902563095093,
      -0.0
    ],
    "front": [
      0.754490315914154,
      -0.6563112735748291,
      -0.0
    ]
  },
  "relationships": {
    "left": [
      [
        11
      ],
      [
        0,
        11
      ],
      [
        0,
        1,
        11
      ],
      [
        0,
        1,
        2,
        8,
        11,
        12
      ],
      [
        0,
        1,
        2,
        3,
        8,
        9,
        11,
        12,
        15
      ],
      [
        0,
        1,
        2,
        3,
        4,
        7,
        8,
        9,
        10,
        11,
        12,
        13,
        15
      ],
      [
        0,
        1,
        2,
        3,
        4,
        5,
        7,
        8,
        9,
        10,
        11,
        12,
        13,
        15
      ],
      [
        0,
        1,
        2,
        3,
        4,
        8,
        9,
        11,
        12,
        15
      ],
      [
        0,
        1,
        2,
        11
      ],
      [
        0,
        1,
        2,
        3,
        8,
        11,
        12,
        15
      ],
      [
        0,
        1,
        2,
        3,
        4,
        7,
        8,
        9,
        11,
        12,
        13,
        15
      ],
      [],
      [
        0,
        1,
        2,
        8,
        11
      ],
      [
        0,
        1,
        2,
        3,
        4,
        7,
        8,
        9,
        11,
        12,
        15
      ],
      [
        0,
        1,
        2,
        3,
        4,
        5,
        6,
        7,
        8,
        9,
        10,
        11,
        12,
        13,
        15
      ],
      [
        0,
        1,
        2,
        3,
        8,
        11,
        12
      ]
    ],
    "right": [
      [
        1,
        2,
        3,
        4,
        5,
        6,
        7,
        8,
        9,
        10,
        12,
        13,
        14,
        15
      ],
      [
        2,
        3,
        4,
        5,
        6,
        7,
        8,
        9,
        10,
        12,
        13,
        14,
        15
      ],
      [
        3,
        4,
        5,
        6,
        7,
        8,
        9,
        10,
        12,
        13,
        14,
        15
      ],
      [
        4,
        5,
        6,
        7,
        9,
        10,
        13,
        14,
        15
      ],
      [
        5,
        6,
        7,
        10,
        13,
        14
      ],
      [
        6,
        14
      ],
      [
        14
      ],
      [
        5,
        6,
        10,
        13,
        14
      ],
      [
        3,
        4,
        5,
        6,
        7,
        9,
        10,
        12,
        13,
        14,
        15
      ],
      [
        4,
        5,
        6,
        7,
        10,
        13,
        14
      ],
      [
        5,
        6,
        14
      ],
      [
        0,
        1,
        2,
        3,
        4,
        5,
        6,
        7,
        8,
        9,
        10,
        12,
        13,
        14,
        15
      ],
      [
        3,
        4,
        5,
        6,
        7,
        9,
        10,
        13,
        14,
        15
      ],
      [
        5,
        6,
        10,
        14
      ],
      [],
      [
        4,
        5,
        6,
        7,
        9,
        10,
        13,
        14
      ]
    ],
    "front": [
      [
        1,
        5,
        6,
        7,
        9,
        10,
        11,
        12,
        14,
        15
      ],
      [
        9,
        12
      ],
      [
        0,
        1,
        5,
        6,
        7,
        9,
        10,
        11,
        12,
        13,
        14,
        15
      ],
      [
        0,
        1,
        2,
        4,
        5,
        6,
        7,
        8,
        9,
        10,
        11,
        12,
        13,
        14,
        15
      ],
      [
        0,
        1,
        2,
        5,
        6,
        7,
        8,
        9,
        10,
        11,
        12,
        13,
        14,
        15
      ],
      [
        1,
        9,
        12,
        15
      ],
      [
        1,
        5,
        7,
        9,
        10,
        11,
        12,
        14,
        15
      ],
      [
        1,
        5,
        9,
        10,
        11,
        12,
        14,
        15
      ],
      [
        0,
        1,
        2,
        5,
        6,
        7,
        9,
        10,
        11,
        12,
        13,
        14,
        15
      ],
      [
        12
      ],
      [
        1,
        5,
        9,
        11,
        12,
        14,
        15
      ],
      [
        1,
        5,
        9,
        12,
        14,
        15
      ],
      [],
      [
        0,
        1,
        5,
        6,
        7,
        9,
        10,
        11,
        12,
        14,
        15
      ],
      [
        1,
        5,
        9,
        12,
        15
      ],
      [
        1,
        9,
        12
      ]
    ],
    "behind": [
      [
        2,
        3,
        4,
        8,
        13
      ],
      [
        0,
        2,
        3,
        4,
        5,
        6,
        7,
        8,
        10,
        11,
        13,
        14,
        15
      ],
      [
        3,
        4,
        8
      ],
      [],
      [
        3
      ],
      [
        0,
        2,
        3,
        4,
        6,
        7,
        8,
        10,
        11,
        13,
        14
      ],
      [
        0,
        2,
        3,
        4,
        8,
        13
      ],
      [
        0,
        2,
        3,
        4,
        6,
        8,
        13
      ],
      [
        3,
        4
      ],
      [
        0,
        1,
        2,
        3,
        4,
        5,
        6,
        7,
        8,
        10,
        11,
        13,
        14,
        15
      ],
      [
        0,
        2,
        3,
        4,
        6,
        7,
        8,
        13
      ],
      [
        0,
        2,
        3,
        4,
        6,
        7,
        8,
        10,
        13
      ],
      [
        0,
        1,
        2,
        3,
        4,
        5,
        6,
        7,
        8,
        9,
        10,
        11,
        13,
        14,
        15
      ],
      [
        2,
        3,
        4,
        8
      ],
      [
        0,
        2,
        3,
        4,
        6,
        7,
        8,
        10,
        11,
        13
      ],
      [
        0,
        2,
        3,
        4,
        5,
        6,
        7,
        8,
        10,
        11,
        13,
        14
      ]
    ]
  },
  "objects": [
    {
      "3d_coords": [
        -2.198261022567749,
        -1.0304712057113647,
        0.30000001192092896
      ],
      "rotation": 37.58926697985955,
      "size": "large",
      "pixel_coords": [
        192,
        201,
        12.249486923217773
      ],
      "color": "red",
      "shape": "cylinder",
      "material": "rubber"
    },
    {
      "3d_coords": [
        -0.06458495557308197,
        -2.573586940765381,
        0.30000001192092896
      ],
      "rotation": 223.17400823569488,
      "size": "small",
      "pixel_coords": [
        182,
        273,
        9.9007568359375
      ],
      "color": "yellow",
      "shape": "cube",
      "material": "rubber"
    },
    {
      "3d_coords": [
        -2.5148439407348633,
        0.5693037509918213,
        0.30000001192092896
      ],
      "rotation": 129.23920907042685,
      "size": "small",