{
  "relationships": {
    "right": [
      [
        2,
        3,
        4,
        6,
        7
      ],
      [
        0,
        2,
        3,
        4,
        6,
        7
      ],
      [
        3,
        6,
        7
      ],
      [],
      [
        2,
        3,
        6,
        7
      ],
      [
        0,
        1,
        2,
        3,
        4,
        6,
        7
      ],
      [
        3
      ],
      [
        3,
        6
      ]
    ],
    "left": [
      [
        1,
        5
      ],
      [
        5
      ],
      [
        0,
        1,
        4,
        5
      ],
      [
        0,
        1,
        2,
        4,
        5,
        6,
        7
      ],
      [
        0,
        1,
        5
      ],
      [],
      [
        0,
        1,
        2,
        4,
        5,
        7
      ],
      [
        0,
        1,
        2,
        4,
        5
      ]
    ],
    "behind": [
      [
        3,
        7
      ],
      [
        0,
        2,
        3,
        5,
        6,
        7
      ],
      [
        0,
        3,
        7
      ],
      [
        7
      ],
      [
        0,
        1,
        2,
        3,
        5,
        6,
        7
      ],
      [
        0,
        2,
        3,
        7
      ],
      [
        0,
        2,
        3,
        5,
        7
      ],
      []
    ],
    "front": [
      [
        1,
        2,
        4,
        5,
        6
      ],
      [
        4
      ],
      [
        1,
        4,
        5,
        6
      ],
      [
        0,
        1,
        2,
        4,
        5,
        6
      ],
      [],
      [
        1,
        4,
        6
      ],
      [
        1,
        4
      ],
      [
        0,
        1,
        2,
        3,
        4,
        5,
        6
      ]
    ]
  },
  "image_index": 845,
  "directions": {
    "below": [
      -0.0,
      -0.0,
      -1.0
    ],
    "left": [
      -0.6563112735748291,
      -0.7544902563095093,
      0.0
    ],
    "above": [
      0.0,
      0.0,
      1.0
    ],
    "front": [
      0.754490315914154,
      -0.6563112735748291,
      -0.0
    ],
    "behind": [
      -0.754490315914154,
      0.6563112735748291,
      0.0
    ],
    "right": [
      0.6563112735748291,
      0.7544902563095093,
      -0.0
    ]
  },
  "objects": [
    {
      "shape": "cube",
      "pixel_coords": [
        274,
        209,
        11.94272232055664
      ],
      "color": "red",
      "rotation": 161.58675112959511,
      "size": "large",
      "material": "rubber",
      "3d_coords": [
        -0.9600034952163696,
        -0.20801126956939697,
        0.30000001192092896
      ]
    },
    {
      "shape": "cube",
      "pixel_coords": [
        131,
        265,
        10.184033393859863
      ],
      "color": "cyan",
      "rotation": 261.3910737958465,
      "size": "large",
      "material": "rubber",
      "3d_coords": [
        -0.7669669985771179,
        -2.9849042892456055,
        0.30000001192092896
      ]
    },
    {
      "shape": "sphere",
      "pixel_coords": [
        364,
        216,
        11.676950454711914
      ],
      "color": "brown",
      "rotation": 282.4850957842693,
      "size": "small",
      "material": "rubber",
      "3d_coords": [
        0.2702208459377289,
        0.7468401193618774,
        0.30000001192092896
      ]
    },
    {
      "shape": "cylinder",
      "pixel_coords": [
        452,
        191,
        12.626276016235352
      ],
      "color": "purple",
      "rotation": 261.83013374665,
      "size": "large",
      "material": "rubber",
      "3d_coords": [
        0.5537948608398438,
        2.6895556449890137,
        0.30000001192092896
      ]
    },
    {
      "shape": "cylinder",
      "pixel_coords": [
        311,
        314,
        9.008021354675293
      ],
      "color": "gray",
      "rotation": 213.14880713160693,
      "size": "large",
      "material": "rubber",
      "3d_coords": [
        1.9575743675231934,
        -1.871509075164795,
        0.30000001192092896
      ]
    },
    {
      "shape": "sphere",
      "pixel_coords": [
        84,
        224,
        11.405301094055176
      ],
      "color": "gray",
      "rotation": 357.5024533037634,
      "size": "small",
      "material": "rubber",
      "3d_coords": [
        -2.5210959911346436,
        -2.9106104373931885,
        0.30000001192092896
      ]
    },
    {
      "shape": "sphere",
      "pixel_coords": [
        425,
        231,
        11.163358688354492
      ],
      "color": "gray",
      "rotation": 221.0174923842974,
      "size": "large",
      "material": "rubber",
      "3d_coords": [
        1.320637583732605,
        1.0734940767288208,
        0.30000001192092896
      ]
    },
    {
      "shape": "sphere",
      "pixel_coords": [
        370,
        163,
        13.928479194641113
      ],
      "color": "gray",
      "rotation": 286.68547698299824,
      "size": "large",
      "material": "rubber",
      "3d_coords": [
        -1.4665051698684692,
        2.597200870513916,
        0.30000001192092896
      ]
    }
  ],
  "image_filename": "CLEVR_new_000845.png",
  "split": "new"
}