{
  "relationships": {
    "right": [
      [
        1,
        2,
        3,
        4,
        5,
        6
      ],
      [
        2,
        6
      ],
      [
        6
      ],
      [
        1,
        2,
        6
      ],
      [
        1,
        2,
        3,
        6
      ],
      [
        1,
        2,
        3,
        4,
        6
      ],
      [],
      [
        0,
        1,
        2,
        3,
        4,
        5,
        6
      ]
    ],
    "left": [
      [
        7
      ],
      [
        0,
        3,
        4,
        5,
        7
      ],
      [
        0,
        1,
        3,
        4,
        5,
        7
      ],
      [
        0,
        4,
        5,
        7
      ],
      [
        0,
        5,
        7
      ],
      [
        0,
        7
      ],
      [
        0,
        1,
        2,
        3,
        4,
        5,
        7
      ],
      []
    ],
    "behind": [
      [
        1,
        2,
        3,
        4
      ],
      [
        3
      ],
      [
        1,
        3,
        4
      ],
      [],
      [
        1,
        3
      ],
      [
        0,
        1,
        2,
        3,
        4,
        6,
        7
      ],
      [
        0,
        1,
        2,
        3,
        4,
        7
      ],
      [
        0,
        1,
        2,
        3,
        4
      ]
    ],
    "front": [
      [
        5,
        6,
        7
      ],
      [
        0,
        2,
        4,
        5,
        6,
        7
      ],
      [
        0,
        5,
        6,
        7
      ],
      [
        0,
        1,
        2,
        4,
        5,
        6,
        7
      ],
      [
        0,
        2,
        5,
        6,
        7
      ],
      [],
      [
        5
      ],
      [
        5,
        6
      ]
    ]
  },
  "image_index": 846,
  "directions": {
    "below": [
      -0.0,
      -0.0,
      -1.0
    ],
    "left": [
      -0.6563112735748291,
      -0.7544902563095093,
      0.0
    ],
    "above": [
      0.0,
      0.0,
      1.0
    ],
    "front": [
      0.754490315914154,
      -0.6563112735748291,
      -0.0
    ],
    "behind": [
      -0.754490315914154,
      0.6563112735748291,
      0.0
    ],
    "right": [
      0.6563112735748291,
      0.7544902563095093,
      -0.0
    ]
  },
  "objects": [
    {
      "shape": "cube",
      "pixel_coords": [
        233,
        203,
        11.30688190460205
      ],
      "color": "gray",
      "rotation": 44.7557373666186,
      "size": "small",
      "material": "rubber",
      "3d_coords": [
        -1.4365004301071167,
        -0.635216236114502,
        0.30000001192092896
      ]
    },
    {
      "shape": "cylinder",
      "pixel_coords": [
        433,
        176,
        12.30865478515625
      ],
      "color": "green",
      "rotation": 229.31931374702864,
      "size": "large",
      "material": "rubber",
      "3d_coords": [
        -0.14327524602413177,
        2.6981215476989746,
        0.30000001192092896
      ]
    },
    {
      "shape": "cylinder",
      "pixel_coords": [
        471,
        198,
        11.478981971740723
      ],
      "color": "blue",
      "rotation": 205.02444204983445,
      "size": "large",
      "material": "rubber",
      "3d_coords": [
        0.8961584568023682,
        2.478407859802246,
        0.30000001192092896
      ]
    },
    {
      "shape": "sphere",
      "pixel_coords": [
        363,
        156,
        13.178604125976562
      ],
      "color": "purple",
      "rotation": 117.15725491258573,
      "size": "large",
      "material": "rubber",
      "3d_coords": [
        -1.6565788984298706,
        2.418724298477173,
        0.30000001192092896
      ]
    },
    {
      "shape": "sphere",
      "pixel_coords": [
        334,
        182,
        12.082096099853516
      ],
      "color": "red",
      "rotation": 267.91867835734735,
      "size": "small",
      "material": "rubber",
      "3d_coords": [
        -1.053943395614624,
        1.1999703645706177,
        0.30000001192092896
      ]
    },
    {
      "shape": "cylinder",
      "pixel_coords": [
        283,
        322,
        8.359736442565918
      ],
      "color": "brown",
      "rotation": 80.06350416817854,
      "size": "large",
      "material": "rubber",
      "3d_coords": [
        1.7458243370056152,
        -2.0296144485473633,
        0.30000001192092896
      ]
    },
    {
      "shape": "sphere",
      "pixel_coords": [
        574,
        237,
        10.262630462646484
      ],
      "color": "cyan",
      "rotation": 158.070245691673,
      "size": "small",
      "material": "rubber",
      "3d_coords": [
        2.755681037902832,
        2.560408592224121,
        0.30000001192092896
      ]
    },
    {
      "shape": "cylinder",
      "pixel_coords": [
        138,
        215,
        10.92369270324707
      ],
      "color": "cyan",
      "rotation": 293.006319190536,
      "size": "large",
      "material": "rubber",
      "3d_coords": [
        -2.01721453666687,
        -2.013845443725586,
        0.30000001192092896
      ]
    }
  ],
  "image_filename": "CLEVR_new_000846.png",
  "split": "new"
}