{
  "directions": {
    "above": [
      0.0,
      0.0,
      1.0
    ],
    "left": [
      -0.6563112735748291,
      -0.7544902563095093,
      0.0
    ],
    "front": [
      0.754490315914154,
      -0.6563112735748291,
      -0.0
    ],
    "below": [
      -0.0,
      -0.0,
      -1.0
    ],
    "behind": [
      -0.754490315914154,
      0.6563112735748291,
      0.0
    ],
    "right": [
      0.6563112735748291,
      0.7544902563095093,
      -0.0
    ]
  },
  "image_filename": "CLEVR_new_001032.png",
  "image_index": 1032,
  "relationships": {
    "front": [
      [
        1,
        2,
        3,
        4,
        5,
        6,
        7,
        8,
        9
      ],
      [],
      [
        1,
        4,
        6,
        9
      ],
      [
        1,
        2,
        4,
        6,
        7,
        9
      ],
      [
        1,
        6,
        9
      ],
      [
        1,
        2,
        3,
        4,
        6,
        7,
        8,
        9
      ],
      [
        1,
        9
      ],
      [
        1,
        2,
        4,
        6,
        9
      ],
      [
        1,
        2,
        3,
        4,
        6,
        7,
        9
      ],
      [
        1
      ]
    ],
    "left": [
      [
        3,
        6
      ],
      [
        0,
        3,
        6
      ],
      [
        0,
        1,
        3,
        6
      ],
      [
        6
      ],
      [
        0,
        1,
        2,
        3,
        5,
        6,
        8,
        9
      ],
      [
        0,
        1,
        2,
        3,
        6,
        8,
        9
      ],
      [],
      [
        0,
        1,
        2,
        3,
        4,
        5,
        6,
        8,
        9
      ],
      [
        0,
        1,
        2,
        3,
        6
      ],
      [
        0,
        1,
        2,
        3,
        6,
        8
      ]
    ],
    "behind": [
      [],
      [
        0,
        2,
        3,
        4,
        5,
        6,
        7,
        8,
        9
      ],
      [
        0,
        3,
        5,
        7,
        8
      ],
      [
        0,
        5,
        8
      ],
      [
        0,
        2,
        3,
        5,
        7,
        8
      ],
      [
        0
      ],
      [
        0,
        2,
        3,
        4,
        5,
        7,
        8
      ],
      [
        0,
        3,
        5,
        8
      ],
      [
        0,
        5
      ],
      [
        0,
        2,
        3,
        4,
        5,
        6,
        7,
        8
      ]
    ],
    "right": [
      [
        1,
        2,
        4,
        5,
        7,
        8,
        9
      ],
      [
        2,
        4,
        5,
        7,
        8,
        9
      ],
      [
        4,
        5,
        7,
        8,
        9
      ],
      [
        0,
        1,
        2,
        4,
        5,
        7,
        8,
        9
      ],
      [
        7
      ],
      [
        4,
        7
      ],
      [
        0,
        1,
        2,
        3,
        4,
        5,
        7,
        8,
        9
      ],
      [],
      [
        4,
        5,
        7,
        9
      ],
      [
        4,
        5,
        7
      ]
    ]
  },
  "split": "new",
  "objects": [
    {
      "3d_coords": [
        -2.8403775691986084,
        0.6428322792053223,
        0.30000001192092896
      ],
      "rotation": 305.1732855748166,
      "color": "red",
      "shape": "sphere",
      "pixel_coords": [
        247,
        161,
        13.035236358642578
      ],
      "material": "rubber",
      "size": "small"
    },
    {
      "3d_coords": [
        1.5585154294967651,
        -1.9494690895080566,
        0.30000001192092896
      ],
      "rotation": 232.65476685876112,
      "color": "yellow",
      "shape": "sphere",
      "pixel_coords": [
        283,
        312,
        8.600379943847656
      ],
      "material": "rubber",
      "size": "small"
    },
    {
      "3d_coords": [
        0.5432224869728088,
        -0.21532891690731049,
        0.30000001192092896
      ],
      "rotation": 175.24993287994425,
      "color": "purple",
      "shape": "sphere",
      "pixel_coords": [
        333,
        240,
        10.278792381286621
      ],
      "material": "rubber",
      "size": "large"
    },
    {
      "3d_coords": [
        -1.5738863945007324,
        -1.2891321182250977,
        0.30000001192092896
      ],
      "rotation": 21.786374081099737,
      "color": "brown",
      "shape": "cube",
      "pixel_coords": [
        193,
        213,
        11.074867248535156
      ],
      "material": "rubber",
      "size": "large"
    },
    {
      "3d_coords": [
        2.5593719482421875,
        0.9212557077407837,
        0.30000001192092896
      ],
      "rotation": 184.17732357150612,
      "color": "cyan",
      "shape": "sphere",
      "pixel_coords": [
        493,
        267,
        9.586396217346191
      ],
      "material": "rubber",
      "size": "large"
    },
    {
      "3d_coords": [
        -0.27566251158714294,
        2.2225091457366943,
        0.30000001192092896
      ],
      "rotation": 145.65712638012187,
      "color": "yellow",
      "shape": "cube",
      "pixel_coords": [
        406,
        180,
        12.231612205505371
      ],
      "material": "rubber",
      "size": "small"
    },
    {
      "3d_coords": [
        -0.39978063106536865,
        -2.8516862392425537,
        0.30000001192092896
      ],
      "rotation": 230.3587134640708,
      "color": "green",
      "shape": "sphere",
      "pixel_coords": [
        140,
        275,
        9.389222145080566
      ],
      "material": "rubber",
      "size": "large"
    },
    {
      "3d_coords": [
        2.15509295463562,
        2.595991611480713,
        0.30000001192092896
      ],
      "rotation": 85.66770591220153,
      "color": "brown",
      "shape": "cylinder",
      "pixel_coords": [
        538,
        221,
        10.822139739990234
      ],
      "material": "rubber",
      "size": "large"
    },
    {
      "3d_coords": [
        -0.02326652780175209,
        0.8035187125205994,
        0.30000001192092896
      ],
      "rotation": 343.9603417769265,
      "color": "blue",
      "shape": "sphere",
      "pixel_coords": [
        357,
        208,
        11.244832038879395
      ],
      "material": "rubber",
      "size": "large"
    },
    {
      "3d_coords": [
        2.262356758117676,
        -0.4042414128780365,
        0.30000001192092896
      ],
      "rotation": 272.68136966188075,
      "color": "blue",
      "shape": "cylinder",
      "pixel_coords": [
        411,
        292,
        9.020759582519531
      ],
      "material": "rubber",
      "size": "small"
    }
  ]
}