{
  "directions": {
    "below": [
      -0.0,
      -0.0,
      -1.0
    ],
    "above": [
      0.0,
      0.0,
      1.0
    ],
    "behind": [
      -0.754490315914154,
      0.6563112735748291,
      0.0
    ],
    "left": [
      -0.6563112735748291,
      -0.7544902563095093,
      0.0
    ],
    "right": [
      0.6563112735748291,
      0.7544902563095093,
      -0.0
    ],
    "front": [
      0.754490315914154,
      -0.6563112735748291,
      -0.0
    ]
  },
  "relationships": {
    "left": [
      [
        2,
        5,
        6
      ],
      [
        0,
        2,
        3,
        4,
        5,
        6,
        7,
        8,
        9,
        10,
        11,
        12,
        13,
        14,
        15
      ],
      [
        5
      ],
      [
        0,
        2,
        5,
        6
      ],
      [
        0,
        2,
        3,
        5,
        6,
        9,
        12
      ],
      [],
      [
        2,
        5
      ],
      [
        0,
        2,
        3,
        4,
        5,
        6,
        8,
        9,
        11,
        12,
        15
      ],
      [
        0,
        2,
        3,
        4,
        5,
        6,
        9,
        12
      ],
      [
        0,
        2,
        3,
        5,
        6
      ],
      [
        0,
        2,
        3,
        4,
        5,
        6,
        7,
        8,
        9,
        11,
        12,
        13,
        15
      ],
      [
        0,
        2,
        3,
        4,
        5,
        6,
        8,
        9,
        12,
        15
      ],
      [
        0,
        2,
        3,
        5,
        6,
        9
      ],
      [
        0,
        2,
        3,
        4,
        5,
        6,
        7,
        8,
        9,
        11,
        12,
        15
      ],
      [
        0,
        2,
        3,
        4,
        5,
        6,
        7,
        8,
        9,
        10,
        11,
        12,
        13,
        15
      ],
      [
        0,
        2,
        3,
        4,
        5,
        6,
        8,
        9,
        12
      ]
    ],
    "right": [
      [
        1,
        3,
        4,
        7,
        8,
        9,
        10,
        11,
        12,
        13,
        14,
        15
      ],
      [],
      [
        0,
        1,
        3,
        4,
        6,
        7,
        8,
        9,
        10,
        11,
        12,
        13,
        14,
        15
      ],
      [
        1,
        4,
        7,
        8,
        9,
        10,
        11,
        12,
        13,
        14,
        15
      ],
      [
        1,
        7,
        8,
        10,
        11,
        13,
        14,
        15
      ],
      [
        0,
        1,
        2,
        3,
        4,
        6,
        7,
        8,
        9,
        10,
        11,
        12,
        13,
        14,
        15
      ],
      [
        0,
        1,
        3,
        4,
        7,
        8,
        9,
        10,
        11,
        12,
        13,
        14,
        15
      ],
      [
        1,
        10,
        13,
        14
      ],
      [
        1,
        7,
        10,
        11,
        13,
        14,
        15
      ],
      [
        1,
        4,
        7,
        8,
        10,
        11,
        12,
        13,
        14,
        15
      ],
      [
        1,
        14
      ],
      [
        1,
        7,
        10,
        13,
        14
      ],
      [
        1,
        4,
        7,
        8,
        10,
        11,
        13,
        14,
        15
      ],
      [
        1,
        10,
        14
      ],
      [
        1
      ],
      [
        1,
        7,
        10,
        11,
        13,
        14
      ]
    ],
    "front": [
      [
        1,
        2,
        3,
        4,
        5,
        6,
        7,
        8,
        10,
        11,
        12,
        13,
        14
      ],
      [
        3,
        4,
        5,
        6,
        7,
        8,
        12,
        13,
        14
      ],
      [
        1,
        3,
        4,
        5,
        6,
        7,
        8,
        11,
        12,
        13,
        14
      ],
      [
        4,
        6,
        7,
        12,
        13,
        14
      ],
      [],
      [
        3,
        4,
        6,
        7,
        8,
        12,
        13,
        14
      ],
      [
        4,
        7
      ],
      [
        4
      ],
      [
        3,
        4,
        6,
        7,
        12,
        13,
        14
      ],
      [
        0,
        1,
        2,
        3,
        4,
        5,
        6,
        7,
        8,
        10,
        11,
        12,
        13,
        14,
        15
      ],
      [
        1,
        2,
        3,
        4,
        5,
        6,
        7,
        8,
        11,
        12,
        13,
        14
      ],
      [
        1,
        3,
        4,
        5,
        6,
        7,
        8,
        12,
        13,
        14
      ],
      [
        4,
        6,
        7
      ],
      [
        4,
        6,
        7,
        12
      ],
      [
        4,
        6,
        7,
        12,
        13
      ],
      [
        0,
        1,
        2,
        3,
        4,
        5,
        6,
        7,
        8,
        10,
        11,
        12,
        13,
        14
      ]
    ],
    "behind": [
      [
        9,
        15
      ],
      [
        0,
        2,
        9,
        10,
        11,
        15
      ],
      [
        0,
        9,
        10,
        15
      ],
      [
        0,
        1,
        2,
        5,
        8,
        9,
        10,
        11,
        15
      ],
      [
        0,
        1,
        2,
        3,
        5,
        6,
        7,
        8,
        9,
        10,
        11,
        12,
        13,
        14,
        15
      ],
      [
        0,
        1,
        2,
        9,
        10,
        11,
        15
      ],
      [
        0,
        1,
        2,
        3,
        5,
        8,
        9,
        10,
        11,
        12,
        13,
        14,
        15
      ],
      [
        0,
        1,
        2,
        3,
        5,
        6,
        8,
        9,
        10,
        11,
        12,
        13,
        14,
        15
      ],
      [
        0,
        1,
        2,
        5,
        9,
        10,
        11,
        15
      ],
      [],
      [
        0,
        9,
        15
      ],
      [
        0,
        2,
        9,
        10,
        15
      ],
      [
        0,
        1,
        2,
        3,
        5,
        8,
        9,
        10,
        11,
        13,
        14,
        15
      ],
      [
        0,
        1,
        2,
        3,
        5,
        8,
        9,
        10,
        11,
        14,
        15
      ],
      [
        0,
        1,
        2,
        3,
        5,
        8,
        9,
        10,
        11,
        15
      ],
      [
        9
      ]
    ]
  },
  "objects": [
    {
      "3d_coords": [
        -2.849036931991577,
        0.18698039650917053,
        0.30000001192092896
      ],
      "rotation": 31.643673424469092,
      "size": "large",
      "pixel_coords": [
        228,
        164,
        12.930883407592773
      ],
      "color": "brown",
      "shape": "cylinder",
      "material": "rubber"
    },
    {
      "3d_coords": [
        1.6676809787750244,
        2.593858480453491,
        0.30000001192092896
      ],
      "rotation": 249.01158217899535,
      "size": "large",
      "pixel_coords": [
        509,
        211,
        11.294076919555664
      ],
      "color": "yellow",
      "shape": "cube",
      "material": "rubber"
    },
    {
      "3d_coords": [
        -2.7976458072662354,
        -0.8364859819412231,
        0.30000001192092896
      ],
      "rotation": 96.19608386730077,
      "size": "large",