{
  "directions": {
    "below": [
      -0.0,
      -0.0,
      -1.0
    ],
    "above": [
      0.0,
      0.0,
      1.0
    ],
    "behind": [
      -0.754490315914154,
      0.6563112735748291,
      0.0
    ],
    "left": [
      -0.6563112735748291,
      -0.7544902563095093,
      0.0
    ],
    "right": [
      0.6563112735748291,
      0.7544902563095093,
      -0.0
    ],
    "front": [
      0.754490315914154,
      -0.6563112735748291,
      -0.0
    ]
  },
  "relationships": {
    "left": [
      [
        2
      ],
      [
        0,
        2,
        3,
        4,
        5,
        6,
        7,
        8,
        9,
        10,
        11,
        12,
        13,
        14,
        15
      ],
      [],
      [
        0,
        2,
        4,
        5,
        7,
        8,
        9,
        13,
        14
      ],
      [
        0,
        2,
        5,
        13,
        14
      ],
      [
        0,
        2,
        13
      ],
      [
        0,
        2,
        3,
        4,
        5,
        7,
        8,
        9,
        11,
        13,
        14
      ],
      [
        0,
        2,
        4,
        5,
        8,
        9,
        13,
        14
      ],
      [
        0,
        2,
        4,
        5,
        9,
        13,
        14
      ],
      [
        0,
        2,
        4,
        5,
        13,
        14
      ],
      [
        0,
        2,
        3,
        4,
        5,
        6,
        7,
        8,
        9,
        11,
        13,
        14
      ],
      [
        0,
        2,
        3,
        4,
        5,
        7,
        8,
        9,
        13,
        14
      ],
      [
        0,
        2,
        3,
        4,
        5,
        6,
        7,
        8,
        9,
        10,
        11,
        13,
        14,
        15
      ],
      [
        0,
        2
      ],
      [
        0,
        2,
        5,
        13
      ],
      [
        0,
        2,
        3,
        4,
        5,
        6,
        7,
        8,
        9,
        10,
        11,
        13,
        14
      ]
    ],
    "right": [
      [
        1,
        3,
        4,
        5,
        6,
        7,
        8,
        9,
        10,
        11,
        12,
        13,
        14,
        15
      ],
      [],
      [
        0,
        1,
        3,
        4,
        5,
        6,
        7,
        8,
        9,
        10,
        11,
        12,
        13,
        14,
        15
      ],
      [
        1,
        6,
        10,
        11,
        12,
        15
      ],
      [
        1,
        3,
        6,
        7,
        8,
        9,
        10,
        11,
        12,
        15
      ],
      [
        1,
        3,
        4,
        6,
        7,
        8,
        9,
        10,
        11,
        12,
        14,
        15
      ],
      [
        1,
        10,
        12,
        15
      ],
      [
        1,
        3,
        6,
        10,
        11,
        12,
        15
      ],
      [
        1,
        3,
        6,
        7,
        10,
        11,
        12,
        15
      ],
      [
        1,
        3,
        6,
        7,
        8,
        10,
        11,
        12,
        15
      ],
      [
        1,
        12,
        15
      ],
      [
        1,
        6,
        10,
        12,
        15
      ],
      [
        1
      ],
      [
        1,
        3,
        4,
        5,
        6,
        7,
        8,
        9,
        10,
        11,
        12,
        14,
        15
      ],
      [
        1,
        3,
        4,
        6,
        7,
        8,
        9,
        10,
        11,
        12,
        15
      ],
      [
        1,
        12
      ]
    ],
    "front": [
      [
        1,
        2,
        3,
        4,
        7,
        8,
        10,
        12,
        13,
        14,
        15
      ],
      [
        3,
        7,
        8,
        12,
        14,
        15
      ],
      [
        1,
        3,
        7,
        8,
        12,
        13,
        14,
        15
      ],
      [
        7,
        8,
        14
      ],
      [
        1,
        2,
        3,
        7,
        8,
        10,
        12,
        13,
        14,
        15
      ],
      [
        0,
        1,
        2,
        3,
        4,
        7,
        8,
        10,
        12,
        13,
        14,
        15
      ],
      [
        0,
        1,
        2,
        3,
        4,
        5,
        7,
        8,
        10,
        12,
        13,
        14,
        15
      ],
      [
        8,
        14
      ],
      [],
      [
        0,
        1,
        2,
        3,
        4,
        5,
        6,
        7,
        8,
        10,
        11,
        12,
        13,
        14,
        15
      ],
      [
        1,
        2,
        3,
        7,
        8,
        12,
        13,
        14,
        15
      ],
      [
        0,
        1,
        2,
        3,
        4,
        5,
        6,
        7,
        8,
        10,
        12,
        13,
        14,
        15
      ],
      [
        3,
        7,
        8,
        14,
        15
      ],
      [
        1,
        3,
        7,
        8,
        12,
        14,
        15
      ],
      [
        8
      ],
      [
        3,
        7,
        8,
        14
      ]
    ],
    "behind": [
      [
        5,
        6,
        9,
        11
      ],
      [
        0,
        2,
        4,
        5,
        6,
        9,
        10,
        11,
        13
      ],
      [
        0,
        4,
        5,
        6,
        9,
        10,
        11
      ],
      [
        0,
        1,
        2,
        4,
        5,
        6,
        9,
        10,
        11,
        12,
        13,
        15
      ],
      [
        0,
        5,
        6,
        9,
        11
      ],
      [
        6,
        9,
        11
      ],
      [
        9,
        11
      ],
      [
        0,
        1,
        2,
        3,
        4,
        5,
        6,
        9,
        10,
        11,
        12,
        13,
        15
      ],
      [
        0,
        1,
        2,
        3,
        4,
        5,
        6,
        7,
        9,
        10,
        11,
        12,
        13,
        14,
        15
      ],
      [],
      [
        0,
        4,
        5,
        6,
        9,
        11
      ],
      [
        9
      ],
      [
        0,
        1,
        2,
        4,
        5,
        6,
        9,
        10,
        11,
        13
      ],
      [
        0,
        2,
        4,
        5,
        6,
        9,
        10,
        11
      ],
      [
        0,
        1,
        2,
        3,
        4,
        5,
        6,
        7,
        9,
        10,
        11,
        12,
        13,
        15
      ],
      [
        0,
        1,
        2,
        4,
        5,
        6,
        9,
        10,
        11,
        12,
        13
      ]
    ]
  },
  "objects": [
    {
      "3d_coords": [
        -2.9658472537994385,
        -1.6371192932128906,
        0.30000001192092896
      ],
      "rotation": 255.8318644895787,
      "size": "small",
      "pixel_coords": [
        134,
        194,
        11.989593505859375
      ],
      "color": "blue",
      "shape": "cube",
      "material": "rubber"
    },
    {
      "3d_coords": [
        2.7089390754699707,
        2.773871421813965,
        0.30000001192092896
      ],
      "rotation": 272.37148098982334,
      "size": "small",
      "pixel_coords": [
        571,
        229,
        10.78600788116455
      ],
      "color": "brown",
      "shape": "cube",
      "material": "rubber"
    },
    {
      "3d_coords": [
        -2.837061882019043,
        -2.845149040222168,
        0.30000001192092896
      ],
      "rotation": 47.3289265097378,
      "size": "small",