{
  "directions": {
    "above": [
      0.0,
      0.0,
      1.0
    ],
    "left": [
      -0.6563112735748291,
      -0.7544902563095093,
      0.0
    ],
    "front": [
      0.754490315914154,
      -0.6563112735748291,
      -0.0
    ],
    "below": [
      -0.0,
      -0.0,
      -1.0
    ],
    "behind": [
      -0.754490315914154,
      0.6563112735748291,
      0.0
    ],
    "right": [
      0.6563112735748291,
      0.7544902563095093,
      -0.0
    ]
  },
  "image_filename": "CLEVR_new_001026.png",
  "image_index": 1026,
  "relationships": {
    "front": [
      [
        7
      ],
      [
        0,
        2,
        3,
        5,
        6,
        7,
        8,
        9
      ],
      [
        0,
        7
      ],
      [
        0,
        2,
        5,
        6,
        7,
        9
      ],
      [
        0,
        1,
        2,
        3,
        5,
        6,
        7,
        8,
        9
      ],
      [
        0,
        2,
        6,
        7,
        9
      ],
      [
        0,
        2,
        7,
        9
      ],
      [],
      [
        0,
        2,
        3,
        5,
        6,
        7,
        9
      ],
      [
        0,
        2,
        7
      ]
    ],
    "left": [
      [
        1,
        2,
        5,
        9
      ],
      [
        2,
        5,
        9
      ],
      [
        5
      ],
      [
        0,
        1,
        2,
        4,
        5,
        6,
        7,
        8,
        9
      ],
      [
        0,
        1,
        2,
        5,
        9
      ],
      [],
      [
        0,
        1,
        2,
        4,
        5,
        7,
        9
      ],
      [
        0,
        1,
        2,
        4,
        5,
        9
      ],
      [
        0,
        1,
        2,
        4,
        5,
        6,
        7,
        9
      ],
      [
        2,
        5
      ]
    ],
    "behind": [
      [
        1,
        2,
        3,
        4,
        5,
        6,
        8,
        9
      ],
      [
        4
      ],
      [
        1,
        3,
        4,
        5,
        6,
        8,
        9
      ],
      [
        1,
        4,
        8
      ],
      [],
      [
        1,
        3,
        4,
        8
      ],
      [
        1,
        3,
        4,
        5,
        8
      ],
      [
        0,
        1,
        2,
        3,
        4,
        5,
        6,
        8,
        9
      ],
      [
        1,
        4
      ],
      [
        1,
        3,
        4,
        5,
        6,
        8
      ]
    ],
    "right": [
      [
        3,
        4,
        6,
        7,
        8
      ],
      [
        0,
        3,
        4,
        6,
        7,
        8
      ],
      [
        0,
        1,
        3,
        4,
        6,
        7,
        8,
        9
      ],
      [],
      [
        3,
        6,
        7,
        8
      ],
      [
        0,
        1,
        2,
        3,
        4,
        6,
        7,
        8,
        9
      ],
      [
        3,
        8
      ],
      [
        3,
        6,
        8
      ],
      [
        3
      ],
      [
        0,
        1,
        3,
        4,
        6,
        7,
        8
      ]
    ]
  },
  "split": "new",
  "objects": [
    {
      "3d_coords": [
        0.20844459533691406,
        -1.5326052904129028,
        0.30000001192092896
      ],
      "rotation": 207.7331009235435,
      "color": "brown",
      "shape": "sphere",
      "pixel_coords": [
        249,
        256,
        10.223623275756836
      ],
      "material": "rubber",
      "size": "small"
    },
    {
      "3d_coords": [
        -2.8441576957702637,
        0.39335182309150696,
        0.30000001192092896
      ],
      "rotation": 267.76926743470545,
      "color": "blue",
      "shape": "cylinder",
      "pixel_coords": [
        241,
        170,
        13.429056167602539
      ],
      "material": "rubber",
      "size": "large"
    },
    {
      "3d_coords": [
        -1.1918010711669922,
        -2.692762851715088,
        0.30000001192092896
      ],
      "rotation": 257.28440453302824,
      "color": "yellow",
      "shape": "cube",
      "pixel_coords": [
        132,
        246,
        10.52059555053711
      ],
      "material": "rubber",
      "size": "small"
    },
    {
      "3d_coords": [
        0.8987153768539429,
        2.629931926727295,
        0.30000001192092896
      ],
      "rotation": 78.63961568785581,
      "color": "gray",
      "shape": "sphere",
      "pixel_coords": [
        470,
        199,
        12.138855934143066
      ],
      "material": "rubber",
      "size": "large"
    },
    {
      "3d_coords": [
        -2.7544872760772705,
        1.9370063543319702,
        0.30000001192092896
      ],
      "rotation": 200.94359714756672,
      "color": "yellow",
      "shape": "sphere",
      "pixel_coords": [
        306,
        154,
        14.253700256347656
      ],
      "material": "rubber",
      "size": "large"
    },
    {
      "3d_coords": [
        -2.6118481159210205,
        -2.0053069591522217,
        0.30000001192092896
      ],
      "rotation": 72.99679516474644,
      "color": "green",
      "shape": "cylinder",
      "pixel_coords": [
        131,
        205,
        11.892032623291016
      ],
      "material": "rubber",
      "size": "large"
    },
    {
      "3d_coords": [
        0.7846405506134033,
        1.5403190851211548,
        0.30000001192092896
      ],
      "rotation": 77.56707463814307,
      "color": "purple",
      "shape": "cube",
      "pixel_coords": [
        422,
        213,
        11.591693878173828
      ],
      "material": "rubber",
      "size": "large"
    },
    {
      "3d_coords": [
        2.5754337310791016,
        -2.1995222568511963,
        0.30000001192092896
      ],
      "rotation": 338.14530631647244,
      "color": "purple",
      "shape": "cylinder",
      "pixel_coords": [
        317,
        345,
        8.212665557861328
      ],
      "material": "rubber",
      "size": "small"
    },
    {
      "3d_coords": [
        -0.24484984576702118,
        2.9768905639648438,
        0.30000001192092896
      ],
      "rotation": 174.06820697359169,
      "color": "purple",
      "shape": "cube",
      "pixel_coords": [
        434,
        176,
        13.124622344970703
      ],
      "material": "rubber",
      "size": "small"
    },
    {
      "3d_coords": [
        -1.4452106952667236,
        -1.836703896522522,
        0.30000001192092896
      ],
      "rotation": 83.27101928762893,
      "color": "yellow",
      "shape": "cube",
      "pixel_coords": [
        174,
        225,
        11.186416625976562
      ],
      "material": "rubber",
      "size": "small"
    }
  ]
}