{
  "directions": {
    "below": [
      -0.0,
      -0.0,
      -1.0
    ],
    "above": [
      0.0,
      0.0,
      1.0
    ],
    "behind": [
      -0.754490315914154,
      0.6563112735748291,
      0.0
    ],
    "left": [
      -0.6563112735748291,
      -0.7544902563095093,
      0.0
    ],
    "right": [
      0.6563112735748291,
      0.7544902563095093,
      -0.0
    ],
    "front": [
      0.754490315914154,
      -0.6563112735748291,
      -0.0
    ]
  },
  "relationships": {
    "left": [
      [
        4,
        5,
        11,
        14,
        15
      ],
      [
        0,
        4,
        5,
        10,
        11,
        14,
        15
      ],
      [
        0,
        1,
        3,
        4,
        5,
        8,
        9,
        10,
        11,
        14,
        15
      ],
      [
        0,
        1,
        4,
        5,
        8,
        9,
        10,
        11,
        14,
        15
      ],
      [
        5,
        11,
        15
      ],
      [
        11
      ],
      [
        0,
        1,
        2,
        3,
        4,
        5,
        8,
        9,
        10,
        11,
        12,
        13,
        14,
        15
      ],
      [
        0,
        1,
        2,
        3,
        4,
        5,
        6,
        8,
        9,
        10,
        11,
        12,
        13,
        14,
        15
      ],
      [
        0,
        1,
        4,
        5,
        9,
        10,
        11,
        14,
        15
      ],
      [
        0,
        1,
        4,
        5,
        10,
        11,
        14,
        15
      ],
      [
        0,
        4,
        5,
        11,
        14,
        15
      ],
      [],
      [
        0,
        1,
        2,
        3,
        4,
        5,
        8,
        9,
        10,
        11,
        14,
        15
      ],
      [
        0,
        1,
        2,
        3,
        4,
        5,
        8,
        9,
        10,
        11,
        12,
        14,
        15
      ],
      [
        4,
        5,
        11,
        15
      ],
      [
        5,
        11
      ]
    ],
    "right": [
      [
        1,
        2,
        3,
        6,
        7,
        8,
        9,
        10,
        12,
        13
      ],
      [
        2,
        3,
        6,
        7,
        8,
        9,
        12,
        13
      ],
      [
        6,
        7,
        12,
        13
      ],
      [
        2,
        6,
        7,
        12,
        13
      ],
      [
        0,
        1,
        2,
        3,
        6,
        7,
        8,
        9,
        10,
        12,
        13,
        14
      ],
      [
        0,
        1,
        2,
        3,
        4,
        6,
        7,
        8,
        9,
        10,
        12,
        13,
        14,
        15
      ],
      [
        7
      ],
      [],
      [
        2,
        3,
        6,
        7,
        12,
        13
      ],
      [
        2,
        3,
        6,
        7,
        8,
        12,
        13
      ],
      [
        1,
        2,
        3,
        6,
        7,
        8,
        9,
        12,
        13
      ],
      [
        0,
        1,
        2,
        3,
        4,
        5,
        6,
        7,
        8,
        9,
        10,
        12,
        13,
        14,
        15
      ],
      [
        6,
        7,
        13
      ],
      [
        6,
        7
      ],
      [
        0,
        1,
        2,
        3,
        6,
        7,
        8,
        9,
        10,
        12,
        13
      ],
      [
        0,
        1,
        2,
        3,
        4,
        6,
        7,
        8,
        9,
        10,
        12,
        13,
        14
      ]
    ],
    "front": [
      [
        9,
        13,
        14,
        15
      ],
      [
        0,
        2,
        3,
        4,
        5,
        6,
        7,
        8,
        9,
        10,
        11,
        12,
        13,
        14,
        15
      ],
      [
        0,
        3,
        5,
        6,
        7,
        9,
        10,
        11,
        12,
        13,
        14,
        15
      ],
      [
        0,
        6,
        9,
        13,
        14,
        15
      ],
      [
        0,
        2,
        3,
        5,
        6,
        7,
        9,
        10,
        11,
        12,
        13,
        14,
        15
      ],
      [
        0,
        3,
        6,
        7,
        9,
        10,
        11,
        12,
        13,
        14,
        15
      ],
      [
        0,
        9,
        13,
        14,
        15
      ],
      [
        0,
        3,
        6,
        9,
        13,
        14,
        15
      ],
      [
        0,
        2,
        3,
        4,
        5,
        6,
        7,
        9,
        10,
        11,
        12,
        13,
        14,
        15
      ],
      [
        14
      ],
      [
        0,
        3,
        6,
        7,
        9,
        13,
        14,
        15
      ],
      [
        0,
        3,
        6,
        7,
        9,
        10,
        12,
        13,
        14,
        15
      ],
      [
        0,
        3,
        6,
        7,
        9,
        10,
        13,
        14,
        15
      ],
      [
        9,
        14,
        15
      ],
      [],
      [
        9,
        14
      ]
    ],
    "behind": [
      [
        1,
        2,
        3,
        4,
        5,
        6,
        7,
        8,
        10,
        11,
        12
      ],
      [],
      [
        1,
        4,
        8
      ],
      [
        1,
        2,
        4,
        5,
        7,
        8,
        10,
        11,
        12
      ],
      [
        1,
        8
      ],
      [
        1,
        2,
        4,
        8
      ],
      [
        1,
        2,
        3,
        4,
        5,
        7,
        8,
        10,
        11,
        12
      ],
      [
        1,
        2,
        4,
        5,
        8,
        10,
        11,
        12
      ],
      [
        1
      ],
      [
        0,
        1,
        2,
        3,
        4,
        5,
        6,
        7,
        8,
        10,
        11,
        12,
        13,
        15
      ],
      [
        1,
        2,
        4,
        5,
        8,
        11,
        12
      ],
      [
        1,
        2,
        4,
        5,
        8
      ],
      [
        1,
        2,
        4,
        5,
        8,
        11
      ],
      [
        0,
        1,
        2,
        3,
        4,
        5,
        6,
        7,
        8,
        10,
        11,
        12
      ],
      [
        0,
        1,
        2,
        3,
        4,
        5,
        6,
        7,
        8,
        9,
        10,
        11,
        12,
        13,
        15
      ],
      [
        0,
        1,
        2,
        3,
        4,
        5,
        6,
        7,
        8,
        10,
        11,
        12,
        13
      ]
    ]
  },
  "objects": [
    {
      "3d_coords": [
        0.8864511847496033,
        -1.464513897895813,
        0.30000001192092896
      ],
      "rotation": 350.7393802266386,
      "size": "large",
      "pixel_coords": [
        278,
        276,
        9.50059986114502
      ],
      "color": "green",
      "shape": "sphere",
      "material": "rubber"
    },
    {
      "3d_coords": [
        -2.924459457397461,
        2.6286423206329346,
        0.30000001192092896
      ],
      "rotation": 90.98579315273543,
      "size": "small",
      "pixel_coords": [
        329,
        139,
        14.410209655761719
      ],
      "color": "green",
      "shape": "sphere",
      "material": "rubber"
    },
    {
      "3d_coords": [
        -0.6780025362968445,
        2.3279244899749756,
        0.30000001192092896
      ],
      "rotation": 210.96833870936868,
      "size": "small",