{
  "directions": {
    "below": [
      -0.0,
      -0.0,
      -1.0
    ],
    "above": [
      0.0,
      0.0,
      1.0
    ],
    "behind": [
      -0.754490315914154,
      0.6563112735748291,
      0.0
    ],
    "left": [
      -0.6563112735748291,
      -0.7544902563095093,
      0.0
    ],
    "right": [
      0.6563112735748291,
      0.7544902563095093,
      -0.0
    ],
    "front": [
      0.754490315914154,
      -0.6563112735748291,
      -0.0
    ]
  },
  "relationships": {
    "left": [
      [
        5,
        10,
        11,
        14
      ],
      [
        0,
        2,
        4,
        5,
        6,
        8,
        9,
        10,
        11,
        12,
        14,
        15
      ],
      [
        0,
        4,
        5,
        6,
        8,
        9,
        10,
        11,
        14,
        15
      ],
      [
        0,
        1,
        2,
        4,
        5,
        6,
        8,
        9,
        10,
        11,
        12,
        14,
        15
      ],
      [
        0,
        5,
        6,
        8,
        9,
        10,
        11,
        14,
        15
      ],
      [
        10,
        14
      ],
      [
        0,
        5,
        8,
        10,
        11,
        14,
        15
      ],
      [
        0,
        1,
        2,
        3,
        4,
        5,
        6,
        8,
        9,
        10,
        11,
        12,
        14,
        15
      ],
      [
        0,
        5,
        10,
        11,
        14
      ],
      [
        0,
        5,
        6,
        8,
        10,
        11,
        14,
        15
      ],
      [],
      [
        5,
        10,
        14
      ],
      [
        0,
        2,
        4,
        5,
        6,
        8,
        9,
        10,
        11,
        14,
        15
      ],
      [
        0,
        1,
        2,
        3,
        4,
        5,
        6,
        7,
        8,
        9,
        10,
        11,
        12,
        14,
        15
      ],
      [
        10
      ],
      [
        0,
        5,
        8,
        10,
        11,
        14
      ]
    ],
    "right": [
      [
        1,
        2,
        3,
        4,
        6,
        7,
        8,
        9,
        12,
        13,
        15
      ],
      [
        3,
        7,
        13
      ],
      [
        1,
        3,
        7,
        12,
        13
      ],
      [
        7,
        13
      ],
      [
        1,
        2,
        3,
        7,
        12,
        13
      ],
      [
        0,
        1,
        2,
        3,
        4,
        6,
        7,
        8,
        9,
        11,
        12,
        13,
        15
      ],
      [
        1,
        2,
        3,
        4,
        7,
        9,
        12,
        13
      ],
      [
        13
      ],
      [
        1,
        2,
        3,
        4,
        6,
        7,
        9,
        12,
        13,
        15
      ],
      [
        1,
        2,
        3,
        4,
        7,
        12,
        13
      ],
      [
        0,
        1,
        2,
        3,
        4,
        5,
        6,
        7,
        8,
        9,
        11,
        12,
        13,
        14,
        15
      ],
      [
        0,
        1,
        2,
        3,
        4,
        6,
        7,
        8,
        9,
        12,
        13,
        15
      ],
      [
        1,
        3,
        7,
        13
      ],
      [],
      [
        0,
        1,
        2,
        3,
        4,
        5,
        6,
        7,
        8,
        9,
        11,
        12,
        13,
        15
      ],
      [
        1,
        2,
        3,
        4,
        6,
        7,
        9,
        12,
        13
      ]
    ],
    "front": [
      [
        1,
        3,
        4,
        7,
        9,
        10,
        11,
        12,
        13,
        14,
        15
      ],
      [
        3,
        9,
        12,
        14,
        15
      ],
      [
        0,
        1,
        3,
        4,
        5,
        6,
        7,
        8,
        9,
        10,
        11,
        12,
        13,
        14,
        15
      ],
      [
        9,
        12
      ],
      [
        1,
        3,
        7,
        9,
        12,
        13,
        14,
        15
      ],
      [
        0,
        1,
        3,
        4,
        6,
        7,
        9,
        10,
        11,
        12,
        13,
        14,
        15
      ],
      [
        0,
        1,
        3,
        4,
        7,
        9,
        10,
        11,
        12,
        13,
        14,
        15
      ],
      [
        1,
        3,
        9,
        12,
        13,
        14,
        15
      ],
      [
        0,
        1,
        3,
        4,
        5,
        6,
        7,
        9,
        10,
        11,
        12,
        13,
        14,
        15
      ],
      [],
      [
        1,
        3,
        4,
        7,
        9,
        11,
        12,
        13,
        14,
        15
      ],
      [
        1,
        3,
        4,
        7,
        9,
        12,
        13,
        14,
        15
      ],
      [
        9
      ],
      [
        1,
        3,
        9,
        12,
        14,
        15
      ],
      [
        3,
        9,
        12,
        15
      ],
      [
        3,
        9,
        12
      ]
    ],
    "behind": [
      [
        2,
        5,
        6,
        8
      ],
      [
        0,
        2,
        4,
        5,
        6,
        7,
        8,
        10,
        11,
        13
      ],
      [],
      [
        0,
        1,
        2,
        4,
        5,
        6,
        7,
        8,
        10,
        11,
        13,
        14,
        15
      ],
      [
        0,
        2,
        5,
        6,
        8,
        10,
        11
      ],
      [
        2,
        8
      ],
      [
        2,
        5,
        8
      ],
      [
        0,
        2,
        4,
        5,
        6,
        8,
        10,
        11
      ],
      [
        2
      ],
      [
        0,
        1,
        2,
        3,
        4,
        5,
        6,
        7,
        8,
        10,
        11,
        12,
        13,
        14,
        15
      ],
      [
        0,
        2,
        5,
        6,
        8
      ],
      [
        0,
        2,
        5,
        6,
        8,
        10
      ],
      [
        0,
        1,
        2,
        3,
        4,
        5,
        6,
        7,
        8,
        10,
        11,
        13,
        14,
        15
      ],
      [
        0,
        2,
        4,
        5,
        6,
        7,
        8,
        10,
        11
      ],
      [
        0,
        1,
        2,
        4,
        5,
        6,
        7,
        8,
        10,
        11,
        13
      ],
      [
        0,
        1,
        2,
        4,
        5,
        6,
        7,
        8,
        10,
        11,
        13,
        14
      ]
    ]
  },
  "objects": [
    {
      "3d_coords": [
        -1.690223217010498,
        -0.14488625526428223,
        0.30000001192092896
      ],
      "rotation": 47.199684899013604,
      "size": "small",
      "pixel_coords": [
        251,
        189,
        12.0576171875
      ],
      "color": "gray",
      "shape": "sphere",
      "material": "rubber"
    },
    {
      "3d_coords": [
        1.7557140588760376,
        0.9354072213172913,
        0.30000001192092896
      ],
      "rotation": 239.10625715410814,
      "size": "large",
      "pixel_coords": [
        444,
        249,
        10.365087509155273
      ],
      "color": "green",
      "shape": "cylinder",
      "material": "rubber"
    },
    {
      "3d_coords": [
        -1.5406041145324707,
        2.8953349590301514,
        0.30000001192092896
      ],
      "rotation": 192.87625894809395,
      "size": "small",