{
  "relationships": {
    "right": [
      [
        1,
        2,
        4,
        5,
        7
      ],
      [
        2,
        4
      ],
      [
        4
      ],
      [
        0,
        1,
        2,
        4,
        5,
        7
      ],
      [],
      [
        1,
        2,
        4
      ],
      [
        0,
        1,
        2,
        3,
        4,
        5,
        7
      ],
      [
        1,
        2,
        4,
        5
      ]
    ],
    "left": [
      [
        3,
        6
      ],
      [
        0,
        3,
        5,
        6,
        7
      ],
      [
        0,
        1,
        3,
        5,
        6,
        7
      ],
      [
        6
      ],
      [
        0,
        1,
        2,
        3,
        5,
        6,
        7
      ],
      [
        0,
        3,
        6,
        7
      ],
      [],
      [
        0,
        3,
        6
      ]
    ],
    "behind": [
      [
        2,
        6,
        7
      ],
      [
        0,
        2,
        6,
        7
      ],
      [
        7
      ],
      [
        0,
        1,
        2,
        4,
        6,
        7
      ],
      [
        0,
        1,
        2,
        6,
        7
      ],
      [
        0,
        1,
        2,
        3,
        4,
        6,
        7
      ],
      [
        2,
        7
      ],
      []
    ],
    "front": [
      [
        1,
        3,
        4,
        5
      ],
      [
        3,
        4,
        5
      ],
      [
        0,
        1,
        3,
        4,
        5,
        6
      ],
      [
        5
      ],
      [
        3,
        5
      ],
      [],
      [
        0,
        1,
        3,
        4,
        5
      ],
      [
        0,
        1,
        2,
        3,
        4,
        5,
        6
      ]
    ]
  },
  "image_index": 802,
  "directions": {
    "below": [
      -0.0,
      -0.0,
      -1.0
    ],
    "left": [
      -0.6563112735748291,
      -0.7544902563095093,
      0.0
    ],
    "above": [
      0.0,
      0.0,
      1.0
    ],
    "front": [
      0.754490315914154,
      -0.6563112735748291,
      -0.0
    ],
    "behind": [
      -0.754490315914154,
      0.6563112735748291,
      0.0
    ],
    "right": [
      0.6563112735748291,
      0.7544902563095093,
      -0.0
    ]
  },
  "objects": [
    {
      "shape": "cube",
      "pixel_coords": [
        324,
        210,
        11.753765106201172
      ],
      "color": "purple",
      "rotation": 65.3424392420047,
      "size": "large",
      "material": "rubber",
      "3d_coords": [
        -0.33624035120010376,
        0.372708261013031,
        0.30000001192092896
      ]
    },
    {
      "shape": "cylinder",
      "pixel_coords": [
        408,
        237,
        10.959814071655273
      ],
      "color": "brown",
      "rotation": 94.57036603761874,
      "size": "large",
      "material": "rubber",
      "3d_coords": [
        1.2178584337234497,
        0.755754292011261,
        0.30000001192092896
      ]
    },
    {
      "shape": "cylinder",
      "pixel_coords": [
        431,
        183,
        12.650782585144043
      ],
      "color": "green",
      "rotation": 88.27365323486468,
      "size": "small",
      "material": "rubber",
      "3d_coords": [
        0.17150045931339264,
        2.525336980819702,
        0.30000001192092896
      ]
    },
    {
      "shape": "cube",
      "pixel_coords": [
        249,
        281,
        9.861689567565918
      ],
      "color": "blue",
      "rotation": 37.51157054494331,
      "size": "large",
      "material": "rubber",
      "3d_coords": [
        0.6140906810760498,
        -1.8591463565826416,
        0.30000001192092896
      ]
    },
    {
      "shape": "sphere",
      "pixel_coords": [
        481,
        254,
        10.499814987182617
      ],
      "color": "purple",
      "rotation": 214.41848919322686,
      "size": "small",
      "material": "rubber",
      "3d_coords": [
        2.3028080463409424,
        1.1884568929672241,
        0.30000001192092896
      ]
    },
    {
      "shape": "cube",
      "pixel_coords": [
        401,
        297,
        9.532977104187012
      ],
      "color": "purple",
      "rotation": 71.30424049639278,
      "size": "large",
      "material": "rubber",
      "3d_coords": [
        2.27994704246521,
        -0.5327688455581665,
        0.30000001192092896
      ]
    },
    {
      "shape": "cylinder",
      "pixel_coords": [
        151,
        195,
        12.241449356079102
      ],
      "color": "gray",
      "rotation": 115.04797385236581,
      "size": "small",
      "material": "rubber",
      "3d_coords": [
        -2.7437171936035156,
        -1.522007942199707,
        0.30000001192092896
      ]
    },
    {
      "shape": "cylinder",
      "pixel_coords": [
        362,
        154,
        13.78756332397461
      ],
      "color": "green",
      "rotation": 336.73455327718926,
      "size": "large",
      "material": "rubber",
      "3d_coords": [
        -1.5929762125015259,
        2.5030710697174072,
        0.30000001192092896
      ]
    }
  ],
  "image_filename": "CLEVR_new_000802.png",
  "split": "new"
}