{
  "relationships": {
    "right": [
      [
        1,
        2,
        3,
        4,
        6,
        7
      ],
      [
        2
      ],
      [],
      [
        1,
        2,
        4
      ],
      [
        1,
        2
      ],
      [
        0,
        1,
        2,
        3,
        4,
        6,
        7
      ],
      [
        1,
        2,
        3,
        4
      ],
      [
        1,
        2,
        3,
        4,
        6
      ]
    ],
    "left": [
      [
        5
      ],
      [
        0,
        3,
        4,
        5,
        6,
        7
      ],
      [
        0,
        1,
        3,
        4,
        5,
        6,
        7
      ],
      [
        0,
        5,
        6,
        7
      ],
      [
        0,
        3,
        5,
        6,
        7
      ],
      [],
      [
        0,
        5,
        7
      ],
      [
        0,
        5
      ]
    ],
    "behind": [
      [
        1,
        2,
        3,
        4,
        6
      ],
      [
        3,
        4,
        6
      ],
      [
        1,
        3,
        4,
        6
      ],
      [
        4,
        6
      ],
      [
        6
      ],
      [
        0,
        1,
        2,
        3,
        4,
        6,
        7
      ],
      [],
      [
        0,
        1,
        2,
        3,
        4,
        6
      ]
    ],
    "front": [
      [
        5,
        7
      ],
      [
        0,
        2,
        5,
        7
      ],
      [
        0,
        5,
        7
      ],
      [
        0,
        1,
        2,
        5,
        7
      ],
      [
        0,
        1,
        2,
        3,
        5,
        7
      ],
      [],
      [
        0,
        1,
        2,
        3,
        4,
        5,
        7
      ],
      [
        5
      ]
    ]
  },
  "image_index": 805,
  "directions": {
    "below": [
      -0.0,
      -0.0,
      -1.0
    ],
    "left": [
      -0.6563112735748291,
      -0.7544902563095093,
      0.0
    ],
    "above": [
      0.0,
      0.0,
      1.0
    ],
    "front": [
      0.754490315914154,
      -0.6563112735748291,
      -0.0
    ],
    "behind": [
      -0.754490315914154,
      0.6563112735748291,
      0.0
    ],
    "right": [
      0.6563112735748291,
      0.7544902563095093,
      -0.0
    ]
  },
  "objects": [
    {
      "shape": "cube",
      "pixel_coords": [
        257,
        255,
        10.766737937927246
      ],
      "color": "green",
      "rotation": 249.01758447903916,
      "size": "small",
      "material": "rubber",
      "3d_coords": [
        0.11318662017583847,
        -1.3935679197311401,
        0.30000001192092896
      ]
    },
    {
      "shape": "sphere",
      "pixel_coords": [
        475,
        217,
        11.894187927246094
      ],
      "color": "yellow",
      "rotation": 227.26977580249084,
      "size": "small",
      "material": "rubber",
      "3d_coords": [
        1.5486700534820557,
        2.14046573638916,
        0.30000001192092896
      ]
    },
    {
      "shape": "cube",
      "pixel_coords": [
        522,
        231,
        11.435478210449219
      ],
      "color": "gray",
      "rotation": 149.13892178748807,
      "size": "large",
      "material": "rubber",
      "3d_coords": [
        2.391303777694702,
        2.291851043701172,
        0.30000001192092896
      ]
    },
    {
      "shape": "sphere",
      "pixel_coords": [
        363,
        191,
        12.767945289611816
      ],
      "color": "green",
      "rotation": 262.03540282380453,
      "size": "large",
      "material": "rubber",
      "3d_coords": [
        -0.42733103036880493,
        1.4389007091522217,
        0.30000001192092896
      ]
    },
    {
      "shape": "cylinder",
      "pixel_coords": [
        398,
        165,
        13.820718765258789
      ],
      "color": "red",
      "rotation": 20.548161415103007,
      "size": "large",
      "material": "rubber",
      "3d_coords": [
        -0.8157908320426941,
        2.8130033016204834,
        0.30000001192092896
      ]
    },
    {
      "shape": "cube",
      "pixel_coords": [
        207,
        318,
        9.337940216064453
      ],
      "color": "blue",
      "rotation": 90.5497823307575,
      "size": "small",
      "material": "rubber",
      "3d_coords": [
        0.9708185791969299,
        -2.890390396118164,
        0.30000001192092896
      ]
    },
    {
      "shape": "cube",
      "pixel_coords": [
        327,
        161,
        14.000419616699219
      ],
      "color": "red",
      "rotation": 45.41075588183158,
      "size": "small",
      "material": "rubber",
      "3d_coords": [
        -1.9060678482055664,
        1.906908392906189,
        0.30000001192092896
      ]
    },
    {
      "shape": "sphere",
      "pixel_coords": [
        317,
        303,
        9.637794494628906
      ],
      "color": "blue",
      "rotation": 308.96895585068967,
      "size": "large",
      "material": "rubber",
      "3d_coords": [
        1.6933528184890747,
        -1.5709043741226196,
        0.30000001192092896
      ]
    }
  ],
  "image_filename": "CLEVR_new_000805.png",
  "split": "new"
}