{
  "directions": {
    "below": [
      -0.0,
      -0.0,
      -1.0
    ],
    "above": [
      0.0,
      0.0,
      1.0
    ],
    "behind": [
      -0.754490315914154,
      0.6563112735748291,
      0.0
    ],
    "left": [
      -0.6563112735748291,
      -0.7544902563095093,
      0.0
    ],
    "right": [
      0.6563112735748291,
      0.7544902563095093,
      -0.0
    ],
    "front": [
      0.754490315914154,
      -0.6563112735748291,
      -0.0
    ]
  },
  "relationships": {
    "left": [
      [
        1,
        7,
        13,
        14,
        15
      ],
      [
        7,
        14
      ],
      [
        0,
        1,
        3,
        4,
        5,
        7,
        8,
        13,
        14,
        15
      ],
      [
        0,
        1,
        4,
        7,
        13,
        14,
        15
      ],
      [
        0,
        1,
        7,
        13,
        14,
        15
      ],
      [
        0,
        1,
        3,
        4,
        7,
        13,
        14,
        15
      ],
      [
        0,
        1,
        2,
        3,
        4,
        5,
        7,
        8,
        12,
        13,
        14,
        15
      ],
      [],
      [
        0,
        1,
        3,
        4,
        5,
        7,
        13,
        14,
        15
      ],
      [
        0,
        1,
        2,
        3,
        4,
        5,
        6,
        7,
        8,
        10,
        12,
        13,
        14,
        15
      ],
      [
        0,
        1,
        2,
        3,
        4,
        5,
        6,
        7,
        8,
        12,
        13,
        14,
        15
      ],
      [
        0,
        1,
        2,
        3,
        4,
        5,
        6,
        7,
        8,
        9,
        10,
        12,
        13,
        14,
        15
      ],
      [
        0,
        1,
        2,
        3,
        4,
        5,
        7,
        8,
        13,
        14,
        15
      ],
      [
        1,
        7,
        14
      ],
      [
        7
      ],
      [
        1,
        7,
        13,
        14
      ]
    ],
    "right": [
      [
        2,
        3,
        4,
        5,
        6,
        8,
        9,
        10,
        11,
        12
      ],
      [
        0,
        2,
        3,
        4,
        5,
        6,
        8,
        9,
        10,
        11,
        12,
        13,
        15
      ],
      [
        6,
        9,
        10,
        11,
        12
      ],
      [
        2,
        5,
        6,
        8,
        9,
        10,
        11,
        12
      ],
      [
        2,
        3,
        5,
        6,
        8,
        9,
        10,
        11,
        12
      ],
      [
        2,
        6,
        8,
        9,
        10,
        11,
        12
      ],
      [
        9,
        10,
        11
      ],
      [
        0,
        1,
        2,
        3,
        4,
        5,
        6,
        8,
        9,
        10,
        11,
        12,
        13,
        14,
        15
      ],
      [
        2,
        6,
        9,
        10,
        11,
        12
      ],
      [
        11
      ],
      [
        9,
        11
      ],
      [],
      [
        6,
        9,
        10,
        11
      ],
      [
        0,
        2,
        3,
        4,
        5,
        6,
        8,
        9,
        10,
        11,
        12,
        15
      ],
      [
        0,
        1,
        2,
        3,
        4,
        5,
        6,
        8,
        9,
        10,
        11,
        12,
        13,
        15
      ],
      [
        0,
        2,
        3,
        4,
        5,
        6,
        8,
        9,
        10,
        11,
        12
      ]
    ],
    "front": [
      [
        1,
        3,
        5,
        6,
        7,
        8,
        9,
        14
      ],
      [
        3,
        5,
        6,
        8
      ],
      [
        0,
        1,
        3,
        5,
        6,
        7,
        8,
        9,
        11,
        14
      ],
      [],
      [
        0,
        1,
        2,
        3,
        5,
        6,
        7,
        8,
        9,
        10,
        11,
        12,
        13,
        14,
        15
      ],
      [
        3,
        6,
        8
      ],
      [
        3,
        8
      ],
      [
        1,
        3,
        5,
        6,
        8,
        9,
        14
      ],
      [
        3
      ],
      [
        1,
        3,
        5,
        6,
        8,
        14
      ],
      [
        0,
        1,
        2,
        3,
        5,
        6,
        7,
        8,
        9,
        11,
        14
      ],
      [
        0,
        1,
        3,
        5,
        6,
        7,
        8,
        9,
        14
      ],
      [
        0,
        1,
        2,
        3,
        5,
        6,
        7,
        8,
        9,
        10,
        11,
        13,
        14
      ],
      [
        0,
        1,
        2,
        3,
        5,
        6,
        7,
        8,
        9,
        10,
        11,
        14
      ],
      [
        1,
        3,
        5,
        6,
        8
      ],
      [
        0,
        1,
        2,
        3,
        5,
        6,
        7,
        8,
        9,
        10,
        11,
        12,
        13,
        14
      ]
    ],
    "behind": [
      [
        2,
        4,
        10,
        11,
        12,
        13,
        15
      ],
      [
        0,
        2,
        4,
        7,
        9,
        10,
        11,
        12,
        13,
        14,
        15
      ],
      [
        4,
        10,
        12,
        13,
        15
      ],
      [
        0,
        1,
        2,
        4,
        5,
        6,
        7,
        8,
        9,
        10,
        11,
        12,
        13,
        14,
        15
      ],
      [],
      [
        0,
        1,
        2,
        4,
        7,
        9,
        10,
        11,
        12,
        13,
        14,
        15
      ],
      [
        0,
        1,
        2,
        4,
        5,
        7,
        9,
        10,
        11,
        12,
        13,
        14,
        15
      ],
      [
        0,
        2,
        4,
        10,
        11,
        12,
        13,
        15
      ],
      [
        0,
        1,
        2,
        4,
        5,
        6,
        7,
        9,
        10,
        11,
        12,
        13,
        14,
        15
      ],
      [
        0,
        2,
        4,
        7,
        10,
        11,
        12,
        13,
        15
      ],
      [
        4,
        12,
        13,
        15
      ],
      [
        2,
        4,
        10,
        12,
        13,
        15
      ],
      [
        4,
        15
      ],
      [
        4,
        12,
        15
      ],
      [
        0,
        2,
        4,
        7,
        9,
        10,
        11,
        12,
        13,
        15
      ],
      [
        4
      ]
    ]
  },
  "objects": [
    {
      "3d_coords": [
        -0.9971209764480591,
        -0.44670701026916504,
        0.30000001192092896
      ],
      "rotation": 116.05614401689816,
      "size": "large",
      "pixel_coords": [
        261,
        211,
        11.644367218017578
      ],
      "color": "brown",
      "shape": "sphere",
      "material": "rubber"
    },
    {
      "3d_coords": [
        -0.3823240399360657,
        -2.187272071838379,
        0.30000001192092896
      ],
      "rotation": 311.56334781196756,
      "size": "small",
      "pixel_coords": [
        189,
        257,
        10.226225852966309
      ],
      "color": "purple",
      "shape": "cylinder",
      "material": "rubber"
    },
    {
      "3d_coords": [
        -0.12417914718389511,
        1.3740726709365845,
        0.30000001192092896
      ],
      "rotation": 124.156496822147,
      "size": "small",