{
  "directions": {
    "above": [
      0.0,
      0.0,
      1.0
    ],
    "left": [
      -0.6563112735748291,
      -0.7544902563095093,
      0.0
    ],
    "front": [
      0.754490315914154,
      -0.6563112735748291,
      -0.0
    ],
    "below": [
      -0.0,
      -0.0,
      -1.0
    ],
    "behind": [
      -0.754490315914154,
      0.6563112735748291,
      0.0
    ],
    "right": [
      0.6563112735748291,
      0.7544902563095093,
      -0.0
    ]
  },
  "image_filename": "CLEVR_new_001045.png",
  "image_index": 1045,
  "relationships": {
    "front": [
      [
        1,
        3,
        4,
        5,
        7,
        9
      ],
      [
        4,
        5,
        7,
        9
      ],
      [
        0,
        1,
        3,
        4,
        5,
        6,
        7,
        8,
        9
      ],
      [
        1,
        4,
        5,
        7,
        9
      ],
      [
        7,
        9
      ],
      [
        4,
        7,
        9
      ],
      [
        0,
        1,
        3,
        4,
        5,
        7,
        8,
        9
      ],
      [
        9
      ],
      [
        0,
        1,
        3,
        4,
        5,
        7,
        9
      ],
      []
    ],
    "left": [
      [
        3,
        4
      ],
      [
        0,
        2,
        3,
        4,
        5,
        6,
        7,
        8,
        9
      ],
      [
        0,
        3,
        4,
        8
      ],
      [],
      [
        3
      ],
      [
        0,
        2,
        3,
        4,
        8,
        9
      ],
      [
        0,
        2,
        3,
        4,
        5,
        7,
        8,
        9
      ],
      [
        0,
        2,
        3,
        4,
        5,
        8,
        9
      ],
      [
        0,
        3,
        4
      ],
      [
        0,
        2,
        3,
        4,
        8
      ]
    ],
    "behind": [
      [
        2,
        6,
        8
      ],
      [
        0,
        2,
        3,
        6,
        8
      ],
      [],
      [
        0,
        2,
        6,
        8
      ],
      [
        0,
        1,
        2,
        3,
        5,
        6,
        8
      ],
      [
        0,
        1,
        2,
        3,
        6,
        8
      ],
      [
        2
      ],
      [
        0,
        1,
        2,
        3,
        4,
        5,
        6,
        8
      ],
      [
        2,
        6
      ],
      [
        0,
        1,
        2,
        3,
        4,
        5,
        6,
        7,
        8
      ]
    ],
    "right": [
      [
        1,
        2,
        5,
        6,
        7,
        8,
        9
      ],
      [],
      [
        1,
        5,
        6,
        7,
        9
      ],
      [
        0,
        1,
        2,
        4,
        5,
        6,
        7,
        8,
        9
      ],
      [
        0,
        1,
        2,
        5,
        6,
        7,
        8,
        9
      ],
      [
        1,
        6,
        7
      ],
      [
        1
      ],
      [
        1,
        6
      ],
      [
        1,
        2,
        5,
        6,
        7,
        9
      ],
      [
        1,
        5,
        6,
        7
      ]
    ]
  },
  "split": "new",
  "objects": [
    {
      "3d_coords": [
        -0.8673664331436157,
        -1.0904967784881592,
        0.30000001192092896
      ],
      "rotation": 64.88646842895896,
      "color": "cyan",
      "shape": "sphere",
      "pixel_coords": [
        233,
        224,
        11.26405143737793
      ],
      "material": "rubber",
      "size": "large"
    },
    {
      "3d_coords": [
        2.177501678466797,
        1.1399095058441162,
        0.30000001192092896
      ],
      "rotation": 49.0621399795037,
      "color": "gray",
      "shape": "cube",
      "pixel_coords": [
        472,
        253,
        10.431413650512695
      ],
      "material": "rubber",
      "size": "small"
    },
    {
      "3d_coords": [
        -2.6874961853027344,
        1.3825554847717285,
        0.30000001192092896
      ],
      "rotation": 39.146924888264074,
      "color": "gray",
      "shape": "sphere",
      "pixel_coords": [
        288,
        155,
        13.87421989440918
      ],
      "material": "rubber",
      "size": "large"
    },
    {
      "3d_coords": [
        -2.1034064292907715,
        -2.873476505279541,
        0.30000001192092896
      ],
      "rotation": 69.07221363763861,
      "color": "red",
      "shape": "cube",
      "pixel_coords": [
        96,
        229,
        11.115020751953125
      ],
      "material": "rubber",
      "size": "large"
    },
    {
      "3d_coords": [
        -0.6090985536575317,
        -2.8624424934387207,
        0.30000001192092896
      ],
      "rotation": 273.0225894839348,
      "color": "gray",
      "shape": "cylinder",
      "pixel_coords": [
        140,
        266,
        10.105031967163086
      ],
      "material": "rubber",
      "size": "large"
    },
    {
      "3d_coords": [
        1.4912387132644653,
        -0.05100686475634575,
        0.30000001192092896
      ],
      "rotation": 121.70104242706523,
      "color": "yellow",
      "shape": "sphere",
      "pixel_coords": [
        382,
        261,
        10.237126350402832
      ],
      "material": "rubber",
      "size": "large"
    },
    {
      "3d_coords": [
        -0.3815208971500397,
        2.9652981758117676,
        0.30000001192092896
      ],
      "rotation": 106.4067810007872,
      "color": "purple",
      "shape": "cube",
      "pixel_coords": [
        429,
        171,
        13.184578895568848
      ],
      "material": "rubber",
      "size": "small"
    },
    {
      "3d_coords": [
        2.32585072517395,
        -0.2200627475976944,
        0.30000001192092896
      ],
      "rotation": 255.17141569488345,
      "color": "green",
      "shape": "cube",
      "pixel_coords": [
        415,
        289,
        9.575777053833008
      ],
      "material": "rubber",
      "size": "large"
    },
    {
      "3d_coords": [
        -1.591717004776001,
        0.04424774646759033,
        0.30000001192092896
      ],
      "rotation": 289.84622463365787,
      "color": "blue",
      "shape": "cylinder",
      "pixel_coords": [
        265,
        191,
        12.386364936828613
      ],
      "material": "rubber",
      "size": "small"
    },
    {
      "3d_coords": [
        2.7412567138671875,
        -2.4089341163635254,
        0.30000001192092896
      ],
      "rotation": 78.73003796291832,
      "color": "yellow",
      "shape": "sphere",
      "pixel_coords": [
        308,
        369,
        8.078518867492676
      ],
      "material": "rubber",
      "size": "small"
    }
  ]
}