{
  "relationships": {
    "right": [
      [
        3,
        4,
        6,
        7
      ],
      [
        0,
        3,
        4,
        6,
        7
      ],
      [
        0,
        1,
        3,
        4,
        5,
        6,
        7
      ],
      [
        4,
        6,
        7
      ],
      [
        6
      ],
      [
        0,
        1,
        3,
        4,
        6,
        7
      ],
      [],
      [
        4,
        6
      ]
    ],
    "left": [
      [
        1,
        2,
        5
      ],
      [
        2,
        5
      ],
      [],
      [
        0,
        1,
        2,
        5
      ],
      [
        0,
        1,
        2,
        3,
        5,
        7
      ],
      [
        2
      ],
      [
        0,
        1,
        2,
        3,
        4,
        5,
        7
      ],
      [
        0,
        1,
        2,
        3,
        5
      ]
    ],
    "behind": [
      [
        5
      ],
      [
        0,
        2,
        3,
        4,
        5,
        6,
        7
      ],
      [
        0,
        3,
        4,
        5,
        6,
        7
      ],
      [
        0,
        5
      ],
      [
        0,
        3,
        5,
        7
      ],
      [],
      [
        0,
        3,
        4,
        5,
        7
      ],
      [
        0,
        3,
        5
      ]
    ],
    "front": [
      [
        1,
        2,
        3,
        4,
        6,
        7
      ],
      [],
      [
        1
      ],
      [
        1,
        2,
        4,
        6,
        7
      ],
      [
        1,
        2,
        6
      ],
      [
        0,
        1,
        2,
        3,
        4,
        6,
        7
      ],
      [
        1,
        2
      ],
      [
        1,
        2,
        4,
        6
      ]
    ]
  },
  "image_index": 839,
  "directions": {
    "below": [
      -0.0,
      -0.0,
      -1.0
    ],
    "left": [
      -0.6563112735748291,
      -0.7544902563095093,
      0.0
    ],
    "above": [
      0.0,
      0.0,
      1.0
    ],
    "front": [
      0.754490315914154,
      -0.6563112735748291,
      -0.0
    ],
    "behind": [
      -0.754490315914154,
      0.6563112735748291,
      0.0
    ],
    "right": [
      0.6563112735748291,
      0.7544902563095093,
      -0.0
    ]
  },
  "objects": [
    {
      "shape": "cube",
      "pixel_coords": [
        337,
        161,
        13.284775733947754
      ],
      "color": "red",
      "rotation": 114.09213787518459,
      "size": "small",
      "material": "rubber",
      "3d_coords": [
        -1.8020579814910889,
        1.9260834455490112,
        0.30000001192092896
      ]
    },
    {
      "shape": "cube",
      "pixel_coords": [
        314,
        338,
        8.29885482788086
      ],
      "color": "blue",
      "rotation": 321.849361853329,
      "size": "small",
      "material": "rubber",
      "3d_coords": [
        2.2800188064575195,
        -1.9967103004455566,
        0.30000001192092896
      ]
    },
    {
      "shape": "cylinder",
      "pixel_coords": [
        226,
        326,
        8.508938789367676
      ],
      "color": "red",
      "rotation": 193.36009549676243,
      "size": "small",
      "material": "rubber",
      "3d_coords": [
        1.409961462020874,
        -2.668480396270752,
        0.30000001192092896
      ]
    },
    {
      "shape": "cube",
      "pixel_coords": [
        359,
        195,
        11.908225059509277
      ],
      "color": "blue",
      "rotation": 62.0797297280301,
      "size": "small",
      "material": "rubber",
      "3d_coords": [
        -0.38681739568710327,
        1.1886736154556274,
        0.30000001192092896
      ]
    },
    {
      "shape": "cylinder",
      "pixel_coords": [
        411,
        253,
        10.121774673461914
      ],
      "color": "cyan",
      "rotation": 6.3484754499014295,
      "size": "small",
      "material": "rubber",
      "3d_coords": [
        1.579869031906128,
        0.38759922981262207,
        0.30000001192092896
      ]
    },
    {
      "shape": "cylinder",
      "pixel_coords": [
        306,
        143,
        14.189085960388184
      ],
      "color": "cyan",
      "rotation": 111.36537220675633,
      "size": "large",
      "material": "rubber",
      "3d_coords": [
        -2.9796855449676514,
        2.1132540702819824,
        0.30000001192092896
      ]
    },
    {
      "shape": "sphere",
      "pixel_coords": [
        478,
        265,
        9.824416160583496
      ],
      "color": "gray",
      "rotation": 332.6321315341098,
      "size": "small",
      "material": "rubber",
      "3d_coords": [
        2.41690731048584,
        0.8654276728630066,
        0.30000001192092896
      ]
    },
    {
      "shape": "cylinder",
      "pixel_coords": [
        383,
        216,
        11.18880558013916
      ],
      "color": "red",
      "rotation": 44.9248528307267,
      "size": "small",
      "material": "rubber",
      "3d_coords": [
        0.46235594153404236,
        0.9346297979354858,
        0.30000001192092896
      ]
    }
  ],
  "image_filename": "CLEVR_new_000839.png",
  "split": "new"
}