{
  "relationships": {
    "right": [
      [
        1,
        4,
        5,
        7
      ],
      [
        4,
        5,
        7
      ],
      [
        0,
        1,
        3,
        4,
        5,
        6,
        7
      ],
      [
        0,
        1,
        4,
        5,
        6,
        7
      ],
      [
        5,
        7
      ],
      [
        7
      ],
      [
        0,
        1,
        4,
        5,
        7
      ],
      []
    ],
    "left": [
      [
        2,
        3,
        6
      ],
      [
        0,
        2,
        3,
        6
      ],
      [],
      [
        2
      ],
      [
        0,
        1,
        2,
        3,
        6
      ],
      [
        0,
        1,
        2,
        3,
        4,
        6
      ],
      [
        2,
        3
      ],
      [
        0,
        1,
        2,
        3,
        4,
        5,
        6
      ]
    ],
    "behind": [
      [
        1,
        4,
        6,
        7
      ],
      [
        6
      ],
      [
        0,
        1,
        4,
        6,
        7
      ],
      [
        0,
        1,
        2,
        4,
        5,
        6,
        7
      ],
      [
        1,
        6
      ],
      [
        0,
        1,
        2,
        4,
        6,
        7
      ],
      [],
      [
        1,
        4,
        6
      ]
    ],
    "front": [
      [
        2,
        3,
        5
      ],
      [
        0,
        2,
        3,
        4,
        5,
        7
      ],
      [
        3,
        5
      ],
      [],
      [
        0,
        2,
        3,
        5,
        7
      ],
      [
        3
      ],
      [
        0,
        1,
        2,
        3,
        4,
        5,
        7
      ],
      [
        0,
        2,
        3,
        5
      ]
    ]
  },
  "image_index": 809,
  "directions": {
    "below": [
      -0.0,
      -0.0,
      -1.0
    ],
    "left": [
      -0.6563112735748291,
      -0.7544902563095093,
      0.0
    ],
    "above": [
      0.0,
      0.0,
      1.0
    ],
    "front": [
      0.754490315914154,
      -0.6563112735748291,
      -0.0
    ],
    "behind": [
      -0.754490315914154,
      0.6563112735748291,
      0.0
    ],
    "right": [
      0.6563112735748291,
      0.7544902563095093,
      -0.0
    ]
  },
  "objects": [
    {
      "shape": "cylinder",
      "pixel_coords": [
        313,
        239,
        10.859911918640137
      ],
      "color": "yellow",
      "rotation": 52.010759548051695,
      "size": "large",
      "material": "rubber",
      "3d_coords": [
        0.35494083166122437,
        -0.4084978997707367,
        0.30000001192092896
      ]
    },
    {
      "shape": "sphere",
      "pixel_coords": [
        378,
        193,
        12.363753318786621
      ],
      "color": "green",
      "rotation": 343.52632263351325,
      "size": "large",
      "material": "rubber",
      "3d_coords": [
        -0.29795071482658386,
        1.5258516073226929,
        0.30000001192092896
      ]
    },
    {
      "shape": "cube",
      "pixel_coords": [
        111,
        247,
        10.630280494689941
      ],
      "color": "cyan",
      "rotation": 142.0013901680645,
      "size": "large",
      "material": "rubber",
      "3d_coords": [
        -1.3337866067886353,
        -2.9802141189575195,
        0.30000001192092896
      ]
    },
    {
      "shape": "cube",
      "pixel_coords": [
        234,
        336,
        8.637900352478027
      ],
      "color": "yellow",
      "rotation": 65.73848552554314,
      "size": "small",
      "material": "rubber",
      "3d_coords": [
        1.7499663829803467,
        -2.7188608646392822,
        0.30000001192092896
      ]
    },
    {
      "shape": "sphere",
      "pixel_coords": [
        425,
        201,
        12.08307933807373
      ],
      "color": "yellow",
      "rotation": 271.0421537272953,
      "size": "large",
      "material": "rubber",
      "3d_coords": [
        0.44459986686706543,
        1.9548650979995728,
        0.30000001192092896
      ]
    },
    {
      "shape": "sphere",
      "pixel_coords": [
        477,
        286,
        9.666708946228027
      ],
      "color": "green",
      "rotation": 359.2380591710166,
      "size": "large",
      "material": "rubber",
      "3d_coords": [
        2.8200623989105225,
        0.5350276827812195,
        0.30000001192092896
      ]
    },
    {
      "shape": "cube",
      "pixel_coords": [
        288,
        176,
        13.051313400268555
      ],
      "color": "gray",
      "rotation": 64.4642717355161,
      "size": "large",
      "material": "rubber",
      "3d_coords": [
        -1.908546805381775,
        0.7401754260063171,
        0.30000001192092896
      ]
    },
    {
      "shape": "cube",
      "pixel_coords": [
        532,
        219,
        11.485486030578613
      ],
      "color": "red",
      "rotation": 6.876140039874579,
      "size": "large",
      "material": "rubber",
      "3d_coords": [
        2.011523962020874,
        2.8503904342651367,
        0.30000001192092896
      ]
    }
  ],
  "image_filename": "CLEVR_new_000809.png",
  "split": "new"
}