{
  "relationships": {
    "right": [
      [
        1,
        2,
        4,
        7
      ],
      [
        2,
        7
      ],
      [],
      [
        0,
        1,
        2,
        4,
        5,
        6,
        7
      ],
      [
        1,
        2,
        7
      ],
      [
        0,
        1,
        2,
        4,
        6,
        7
      ],
      [
        0,
        1,
        2,
        4,
        7
      ],
      [
        2
      ]
    ],
    "left": [
      [
        3,
        5,
        6
      ],
      [
        0,
        3,
        4,
        5,
        6
      ],
      [
        0,
        1,
        3,
        4,
        5,
        6,
        7
      ],
      [],
      [
        0,
        3,
        5,
        6
      ],
      [
        3
      ],
      [
        3,
        5
      ],
      [
        0,
        1,
        3,
        4,
        5,
        6
      ]
    ],
    "behind": [
      [
        1,
        2,
        3,
        4,
        5,
        6,
        7
      ],
      [
        2,
        6
      ],
      [
        6
      ],
      [
        1,
        2,
        4,
        6,
        7
      ],
      [
        1,
        2,
        6,
        7
      ],
      [
        1,
        2,
        3,
        4,
        6,
        7
      ],
      [],
      [
        1,
        2,
        6
      ]
    ],
    "front": [
      [],
      [
        0,
        3,
        4,
        5,
        7
      ],
      [
        0,
        1,
        3,
        4,
        5,
        7
      ],
      [
        0,
        5
      ],
      [
        0,
        3,
        5
      ],
      [
        0
      ],
      [
        0,
        1,
        2,
        3,
        4,
        5,
        7
      ],
      [
        0,
        3,
        4,
        5
      ]
    ]
  },
  "image_index": 828,
  "directions": {
    "below": [
      -0.0,
      -0.0,
      -1.0
    ],
    "left": [
      -0.6563112735748291,
      -0.7544902563095093,
      0.0
    ],
    "above": [
      0.0,
      0.0,
      1.0
    ],
    "front": [
      0.754490315914154,
      -0.6563112735748291,
      -0.0
    ],
    "behind": [
      -0.754490315914154,
      0.6563112735748291,
      0.0
    ],
    "right": [
      0.6563112735748291,
      0.7544902563095093,
      -0.0
    ]
  },
  "objects": [
    {
      "shape": "cylinder",
      "pixel_coords": [
        299,
        331,
        8.55718994140625
      ],
      "color": "brown",
      "rotation": 166.972387977814,
      "size": "small",
      "material": "rubber",
      "3d_coords": [
        1.8663032054901123,
        -1.9465162754058838,
        0.30000001192092896
      ]
    },
    {
      "shape": "cube",
      "pixel_coords": [
        364,
        200,
        11.559569358825684
      ],
      "color": "cyan",
      "rotation": 69.06792357139844,
      "size": "large",
      "material": "rubber",
      "3d_coords": [
        -0.1332862675189972,
        1.0733121633529663,
        0.30000001192092896
      ]
    },
    {
      "shape": "cylinder",
      "pixel_coords": [
        446,
        178,
        12.265716552734375
      ],
      "color": "green",
      "rotation": 4.632801841202405,
      "size": "small",
      "material": "rubber",
      "3d_coords": [
        0.21022890508174896,
        2.725740671157837,
        0.30000001192092896
      ]
    },
    {
      "shape": "cylinder",
      "pixel_coords": [
        132,
        280,
        9.519247055053711
      ],
      "color": "red",
      "rotation": 355.57496652553294,
      "size": "large",
      "material": "rubber",
      "3d_coords": [
        -0.48282361030578613,
        -2.9567346572875977,
        0.30000001192092896
      ]
    },
    {
      "shape": "cube",
      "pixel_coords": [
        344,
        264,
        9.859498023986816
      ],
      "color": "red",
      "rotation": 104.12784508572066,
      "size": "small",
      "material": "rubber",
      "3d_coords": [
        1.1079515218734741,
        -0.5104609727859497,
        0.30000001192092896
      ]
    },
    {
      "shape": "cube",
      "pixel_coords": [
        218,
        309,
        8.93543815612793
      ],
      "color": "green",
      "rotation": 222.19222559793283,
      "size": "large",
      "material": "rubber",
      "3d_coords": [
        0.8502405881881714,
        -2.4507498741149902,
        0.30000001192092896
      ]
    },
    {
      "shape": "cylinder",
      "pixel_coords": [
        270,
        161,
        12.88335132598877
      ],
      "color": "gray",
      "rotation": 14.386262032541826,
      "size": "large",
      "material": "rubber",
      "3d_coords": [
        -2.3671092987060547,
        0.839320182800293,
        0.30000001192092896
      ]
    },
    {
      "shape": "sphere",
      "pixel_coords": [
        443,
        235,
        10.560622215270996
      ],
      "color": "cyan",
      "rotation": 306.352857317877,
      "size": "small",
      "material": "rubber",
      "3d_coords": [
        1.4857152700424194,
        1.1726921796798706,
        0.30000001192092896
      ]
    }
  ],
  "image_filename": "CLEVR_new_000828.png",
  "split": "new"
}