{
  "relationships": {
    "right": [
      [
        4
      ],
      [
        0,
        4
      ],
      [
        0,
        1,
        3,
        4,
        5,
        6,
        7
      ],
      [
        0,
        1,
        4,
        6
      ],
      [],
      [
        0,
        1,
        3,
        4,
        6,
        7
      ],
      [
        0,
        1,
        4
      ],
      [
        0,
        1,
        3,
        4,
        6
      ]
    ],
    "left": [
      [
        1,
        2,
        3,
        5,
        6,
        7
      ],
      [
        2,
        3,
        5,
        6,
        7
      ],
      [],
      [
        2,
        5,
        7
      ],
      [
        0,
        1,
        2,
        3,
        5,
        6,
        7
      ],
      [
        2
      ],
      [
        2,
        3,
        5,
        7
      ],
      [
        2,
        5
      ]
    ],
    "behind": [
      [
        3
      ],
      [
        0,
        2,
        3,
        4,
        5,
        6,
        7
      ],
      [
        0,
        3,
        5,
        6
      ],
      [],
      [
        0,
        2,
        3,
        5,
        6,
        7
      ],
      [
        0,
        3
      ],
      [
        0,
        3,
        5
      ],
      [
        0,
        2,
        3,
        5,
        6
      ]
    ],
    "front": [
      [
        1,
        2,
        4,
        5,
        6,
        7
      ],
      [],
      [
        1,
        4,
        7
      ],
      [
        0,
        1,
        2,
        4,
        5,
        6,
        7
      ],
      [
        1
      ],
      [
        1,
        2,
        4,
        6,
        7
      ],
      [
        1,
        2,
        4,
        7
      ],
      [
        1,
        4
      ]
    ]
  },
  "image_index": 813,
  "directions": {
    "below": [
      -0.0,
      -0.0,
      -1.0
    ],
    "left": [
      -0.6563112735748291,
      -0.7544902563095093,
      0.0
    ],
    "above": [
      0.0,
      0.0,
      1.0
    ],
    "front": [
      0.754490315914154,
      -0.6563112735748291,
      -0.0
    ],
    "behind": [
      -0.754490315914154,
      0.6563112735748291,
      0.0
    ],
    "right": [
      0.6563112735748291,
      0.7544902563095093,
      -0.0
    ]
  },
  "objects": [
    {
      "shape": "sphere",
      "pixel_coords": [
        332,
        194,
        11.586969375610352
      ],
      "color": "blue",
      "rotation": 136.1796737425285,
      "size": "large",
      "material": "rubber",
      "3d_coords": [
        -0.670412540435791,
        0.8330994844436646,
        0.30000001192092896
      ]
    },
    {
      "shape": "cylinder",
      "pixel_coords": [
        273,
        406,
        7.083117961883545
      ],
      "color": "cyan",
      "rotation": 97.19252262536094,
      "size": "small",
      "material": "rubber",
      "3d_coords": [
        2.8092784881591797,
        -2.992445468902588,
        0.30000001192092896
      ]
    },
    {
      "shape": "sphere",
      "pixel_coords": [
        145,
        255,
        9.802542686462402
      ],
      "color": "blue",
      "rotation": 125.71832921686527,
      "size": "large",
      "material": "rubber",
      "3d_coords": [
        -0.8323408961296082,
        -2.511187791824341,
        0.30000001192092896
      ]
    },
    {
      "shape": "sphere",
      "pixel_coords": [
        242,
        167,
        12.586304664611816
      ],
      "color": "purple",
      "rotation": 16.179437215908116,
      "size": "large",
      "material": "rubber",
      "3d_coords": [
        -2.577221393585205,
        0.33506736159324646,
        0.30000001192092896
      ]
    },
    {
      "shape": "cylinder",
      "pixel_coords": [
        371,
        331,
        8.222384452819824
      ],
      "color": "yellow",
      "rotation": 219.51783671637926,
      "size": "large",
      "material": "rubber",
      "3d_coords": [
        2.5093994140625,
        -1.335940957069397,
        0.30000001192092896
      ]
    },
    {
      "shape": "cube",
      "pixel_coords": [
        197,
        202,
        11.314285278320312
      ],
      "color": "brown",
      "rotation": 131.6848461890018,
      "size": "small",
      "material": "rubber",
      "3d_coords": [
        -1.8446508646011353,
        -1.0423508882522583,
        0.30000001192092896
      ]
    },
    {
      "shape": "sphere",
      "pixel_coords": [
        270,
        231,
        10.428596496582031
      ],
      "color": "blue",
      "rotation": 103.76412559063917,
      "size": "large",
      "material": "rubber",
      "3d_coords": [
        -0.27139317989349365,
        -0.7394795417785645,
        0.30000001192092896
      ]
    },
    {
      "shape": "sphere",
      "pixel_coords": [
        181,
        286,
        9.080530166625977
      ],
      "color": "red",
      "rotation": 357.5911105014904,
      "size": "small",
      "material": "rubber",
      "3d_coords": [
        0.21455426514148712,
        -2.5439605712890625,
        0.30000001192092896
      ]
    }
  ],
  "image_filename": "CLEVR_new_000813.png",
  "split": "new"
}