{
  "relationships": {
    "right": [
      [],
      [
        0,
        2,
        7
      ],
      [
        0
      ],
      [
        0,
        1,
        2,
        4,
        5,
        6,
        7
      ],
      [
        0,
        1,
        2,
        6,
        7
      ],
      [
        0,
        1,
        2,
        4,
        6,
        7
      ],
      [
        0,
        1,
        2,
        7
      ],
      [
        0,
        2
      ]
    ],
    "left": [
      [
        1,
        2,
        3,
        4,
        5,
        6,
        7
      ],
      [
        3,
        4,
        5,
        6
      ],
      [
        1,
        3,
        4,
        5,
        6,
        7
      ],
      [],
      [
        3,
        5
      ],
      [
        3
      ],
      [
        3,
        4,
        5
      ],
      [
        1,
        3,
        4,
        5,
        6
      ]
    ],
    "behind": [
      [
        1,
        2,
        3,
        4,
        5
      ],
      [
        2,
        4
      ],
      [],
      [
        1,
        2,
        4
      ],
      [
        2
      ],
      [
        1,
        2,
        3,
        4
      ],
      [
        0,
        1,
        2,
        3,
        4,
        5,
        7
      ],
      [
        0,
        1,
        2,
        3,
        4,
        5
      ]
    ],
    "front": [
      [
        6,
        7
      ],
      [
        0,
        3,
        5,
        6,
        7
      ],
      [
        0,
        1,
        3,
        4,
        5,
        6,
        7
      ],
      [
        0,
        5,
        6,
        7
      ],
      [
        0,
        1,
        3,
        5,
        6,
        7
      ],
      [
        0,
        6,
        7
      ],
      [],
      [
        6
      ]
    ]
  },
  "image_index": 820,
  "directions": {
    "below": [
      -0.0,
      -0.0,
      -1.0
    ],
    "left": [
      -0.6563112735748291,
      -0.7544902563095093,
      0.0
    ],
    "above": [
      0.0,
      0.0,
      1.0
    ],
    "front": [
      0.754490315914154,
      -0.6563112735748291,
      -0.0
    ],
    "behind": [
      -0.754490315914154,
      0.6563112735748291,
      0.0
    ],
    "right": [
      0.6563112735748291,
      0.7544902563095093,
      -0.0
    ]
  },
  "objects": [
    {
      "shape": "sphere",
      "pixel_coords": [
        429,
        210,
        12.00310230255127
      ],
      "color": "yellow",
      "rotation": 301.56169495078433,
      "size": "small",
      "material": "rubber",
      "3d_coords": [
        0.8041474223136902,
        1.7656497955322266,
        0.30000001192092896
      ]
    },
    {
      "shape": "cylinder",
      "pixel_coords": [
        323,
        184,
        13.147050857543945
      ],
      "color": "gray",
      "rotation": 218.670014397094,
      "size": "large",
      "material": "rubber",
      "3d_coords": [
        -1.3360297679901123,
        1.2332879304885864,
        0.30000001192092896
      ]
    },
    {
      "shape": "sphere",
      "pixel_coords": [
        363,
        160,
        14.335417747497559
      ],
      "color": "yellow",
      "rotation": 230.78369558969405,
      "size": "small",
      "material": "rubber",
      "3d_coords": [
        -1.7959994077682495,
        2.718158483505249,
        0.30000001192092896
      ]
    },
    {
      "shape": "sphere",
      "pixel_coords": [
        168,
        194,
        12.665437698364258
      ],
      "color": "brown",
      "rotation": 62.91251284690306,
      "size": "small",
      "material": "rubber",
      "3d_coords": [
        -2.77445912361145,
        -1.2463653087615967,
        0.30000001192092896
      ]
    },
    {
      "shape": "sphere",
      "pixel_coords": [
        259,
        178,
        13.389847755432129
      ],
      "color": "brown",
      "rotation": 240.6491705358787,
      "size": "small",
      "material": "rubber",
      "3d_coords": [
        -2.3379366397857666,
        0.48734375834465027,
        0.30000001192092896
      ]
    },
    {
      "shape": "sphere",
      "pixel_coords": [
        241,
        199,
        12.442975997924805
      ],
      "color": "brown",
      "rotation": 102.40672943941544,
      "size": "large",
      "material": "rubber",
      "3d_coords": [
        -1.7024199962615967,
        -0.38486236333847046,
        0.30000001192092896
      ]
    },
    {
      "shape": "cube",
      "pixel_coords": [
        286,
        273,
        9.982505798339844
      ],
      "color": "yellow",
      "rotation": 91.52894003582657,
      "size": "large",
      "material": "rubber",
      "3d_coords": [
        0.9680881500244141,
        -1.473512053489685,
        0.30000001192092896
      ]
    },
    {
      "shape": "cube",
      "pixel_coords": [
        336,
        221,
        11.620884895324707
      ],
      "color": "red",
      "rotation": 215.80425338739315,
      "size": "large",
      "material": "rubber",
      "3d_coords": [
        0.07844343036413193,
        0.27837124466896057,
        0.30000001192092896
      ]
    }
  ],
  "image_filename": "CLEVR_new_000820.png",
  "split": "new"
}