{
  "relationships": {
    "right": [
      [
        1,
        3,
        4,
        6,
        7
      ],
      [
        3,
        4,
        6,
        7
      ],
      [
        0,
        1,
        3,
        4,
        6,
        7
      ],
      [],
      [
        3,
        7
      ],
      [
        0,
        1,
        2,
        3,
        4,
        6,
        7
      ],
      [
        3,
        4,
        7
      ],
      [
        3
      ]
    ],
    "left": [
      [
        2,
        5
      ],
      [
        0,
        2,
        5
      ],
      [
        5
      ],
      [
        0,
        1,
        2,
        4,
        5,
        6,
        7
      ],
      [
        0,
        1,
        2,
        5,
        6
      ],
      [],
      [
        0,
        1,
        2,
        5
      ],
      [
        0,
        1,
        2,
        4,
        5,
        6
      ]
    ],
    "behind": [
      [
        2,
        4,
        6
      ],
      [
        0,
        2,
        3,
        4,
        5,
        6,
        7
      ],
      [
        4,
        6
      ],
      [
        0,
        2,
        4,
        6
      ],
      [
        6
      ],
      [
        0,
        2,
        3,
        4,
        6
      ],
      [],
      [
        0,
        2,
        3,
        4,
        5,
        6
      ]
    ],
    "front": [
      [
        1,
        3,
        5,
        7
      ],
      [],
      [
        0,
        1,
        3,
        5,
        7
      ],
      [
        1,
        5,
        7
      ],
      [
        0,
        1,
        2,
        3,
        5,
        7
      ],
      [
        1,
        7
      ],
      [
        0,
        1,
        2,
        3,
        4,
        5,
        7
      ],
      [
        1
      ]
    ]
  },
  "image_index": 840,
  "directions": {
    "below": [
      -0.0,
      -0.0,
      -1.0
    ],
    "left": [
      -0.6563112735748291,
      -0.7544902563095093,
      0.0
    ],
    "above": [
      0.0,
      0.0,
      1.0
    ],
    "front": [
      0.754490315914154,
      -0.6563112735748291,
      -0.0
    ],
    "behind": [
      -0.754490315914154,
      0.6563112735748291,
      0.0
    ],
    "right": [
      0.6563112735748291,
      0.7544902563095093,
      -0.0
    ]
  },
  "objects": [
    {
      "shape": "cylinder",
      "pixel_coords": [
        267,
        228,
        11.378316879272461
      ],
      "color": "gray",
      "rotation": 193.17398797048372,
      "size": "large",
      "material": "rubber",
      "3d_coords": [
        -0.43840906023979187,
        -0.7498095631599426,
        0.30000001192092896
      ]
    },
    {
      "shape": "sphere",
      "pixel_coords": [
        263,
        364,
        8.306188583374023
      ],
      "color": "yellow",
      "rotation": 276.60603738788404,
      "size": "large",
      "material": "rubber",
      "3d_coords": [
        2.3483712673187256,
        -2.866933822631836,
        0.30000001192092896
      ]
    },
    {
      "shape": "cube",
      "pixel_coords": [
        213,
        192,
        12.623406410217285
      ],
      "color": "cyan",
      "rotation": 268.3747948882535,
      "size": "small",
      "material": "rubber",
      "3d_coords": [
        -2.217087984085083,
        -0.660178542137146,
        0.30000001192092896
      ]
    },
    {
      "shape": "sphere",
      "pixel_coords": [
        475,
        241,
        10.98118782043457
      ],
      "color": "purple",
      "rotation": 70.27694562385398,
      "size": "large",
      "material": "rubber",
      "3d_coords": [
        2.02893328666687,
        1.470387578010559,
        0.30000001192092896
      ]
    },
    {
      "shape": "sphere",
      "pixel_coords": [
        385,
        182,
        13.015262603759766
      ],
      "color": "gray",
      "rotation": 32.6128619468611,
      "size": "small",
      "material": "rubber",
      "3d_coords": [
        -0.5228175520896912,
        2.0358386039733887,
        0.30000001192092896
      ]
    },
    {
      "shape": "cube",
      "pixel_coords": [
        162,
        264,
        10.361310005187988
      ],
      "color": "green",
      "rotation": 122.59576453357923,
      "size": "small",
      "material": "rubber",
      "3d_coords": [
        -0.5137895345687866,
        -2.6317713260650635,
        0.30000001192092896
      ]
    },
    {
      "shape": "cylinder",
      "pixel_coords": [
        337,
        171,
        13.453750610351562
      ],
      "color": "yellow",
      "rotation": 49.51637013960689,
      "size": "small",
      "material": "rubber",
      "3d_coords": [
        -1.4845457077026367,
        1.670528769493103,
        0.30000001192092896
      ]
    },
    {
      "shape": "cube",
      "pixel_coords": [
        423,
        287,
        9.810441017150879
      ],
      "color": "yellow",
      "rotation": 145.61078278114567,
      "size": "small",
      "material": "rubber",
      "3d_coords": [
        2.408830165863037,
        -0.1437341421842575,
        0.30000001192092896
      ]
    }
  ],
  "image_filename": "CLEVR_new_000840.png",
  "split": "new"
}