{
  "relationships": {
    "right": [
      [
        1,
        2,
        3,
        4,
        5,
        6
      ],
      [
        2,
        3,
        4,
        5,
        6
      ],
      [
        3,
        4,
        5,
        6
      ],
      [
        4,
        6
      ],
      [
        6
      ],
      [
        3,
        4,
        6
      ],
      [],
      [
        0,
        1,
        2,
        3,
        4,
        5,
        6
      ]
    ],
    "left": [
      [
        7
      ],
      [
        0,
        7
      ],
      [
        0,
        1,
        7
      ],
      [
        0,
        1,
        2,
        5,
        7
      ],
      [
        0,
        1,
        2,
        3,
        5,
        7
      ],
      [
        0,
        1,
        2,
        7
      ],
      [
        0,
        1,
        2,
        3,
        4,
        5,
        7
      ],
      []
    ],
    "behind": [
      [],
      [
        0
      ],
      [
        0,
        1,
        3,
        4,
        5,
        6,
        7
      ],
      [
        0,
        1,
        4,
        5,
        6
      ],
      [
        0,
        1
      ],
      [
        0,
        1,
        4
      ],
      [
        0,
        1,
        4,
        5
      ],
      [
        0,
        1,
        3,
        4,
        5,
        6
      ]
    ],
    "front": [
      [
        1,
        2,
        3,
        4,
        5,
        6,
        7
      ],
      [
        2,
        3,
        4,
        5,
        6,
        7
      ],
      [],
      [
        2,
        7
      ],
      [
        2,
        3,
        5,
        6,
        7
      ],
      [
        2,
        3,
        6,
        7
      ],
      [
        2,
        3,
        7
      ],
      [
        2
      ]
    ]
  },
  "image_index": 817,
  "directions": {
    "below": [
      -0.0,
      -0.0,
      -1.0
    ],
    "left": [
      -0.6563112735748291,
      -0.7544902563095093,
      0.0
    ],
    "above": [
      0.0,
      0.0,
      1.0
    ],
    "front": [
      0.754490315914154,
      -0.6563112735748291,
      -0.0
    ],
    "behind": [
      -0.754490315914154,
      0.6563112735748291,
      0.0
    ],
    "right": [
      0.6563112735748291,
      0.7544902563095093,
      -0.0
    ]
  },
  "objects": [
    {
      "shape": "sphere",
      "pixel_coords": [
        275,
        198,
        12.090778350830078
      ],
      "color": "yellow",
      "rotation": 357.91240210590826,
      "size": "large",
      "material": "rubber",
      "3d_coords": [
        -1.2220042943954468,
        0.07608024775981903,
        0.30000001192092896
      ]
    },
    {
      "shape": "cylinder",
      "pixel_coords": [
        321,
        203,
        11.93298625946045
      ],
      "color": "purple",
      "rotation": 142.64598720047198,
      "size": "large",
      "material": "rubber",
      "3d_coords": [
        -0.5438348650932312,
        0.5279603004455566,
        0.30000001192092896
      ]
    },
    {
      "shape": "sphere",
      "pixel_coords": [
        356,
        301,
        9.34919548034668
      ],
      "color": "gray",
      "rotation": 282.9051932752971,
      "size": "small",
      "material": "rubber",
      "3d_coords": [
        1.9319477081298828,
        -1.1676678657531738,
        0.30000001192092896
      ]
    },
    {
      "shape": "cylinder",
      "pixel_coords": [
        436,
        252,
        10.477821350097656
      ],
      "color": "purple",
      "rotation": 16.75787388148548,
      "size": "large",
      "material": "rubber",
      "3d_coords": [
        1.8542321920394897,
        0.6309342980384827,
        0.30000001192092896
      ]
    },
    {
      "shape": "sphere",
      "pixel_coords": [
        492,
        216,
        11.517500877380371
      ],
      "color": "brown",
      "rotation": 220.76368444364266,
      "size": "small",
      "material": "rubber",
      "3d_coords": [
        1.7393487691879272,
        2.2421603202819824,
        0.30000001192092896
      ]
    },
    {
      "shape": "cube",
      "pixel_coords": [
        373,
        227,
        11.188128471374512
      ],
      "color": "blue",
      "rotation": 21.614526949825446,
      "size": "small",
      "material": "rubber",
      "3d_coords": [
        0.6557053327560425,
        0.5511977076530457,
        0.30000001192092896
      ]
    },
    {
      "shape": "sphere",
      "pixel_coords": [
        571,
        233,
        11.012686729431152
      ],
      "color": "purple",
      "rotation": 275.48892995855147,
      "size": "small",
      "material": "rubber",
      "3d_coords": [
        2.932650566101074,
        2.6587836742401123,
        0.30000001192092896
      ]
    },
    {
      "shape": "cylinder",
      "pixel_coords": [
        135,
        276,
        9.899300575256348
      ],
      "color": "blue",
      "rotation": 35.87747230615002,
      "size": "small",
      "material": "rubber",
      "3d_coords": [
        -0.6577630639076233,
        -2.9806458950042725,
        0.30000001192092896
      ]
    }
  ],
  "image_filename": "CLEVR_new_000817.png",
  "split": "new"
}