{
  "relationships": {
    "right": [
      [
        1,
        7
      ],
      [
        7
      ],
      [
        0,
        1,
        3,
        4,
        5,
        6,
        7
      ],
      [
        0,
        1,
        7
      ],
      [
        0,
        1,
        3,
        5,
        7
      ],
      [
        0,
        1,
        3,
        7
      ],
      [
        0,
        1,
        3,
        4,
        5,
        7
      ],
      []
    ],
    "left": [
      [
        2,
        3,
        4,
        5,
        6
      ],
      [
        0,
        2,
        3,
        4,
        5,
        6
      ],
      [],
      [
        2,
        4,
        5,
        6
      ],
      [
        2,
        6
      ],
      [
        2,
        4,
        6
      ],
      [
        2
      ],
      [
        0,
        1,
        2,
        3,
        4,
        5,
        6
      ]
    ],
    "behind": [
      [
        1,
        2,
        5,
        6,
        7
      ],
      [
        5,
        6
      ],
      [
        1,
        5,
        6
      ],
      [
        0,
        1,
        2,
        5,
        6,
        7
      ],
      [
        0,
        1,
        2,
        3,
        5,
        6,
        7
      ],
      [],
      [
        5
      ],
      [
        1,
        2,
        5,
        6
      ]
    ],
    "front": [
      [
        3,
        4
      ],
      [
        0,
        2,
        3,
        4,
        7
      ],
      [
        0,
        3,
        4,
        7
      ],
      [
        4
      ],
      [],
      [
        0,
        1,
        2,
        3,
        4,
        6,
        7
      ],
      [
        0,
        1,
        2,
        3,
        4,
        7
      ],
      [
        0,
        3,
        4
      ]
    ]
  },
  "image_index": 801,
  "directions": {
    "below": [
      -0.0,
      -0.0,
      -1.0
    ],
    "left": [
      -0.6563112735748291,
      -0.7544902563095093,
      0.0
    ],
    "above": [
      0.0,
      0.0,
      1.0
    ],
    "front": [
      0.754490315914154,
      -0.6563112735748291,
      -0.0
    ],
    "behind": [
      -0.754490315914154,
      0.6563112735748291,
      0.0
    ],
    "right": [
      0.6563112735748291,
      0.7544902563095093,
      -0.0
    ]
  },
  "objects": [
    {
      "shape": "cylinder",
      "pixel_coords": [
        355,
        290,
        9.501565933227539
      ],
      "color": "yellow",
      "rotation": 213.13009235198703,
      "size": "large",
      "material": "rubber",
      "3d_coords": [
        1.762747049331665,
        -0.7813695073127747,
        0.30000001192092896
      ]
    },
    {
      "shape": "sphere",
      "pixel_coords": [
        398,
        188,
        12.229058265686035
      ],
      "color": "green",
      "rotation": 131.8713216308978,
      "size": "large",
      "material": "rubber",
      "3d_coords": [
        -0.16449108719825745,
        1.8663041591644287,
        0.30000001192092896
      ]
    },
    {
      "shape": "cube",
      "pixel_coords": [
        154,
        189,
        12.201324462890625
      ],
      "color": "gray",
      "rotation": 45.96403899221062,
      "size": "small",
      "material": "rubber",
      "3d_coords": [
        -2.7739791870117188,
        -1.5034815073013306,
        0.30000001192092896
      ]
    },
    {
      "shape": "cylinder",
      "pixel_coords": [
        324,
        356,
        8.293781280517578
      ],
      "color": "blue",
      "rotation": 317.71364203302875,
      "size": "small",
      "material": "rubber",
      "3d_coords": [
        2.5966994762420654,
        -1.9785562753677368,
        0.30000001192092896
      ]
    },
    {
      "shape": "cylinder",
      "pixel_coords": [
        260,
        379,
        7.944128036499023
      ],
      "color": "red",
      "rotation": 93.6500998724683,
      "size": "large",
      "material": "rubber",
      "3d_coords": [
        2.4647037982940674,
        -2.7999496459960938,
        0.30000001192092896
      ]
    },
    {
      "shape": "cylinder",
      "pixel_coords": [
        321,
        145,
        13.940420150756836
      ],
      "color": "red",
      "rotation": 203.07837480011142,
      "size": "small",
      "material": "rubber",
      "3d_coords": [
        -2.5554893016815186,
        2.0249898433685303,
        0.30000001192092896
      ]
    },
    {
      "shape": "sphere",
      "pixel_coords": [
        234,
        175,
        12.694536209106445
      ],
      "color": "brown",
      "rotation": 87.54791586653069,
      "size": "large",
      "material": "rubber",
      "3d_coords": [
        -2.392435312271118,
        -0.09645485877990723,
        0.30000001192092896
      ]
    },
    {
      "shape": "sphere",
      "pixel_coords": [
        471,
        204,
        11.6986665725708
      ],
      "color": "green",
      "rotation": 351.65481736086855,
      "size": "small",
      "material": "rubber",
      "3d_coords": [
        1.0371111631393433,
        2.402740716934204,
        0.30000001192092896
      ]
    }
  ],
  "image_filename": "CLEVR_new_000801.png",
  "split": "new"
}