{
  "directions": {
    "above": [
      0.0,
      0.0,
      1.0
    ],
    "left": [
      -0.6563112735748291,
      -0.7544902563095093,
      0.0
    ],
    "front": [
      0.754490315914154,
      -0.6563112735748291,
      -0.0
    ],
    "below": [
      -0.0,
      -0.0,
      -1.0
    ],
    "behind": [
      -0.754490315914154,
      0.6563112735748291,
      0.0
    ],
    "right": [
      0.6563112735748291,
      0.7544902563095093,
      -0.0
    ]
  },
  "image_filename": "CLEVR_new_001009.png",
  "image_index": 1009,
  "relationships": {
    "front": [
      [
        1,
        2,
        3,
        7
      ],
      [],
      [
        1,
        3,
        7
      ],
      [
        1
      ],
      [
        0,
        1,
        2,
        3,
        5,
        7
      ],
      [
        0,
        1,
        2,
        3,
        7
      ],
      [
        0,
        1,
        2,
        3,
        4,
        5,
        7
      ],
      [
        1,
        3
      ],
      [
        0,
        1,
        2,
        3,
        4,
        5,
        6,
        7,
        9
      ],
      [
        0,
        1,
        2,
        3,
        4,
        5,
        6,
        7
      ]
    ],
    "left": [
      [],
      [
        0,
        2,
        4
      ],
      [
        0
      ],
      [
        0,
        1,
        2,
        4,
        8
      ],
      [
        0,
        2
      ],
      [
        0,
        1,
        2,
        3,
        4,
        6,
        7,
        8,
        9
      ],
      [
        0,
        1,
        2,
        3,
        4,
        8
      ],
      [
        0,
        1,
        2,
        3,
        4,
        6,
        8,
        9
      ],
      [
        0,
        1,
        2,
        4
      ],
      [
        0,
        1,
        2,
        3,
        4,
        6,
        8
      ]
    ],
    "behind": [
      [
        4,
        5,
        6,
        8,
        9
      ],
      [
        0,
        2,
        3,
        4,
        5,
        6,
        7,
        8,
        9
      ],
      [
        0,
        4,
        5,
        6,
        8,
        9
      ],
      [
        0,
        2,
        4,
        5,
        6,
        7,
        8,
        9
      ],
      [
        6,
        8,
        9
      ],
      [
        4,
        6,
        8,
        9
      ],
      [
        8,
        9
      ],
      [
        0,
        2,
        4,
        5,
        6,
        8,
        9
      ],
      [],
      [
        8
      ]
    ],
    "right": [
      [
        1,
        2,
        3,
        4,
        5,
        6,
        7,
        8,
        9
      ],
      [
        3,
        5,
        6,
        7,
        8,
        9
      ],
      [
        1,
        3,
        4,
        5,
        6,
        7,
        8,
        9
      ],
      [
        5,
        6,
        7,
        9
      ],
      [
        1,
        3,
        5,
        6,
        7,
        8,
        9
      ],
      [],
      [
        5,
        7,
        9
      ],
      [
        5
      ],
      [
        3,
        5,
        6,
        7,
        9
      ],
      [
        5,
        7
      ]
    ]
  },
  "split": "new",
  "objects": [
    {
      "3d_coords": [
        -2.4330568313598633,
        -2.1304659843444824,
        0.30000001192092896
      ],
      "rotation": 301.6846834520724,
      "color": "brown",
      "shape": "cube",
      "pixel_coords": [
        116,
        211,
        11.016386985778809
      ],
      "material": "rubber",
      "size": "large"
    },
    {
      "3d_coords": [
        1.810526967048645,
        -2.7271344661712646,
        0.30000001192092896
      ],
      "rotation": 41.863362442259316,
      "color": "red",
      "shape": "sphere",
      "pixel_coords": [
        246,
        347,
        7.853302478790283
      ],
      "material": "rubber",
      "size": "large"
    },
    {
      "3d_coords": [
        -1.6105347871780396,
        -2.466883420944214,
        0.30000001192092896
      ],
      "rotation": 303.9433065464677,
      "color": "gray",
      "shape": "cube",
      "pixel_coords": [
        121,
        236,
        10.273046493530273
      ],
      "material": "rubber",
      "size": "large"
    },
    {
      "3d_coords": [
        1.2076404094696045,
        -1.068115472793579,
        0.30000001192092896
      ],
      "rotation": 270.9260142103002,
      "color": "green",
      "shape": "sphere",
      "pixel_coords": [
        320,
        276,
        9.231463432312012
      ],
      "material": "rubber",
      "size": "small"
    },
    {
      "3d_coords": [
        -2.674879312515259,
        -0.7328487634658813,
        0.30000001192092896
      ],
      "rotation": 101.12247570901789,
      "color": "brown",
      "shape": "cube",
      "pixel_coords": [
        184,
        184,
        12.001147270202637
      ],
      "material": "rubber",
      "size": "large"
    },
    {
      "3d_coords": [
        0.6575344204902649,
        2.42496657371521,
        0.30000001192092896
      ],
      "rotation": 155.6569772973837,
      "color": "gray",
      "shape": "cube",
      "pixel_coords": [
        455,
        193,
        11.656728744506836
      ],
      "material": "rubber",
      "size": "small"
    },
    {
      "3d_coords": [
        -1.3716062307357788,
        1.6089966297149658,
        0.30000001192092896
      ],
      "rotation": 321.9369882400438,
      "color": "yellow",
      "shape": "cylinder",
      "pixel_coords": [
        336,
        171,
        12.519474983215332
      ],
      "material": "rubber",
      "size": "small"
    },
    {
      "3d_coords": [
        2.0412802696228027,
        0.3422755300998688,
        0.30000001192092896
      ],
      "rotation": 69.34591020298092,
      "color": "purple",
      "shape": "cylinder",
      "pixel_coords": [
        439,
        264,
        9.511345863342285
      ],
      "material": "rubber",
      "size": "large"
    },
    {
      "3d_coords": [
        -2.794461488723755,
        1.8807921409606934,
        0.30000001192092896
      ],
      "rotation": 341.6516679884025,
      "color": "green",
      "shape": "cylinder",
      "pixel_coords": [
        297,
        147,
        13.622365951538086
      ],
      "material": "rubber",
      "size": "small"
    },
    {
      "3d_coords": [
        -1.507978916168213,
        2.9877114295959473,
        0.30000001192092896
      ],
      "rotation": 163.9760236464272,
      "color": "yellow",
      "shape": "cylinder",
      "pixel_coords": [
        384,
        151,
        13.42323112487793
      ],
      "material": "rubber",
      "size": "large"
    }
  ]
}