{
  "directions": {
    "above": [
      0.0,
      0.0,
      1.0
    ],
    "left": [
      -0.6563112735748291,
      -0.7544902563095093,
      0.0
    ],
    "front": [
      0.754490315914154,
      -0.6563112735748291,
      -0.0
    ],
    "below": [
      -0.0,
      -0.0,
      -1.0
    ],
    "behind": [
      -0.754490315914154,
      0.6563112735748291,
      0.0
    ],
    "right": [
      0.6563112735748291,
      0.7544902563095093,
      -0.0
    ]
  },
  "image_filename": "CLEVR_new_001029.png",
  "image_index": 1029,
  "relationships": {
    "front": [
      [
        3
      ],
      [
        0,
        2,
        3,
        5,
        6,
        8
      ],
      [
        0,
        3
      ],
      [],
      [
        0,
        1,
        2,
        3,
        5,
        6,
        8,
        9
      ],
      [
        0,
        2,
        3,
        6,
        8
      ],
      [
        0,
        2,
        3,
        8
      ],
      [
        0,
        1,
        2,
        3,
        4,
        5,
        6,
        8,
        9
      ],
      [
        0,
        2,
        3
      ],
      [
        0,
        1,
        2,
        3,
        5,
        6,
        8
      ]
    ],
    "left": [
      [
        2,
        3,
        4,
        5,
        7,
        9
      ],
      [
        0,
        2,
        3,
        4,
        5,
        6,
        7,
        8,
        9
      ],
      [],
      [
        2
      ],
      [
        2,
        3
      ],
      [
        2,
        3,
        4,
        7
      ],
      [
        0,
        2,
        3,
        4,
        5,
        7,
        9
      ],
      [
        2,
        3,
        4
      ],
      [
        0,
        2,
        3,
        4,
        5,
        6,
        7,
        9
      ],
      [
        2,
        3,
        4,
        5,
        7
      ]
    ],
    "behind": [
      [
        1,
        2,
        4,
        5,
        6,
        7,
        8,
        9
      ],
      [
        4,
        7,
        9
      ],
      [
        1,
        4,
        5,
        6,
        7,
        8,
        9
      ],
      [
        0,
        1,
        2,
        4,
        5,
        6,
        7,
        8,
        9
      ],
      [
        7
      ],
      [
        1,
        4,
        7,
        9
      ],
      [
        1,
        4,
        5,
        7,
        9
      ],
      [],
      [
        1,
        4,
        5,
        6,
        7,
        9
      ],
      [
        4,
        7
      ]
    ],
    "right": [
      [
        1,
        6,
        8
      ],
      [],
      [
        0,
        1,
        3,
        4,
        5,
        6,
        7,
        8,
        9
      ],
      [
        0,
        1,
        4,
        5,
        6,
        7,
        8,
        9
      ],
      [
        0,
        1,
        5,
        6,
        7,
        8,
        9
      ],
      [
        0,
        1,
        6,
        8,
        9
      ],
      [
        1,
        8
      ],
      [
        0,
        1,
        5,
        6,
        8,
        9
      ],
      [
        1
      ],
      [
        0,
        1,
        6,
        8
      ]
    ]
  },
  "split": "new",
  "objects": [
    {
      "3d_coords": [
        2.276700735092163,
        -0.4341611862182617,
        0.30000001192092896
      ],
      "rotation": 261.51199641736815,
      "color": "purple",
      "shape": "cylinder",
      "pixel_coords": [
        407,
        287,
        9.731008529663086
      ],
      "material": "rubber",
      "size": "small"
    },
    {
      "3d_coords": [
        0.9822245836257935,
        2.426163673400879,
        0.30000001192092896
      ],
      "rotation": 119.08675786051413,
      "color": "gray",
      "shape": "sphere",
      "pixel_coords": [
        460,
        201,
        12.281805992126465
      ],
      "material": "rubber",
      "size": "large"
    },
    {
      "3d_coords": [
        -0.08345425128936768,
        -2.3456082344055176,
        0.30000001192092896
      ],
      "rotation": 264.6892442744359,
      "color": "brown",
      "shape": "cube",
      "pixel_coords": [
        197,
        271,
        10.12993335723877
      ],
      "material": "rubber",
      "size": "large"
    },
    {
      "3d_coords": [
        1.1447327136993408,
        -2.158151388168335,
        0.30000001192092896
      ],
      "rotation": 239.9803772851128,
      "color": "green",
      "shape": "cylinder",
      "pixel_coords": [
        259,
        300,
        9.440731048583984
      ],
      "material": "rubber",
      "size": "large"
    },
    {
      "3d_coords": [
        -2.515242576599121,
        1.6304116249084473,
        0.30000001192092896
      ],
      "rotation": 155.53301947904816,
      "color": "purple",
      "shape": "sphere",
      "pixel_coords": [
        295,
        158,
        14.088147163391113
      ],
      "material": "rubber",
      "size": "small"
    },
    {
      "3d_coords": [
        -0.22812162339687347,
        0.27767664194107056,
        0.30000001192092896
      ],
      "rotation": 127.5806336697886,
      "color": "green",
      "shape": "cylinder",
      "pixel_coords": [
        323,
        214,
        11.789386749267578
      ],
      "material": "rubber",
      "size": "large"
    },
    {
      "3d_coords": [
        0.969182014465332,
        1.1160424947738647,
        0.30000001192092896
      ],
      "rotation": 26.490542794963375,
      "color": "cyan",
      "shape": "sphere",
      "pixel_coords": [
        410,
        223,
        11.508670806884766
      ],
      "material": "rubber",
      "size": "large"
    },
    {
      "3d_coords": [
        -2.9460906982421875,
        2.3321213722229004,
        0.30000001192092896
      ],
      "rotation": 145.5517626934481,
      "color": "red",
      "shape": "sphere",
      "pixel_coords": [
        307,
        144,
        14.787805557250977
      ],
      "material": "rubber",
      "size": "small"
    },
    {
      "3d_coords": [
        2.2266786098480225,
        1.0440115928649902,
        0.30000001192092896
      ],
      "rotation": 216.37172086655926,
      "color": "gray",
      "shape": "cube",
      "pixel_coords": [
        469,
        251,
        10.645537376403809
      ],
      "material": "rubber",
      "size": "large"
    },
    {
      "3d_coords": [
        -0.8811501860618591,
        1.8713371753692627,
        0.30000001192092896
      ],
      "rotation": 196.37080361779692,
      "color": "cyan",
      "shape": "cube",
      "pixel_coords": [
        362,
        178,
        13.166108131408691
      ],
      "material": "rubber",
      "size": "small"
    }
  ]
}