{
  "relationships": {
    "right": [
      [
        3,
        5,
        6
      ],
      [
        0,
        2,
        3,
        5,
        6,
        7
      ],
      [
        0,
        3,
        5,
        6
      ],
      [
        6
      ],
      [
        0,
        1,
        2,
        3,
        5,
        6,
        7
      ],
      [
        3,
        6
      ],
      [],
      [
        0,
        2,
        3,
        5,
        6
      ]
    ],
    "left": [
      [
        1,
        2,
        4,
        7
      ],
      [
        4
      ],
      [
        1,
        4,
        7
      ],
      [
        0,
        1,
        2,
        4,
        5,
        7
      ],
      [],
      [
        0,
        1,
        2,
        4,
        7
      ],
      [
        0,
        1,
        2,
        3,
        4,
        5,
        7
      ],
      [
        1,
        4
      ]
    ],
    "behind": [
      [
        1,
        2,
        3,
        4,
        5,
        6,
        7
      ],
      [
        3,
        5,
        6,
        7
      ],
      [
        1,
        3,
        5,
        6,
        7
      ],
      [],
      [
        1,
        2,
        3,
        5,
        6,
        7
      ],
      [
        3,
        6,
        7
      ],
      [
        3,
        7
      ],
      [
        3
      ]
    ],
    "front": [
      [],
      [
        0,
        2,
        4
      ],
      [
        0,
        4
      ],
      [
        0,
        1,
        2,
        4,
        5,
        6,
        7
      ],
      [
        0
      ],
      [
        0,
        1,
        2,
        4
      ],
      [
        0,
        1,
        2,
        4,
        5
      ],
      [
        0,
        1,
        2,
        4,
        5,
        6
      ]
    ]
  },
  "image_index": 842,
  "directions": {
    "below": [
      -0.0,
      -0.0,
      -1.0
    ],
    "left": [
      -0.6563112735748291,
      -0.7544902563095093,
      0.0
    ],
    "above": [
      0.0,
      0.0,
      1.0
    ],
    "front": [
      0.754490315914154,
      -0.6563112735748291,
      -0.0
    ],
    "behind": [
      -0.754490315914154,
      0.6563112735748291,
      0.0
    ],
    "right": [
      0.6563112735748291,
      0.7544902563095093,
      -0.0
    ]
  },
  "objects": [
    {
      "shape": "cylinder",
      "pixel_coords": [
        354,
        294,
        9.332441329956055
      ],
      "color": "purple",
      "rotation": 198.1504731017249,
      "size": "small",
      "material": "rubber",
      "3d_coords": [
        1.7996890544891357,
        -0.9475390911102295,
        0.30000001192092896
      ]
    },
    {
      "shape": "cylinder",
      "pixel_coords": [
        251,
        214,
        11.33967399597168
      ],
      "color": "green",
      "rotation": 4.957530180149763,
      "size": "large",
      "material": "rubber",
      "3d_coords": [
        -0.9825658202171326,
        -0.6363540887832642,
        0.30000001192092896
      ]
    },
    {
      "shape": "sphere",
      "pixel_coords": [
        330,
        240,
        10.585365295410156
      ],
      "color": "red",
      "rotation": 7.114492262565073,
      "size": "small",
      "material": "rubber",
      "3d_coords": [
        0.5067453980445862,
        -0.2392210215330124,
        0.30000001192092896
      ]
    },
    {
      "shape": "cube",
      "pixel_coords": [
        387,
        164,
        13.095072746276855
      ],
      "color": "yellow",
      "rotation": 85.81175184234284,
      "size": "small",
      "material": "rubber",
      "3d_coords": [
        -0.9610994458198547,
        2.4794352054595947,
        0.30000001192092896
      ]
    },
    {
      "shape": "cube",
      "pixel_coords": [
        195,
        264,
        9.985832214355469
      ],
      "color": "cyan",
      "rotation": 335.6751091381042,
      "size": "large",
      "material": "rubber",
      "3d_coords": [
        -0.23768778145313263,
        -2.157289981842041,
        0.30000001192092896
      ]
    },
    {
      "shape": "sphere",
      "pixel_coords": [
        381,
        204,
        11.643332481384277
      ],
      "color": "yellow",
      "rotation": 138.83496122471425,
      "size": "small",
      "material": "rubber",
      "3d_coords": [
        0.1487007588148117,
        1.208871841430664,
        0.30000001192092896
      ]
    },
    {
      "shape": "cylinder",
      "pixel_coords": [
        461,
        194,
        11.993021011352539
      ],
      "color": "red",
      "rotation": 60.48739981054305,
      "size": "small",
      "material": "rubber",
      "3d_coords": [
        0.7583500742912292,
        2.530869483947754,
        0.30000001192092896
      ]
    },
    {
      "shape": "sphere",
      "pixel_coords": [
        299,
        179,
        12.49756145477295
      ],
      "color": "cyan",
      "rotation": 162.7293956356014,
      "size": "large",
      "material": "rubber",
      "3d_coords": [
        -1.502117395401001,
        0.8005766868591309,
        0.30000001192092896
      ]
    }
  ],
  "image_filename": "CLEVR_new_000842.png",
  "split": "new"
}