{
  "relationships": {
    "right": [
      [
        2,
        3,
        5,
        6
      ],
      [
        0,
        2,
        3,
        4,
        5,
        6,
        7
      ],
      [],
      [
        2
      ],
      [
        0,
        2,
        3,
        5,
        6,
        7
      ],
      [
        2,
        3,
        6
      ],
      [
        2,
        3
      ],
      [
        0,
        2,
        3,
        5,
        6
      ]
    ],
    "left": [
      [
        1,
        4,
        7
      ],
      [],
      [
        0,
        1,
        3,
        4,
        5,
        6,
        7
      ],
      [
        0,
        1,
        4,
        5,
        6,
        7
      ],
      [
        1
      ],
      [
        0,
        1,
        4,
        7
      ],
      [
        0,
        1,
        4,
        5,
        7
      ],
      [
        1,
        4
      ]
    ],
    "behind": [
      [
        1,
        2,
        3,
        4,
        5,
        6,
        7
      ],
      [
        5,
        6
      ],
      [
        1,
        3,
        4,
        5,
        6,
        7
      ],
      [
        1,
        5,
        6,
        7
      ],
      [
        1,
        3,
        5,
        6,
        7
      ],
      [],
      [
        5
      ],
      [
        1,
        5,
        6
      ]
    ],
    "front": [
      [],
      [
        0,
        2,
        3,
        4,
        7
      ],
      [
        0
      ],
      [
        0,
        2,
        4
      ],
      [
        0,
        2
      ],
      [
        0,
        1,
        2,
        3,
        4,
        6,
        7
      ],
      [
        0,
        1,
        2,
        3,
        4,
        7
      ],
      [
        0,
        2,
        3,
        4
      ]
    ]
  },
  "image_index": 823,
  "directions": {
    "below": [
      -0.0,
      -0.0,
      -1.0
    ],
    "left": [
      -0.6563112735748291,
      -0.7544902563095093,
      0.0
    ],
    "above": [
      0.0,
      0.0,
      1.0
    ],
    "front": [
      0.754490315914154,
      -0.6563112735748291,
      -0.0
    ],
    "behind": [
      -0.754490315914154,
      0.6563112735748291,
      0.0
    ],
    "right": [
      0.6563112735748291,
      0.7544902563095093,
      -0.0
    ]
  },
  "objects": [
    {
      "shape": "cylinder",
      "pixel_coords": [
        357,
        362,
        7.808154582977295
      ],
      "color": "green",
      "rotation": 357.98154400173934,
      "size": "large",
      "material": "rubber",
      "3d_coords": [
        2.8693878650665283,
        -2.053919792175293,
        0.30000001192092896
      ]
    },
    {
      "shape": "cube",
      "pixel_coords": [
        267,
        181,
        12.392106056213379
      ],
      "color": "yellow",
      "rotation": 354.05190856278267,
      "size": "large",
      "material": "rubber",
      "3d_coords": [
        -1.8702541589736938,
        0.426099956035614,
        0.30000001192092896
      ]
    },
    {
      "shape": "cube",
      "pixel_coords": [
        508,
        262,
        9.808131217956543
      ],
      "color": "yellow",
      "rotation": 302.6200726224901,
      "size": "small",
      "material": "rubber",
      "3d_coords": [
        2.6981730461120605,
        1.1148326396942139,
        0.30000001192092896
      ]
    },
    {
      "shape": "cylinder",
      "pixel_coords": [
        416,
        214,
        11.21061897277832
      ],
      "color": "red",
      "rotation": 331.87626016528463,
      "size": "small",
      "material": "rubber",
      "3d_coords": [
        0.7812726497650146,
        1.3600655794143677,
        0.30000001192092896
      ]
    },
    {
      "shape": "cylinder",
      "pixel_coords": [
        272,
        254,
        10.01796817779541
      ],
      "color": "yellow",
      "rotation": 24.34541337694633,
      "size": "large",
      "material": "rubber",
      "3d_coords": [
        0.28932374715805054,
        -1.1831328868865967,
        0.30000001192092896
      ]
    },
    {
      "shape": "sphere",
      "pixel_coords": [
        347,
        140,
        14.309897422790527
      ],
      "color": "blue",
      "rotation": 218.31689408036473,
      "size": "small",
      "material": "rubber",
      "3d_coords": [
        -2.465064287185669,
        2.990863084793091,
        0.30000001192092896
      ]
    },
    {
      "shape": "sphere",
      "pixel_coords": [
        387,
        174,
        12.685371398925781
      ],
      "color": "brown",
      "rotation": 230.78769564916504,
      "size": "small",
      "material": "rubber",
      "3d_coords": [
        -0.6678087115287781,
        2.2412896156311035,
        0.30000001192092896
      ]
    },
    {
      "shape": "cube",
      "pixel_coords": [
        303,
        204,
        11.549741744995117
      ],
      "color": "brown",
      "rotation": 288.56967747622423,
      "size": "large",
      "material": "rubber",
      "3d_coords": [
        -0.7155728936195374,
        0.28249451518058777,
        0.30000001192092896
      ]
    }
  ],
  "image_filename": "CLEVR_new_000823.png",
  "split": "new"
}