{
  "relationships": {
    "right": [
      [
        1,
        2,
        3,
        5,
        7
      ],
      [
        7
      ],
      [
        1,
        3,
        7
      ],
      [
        1,
        7
      ],
      [
        0,
        1,
        2,
        3,
        5,
        7
      ],
      [
        1,
        2,
        3,
        7
      ],
      [
        0,
        1,
        2,
        3,
        4,
        5,
        7
      ],
      []
    ],
    "left": [
      [
        4,
        6
      ],
      [
        0,
        2,
        3,
        4,
        5,
        6
      ],
      [
        0,
        4,
        5,
        6
      ],
      [
        0,
        2,
        4,
        5,
        6
      ],
      [
        6
      ],
      [
        0,
        4,
        6
      ],
      [],
      [
        0,
        1,
        2,
        3,
        4,
        5,
        6
      ]
    ],
    "behind": [
      [
        1,
        2,
        3,
        4,
        5,
        6,
        7
      ],
      [
        5
      ],
      [
        1,
        3,
        5,
        6,
        7
      ],
      [
        1,
        5,
        6
      ],
      [
        1,
        2,
        3,
        5,
        6,
        7
      ],
      [],
      [
        1,
        5
      ],
      [
        1,
        3,
        5,
        6
      ]
    ],
    "front": [
      [],
      [
        0,
        2,
        3,
        4,
        6,
        7
      ],
      [
        0,
        4
      ],
      [
        0,
        2,
        4,
        7
      ],
      [
        0
      ],
      [
        0,
        1,
        2,
        3,
        4,
        6,
        7
      ],
      [
        0,
        2,
        3,
        4,
        7
      ],
      [
        0,
        2,
        4
      ]
    ]
  },
  "image_index": 849,
  "directions": {
    "below": [
      -0.0,
      -0.0,
      -1.0
    ],
    "left": [
      -0.6563112735748291,
      -0.7544902563095093,
      0.0
    ],
    "above": [
      0.0,
      0.0,
      1.0
    ],
    "front": [
      0.754490315914154,
      -0.6563112735748291,
      -0.0
    ],
    "behind": [
      -0.754490315914154,
      0.6563112735748291,
      0.0
    ],
    "right": [
      0.6563112735748291,
      0.7544902563095093,
      -0.0
    ]
  },
  "objects": [
    {
      "shape": "cube",
      "pixel_coords": [
        244,
        328,
        8.361922264099121
      ],
      "color": "brown",
      "rotation": 235.05063603814014,
      "size": "large",
      "material": "rubber",
      "3d_coords": [
        1.3778550624847412,
        -2.3936350345611572,
        0.30000001192092896
      ]
    },
    {
      "shape": "cube",
      "pixel_coords": [
        415,
        175,
        12.125192642211914
      ],
      "color": "brown",
      "rotation": 251.3829675838168,
      "size": "small",
      "material": "rubber",
      "3d_coords": [
        -0.2339547723531723,
        2.380768060684204,
        0.30000001192092896
      ]
    },
    {
      "shape": "sphere",
      "pixel_coords": [
        348,
        231,
        10.397122383117676
      ],
      "color": "red",
      "rotation": 116.85394653572246,
      "size": "large",
      "material": "rubber",
      "3d_coords": [
        0.4662558436393738,
        0.1424778699874878,
        0.30000001192092896
      ]
    },
    {
      "shape": "cube",
      "pixel_coords": [
        382,
        197,
        11.38614273071289
      ],
      "color": "cyan",
      "rotation": 241.35322946897315,
      "size": "large",
      "material": "rubber",
      "3d_coords": [
        -0.006007710471749306,
        1.3412612676620483,
        0.30000001192092896
      ]
    },
    {
      "shape": "sphere",
      "pixel_coords": [
        166,
        253,
        9.858342170715332
      ],
      "color": "green",
      "rotation": 253.9552112134682,
      "size": "large",
      "material": "rubber",
      "3d_coords": [
        -0.7627400159835815,
        -2.2199411392211914,
        0.30000001192092896
      ]
    },
    {
      "shape": "cube",
      "pixel_coords": [
        329,
        136,
        13.681119918823242
      ],
      "color": "green",
      "rotation": 50.09273289158045,
      "size": "small",
      "material": "rubber",
      "3d_coords": [
        -2.5551512241363525,
        2.4515600204467773,
        0.30000001192092896
      ]
    },
    {
      "shape": "cylinder",
      "pixel_coords": [
        178,
        183,
        11.841168403625488
      ],
      "color": "green",
      "rotation": 187.5786437056059,
      "size": "small",
      "material": "rubber",
      "3d_coords": [
        -2.637874126434326,
        -0.8842424750328064,
        0.30000001192092896
      ]
    },
    {
      "shape": "cylinder",
      "pixel_coords": [
        495,
        205,
        11.148124694824219
      ],
      "color": "yellow",
      "rotation": 316.65117371352113,
      "size": "small",
      "material": "rubber",
      "3d_coords": [
        1.3692137002944946,
        2.503697395324707,
        0.30000001192092896
      ]
    }
  ],
  "image_filename": "CLEVR_new_000849.png",
  "split": "new"
}