{
  "relationships": {
    "right": [
      [
        5,
        7
      ],
      [
        0,
        2,
        3,
        4,
        5,
        6,
        7
      ],
      [
        0,
        5,
        7
      ],
      [
        0,
        2,
        5,
        7
      ],
      [
        0,
        2,
        3,
        5,
        6,
        7
      ],
      [],
      [
        0,
        2,
        3,
        5,
        7
      ],
      [
        5
      ]
    ],
    "left": [
      [
        1,
        2,
        3,
        4,
        6
      ],
      [],
      [
        1,
        3,
        4,
        6
      ],
      [
        1,
        4,
        6
      ],
      [
        1
      ],
      [
        0,
        1,
        2,
        3,
        4,
        6,
        7
      ],
      [
        1,
        4
      ],
      [
        0,
        1,
        2,
        3,
        4,
        6
      ]
    ],
    "behind": [
      [],
      [
        0,
        2,
        3,
        5,
        6,
        7
      ],
      [
        0,
        7
      ],
      [
        0,
        2,
        5,
        6,
        7
      ],
      [
        0,
        1,
        2,
        3,
        5,
        6,
        7
      ],
      [
        0,
        2,
        7
      ],
      [
        0,
        2,
        5,
        7
      ],
      [
        0
      ]
    ],
    "front": [
      [
        1,
        2,
        3,
        4,
        5,
        6,
        7
      ],
      [
        4
      ],
      [
        1,
        3,
        4,
        5,
        6
      ],
      [
        1,
        4
      ],
      [],
      [
        1,
        3,
        4,
        6
      ],
      [
        1,
        3,
        4
      ],
      [
        1,
        2,
        3,
        4,
        5,
        6
      ]
    ]
  },
  "image_index": 806,
  "directions": {
    "below": [
      -0.0,
      -0.0,
      -1.0
    ],
    "left": [
      -0.6563112735748291,
      -0.7544902563095093,
      0.0
    ],
    "above": [
      0.0,
      0.0,
      1.0
    ],
    "front": [
      0.754490315914154,
      -0.6563112735748291,
      -0.0
    ],
    "behind": [
      -0.754490315914154,
      0.6563112735748291,
      0.0
    ],
    "right": [
      0.6563112735748291,
      0.7544902563095093,
      -0.0
    ]
  },
  "objects": [
    {
      "shape": "sphere",
      "pixel_coords": [
        362,
        143,
        13.602343559265137
      ],
      "color": "yellow",
      "rotation": 45.12609041156442,
      "size": "small",
      "material": "rubber",
      "3d_coords": [
        -1.8824540376663208,
        2.6246285438537598,
        0.30000001192092896
      ]
    },
    {
      "shape": "cylinder",
      "pixel_coords": [
        165,
        282,
        9.587069511413574
      ],
      "color": "cyan",
      "rotation": 1.7237154483030181,
      "size": "small",
      "material": "rubber",
      "3d_coords": [
        -0.12927871942520142,
        -2.653373956680298,
        0.30000001192092896
      ]
    },
    {
      "shape": "sphere",
      "pixel_coords": [
        321,
        179,
        12.269201278686523
      ],
      "color": "yellow",
      "rotation": 313.3050450814331,
      "size": "small",
      "material": "rubber",
      "3d_coords": [
        -1.1841405630111694,
        1.0126818418502808,
        0.30000001192092896
      ]
    },
    {
      "shape": "cube",
      "pixel_coords": [
        303,
        234,
        10.667644500732422
      ],
      "color": "yellow",
      "rotation": 41.98656410607185,
      "size": "small",
      "material": "rubber",
      "3d_coords": [
        0.08081722259521484,
        -0.40899887681007385,
        0.30000001192092896
      ]
    },
    {
      "shape": "cube",
      "pixel_coords": [
        190,
        318,
        8.90756607055664
      ],
      "color": "green",
      "rotation": 233.0452912446603,
      "size": "small",
      "material": "rubber",
      "3d_coords": [
        0.7832075953483582,
        -2.8024704456329346,
        0.30000001192092896
      ]
    },
    {
      "shape": "cylinder",
      "pixel_coords": [
        432,
        188,
        11.968116760253906
      ],
      "color": "purple",
      "rotation": 319.98376858751345,
      "size": "small",
      "material": "rubber",
      "3d_coords": [
        0.29125308990478516,
        2.240854024887085,
        0.30000001192092896
      ]
    },
    {
      "shape": "sphere",
      "pixel_coords": [
        286,
        193,
        11.804383277893066
      ],
      "color": "purple",
      "rotation": 34.27539038929733,
      "size": "large",
      "material": "rubber",
      "3d_coords": [
        -1.1489973068237305,
        0.19891640543937683,
        0.30000001192092896
      ]
    },
    {
      "shape": "cube",
      "pixel_coords": [
        388,
        166,
        12.717168807983398
      ],
      "color": "gray",
      "rotation": 0.6823494191242663,
      "size": "large",
      "material": "rubber",
      "3d_coords": [
        -0.8186416029930115,
        2.279524803161621,
        0.30000001192092896
      ]
    }
  ],
  "image_filename": "CLEVR_new_000806.png",
  "split": "new"
}