{
  "directions": {
    "below": [
      -0.0,
      -0.0,
      -1.0
    ],
    "above": [
      0.0,
      0.0,
      1.0
    ],
    "behind": [
      -0.754490315914154,
      0.6563112735748291,
      0.0
    ],
    "left": [
      -0.6563112735748291,
      -0.7544902563095093,
      0.0
    ],
    "right": [
      0.6563112735748291,
      0.7544902563095093,
      -0.0
    ],
    "front": [
      0.754490315914154,
      -0.6563112735748291,
      -0.0
    ]
  },
  "relationships": {
    "left": [
      [
        1,
        2,
        3,
        4,
        6,
        7,
        8,
        9,
        10,
        11,
        12,
        13,
        14,
        15
      ],
      [
        4,
        6,
        8,
        10,
        11,
        12,
        13,
        15
      ],
      [
        1,
        4,
        6,
        8,
        10,
        11,
        12,
        13,
        15
      ],
      [
        1,
        2,
        4,
        6,
        7,
        8,
        10,
        11,
        12,
        13,
        15
      ],
      [
        8,
        12,
        13
      ],
      [
        0,
        1,
        2,
        3,
        4,
        6,
        7,
        8,
        9,
        10,
        11,
        12,
        13,
        14,
        15
      ],
      [
        4,
        8,
        10,
        12,
        13
      ],
      [
        1,
        2,
        4,
        6,
        8,
        10,
        11,
        12,
        13,
        15
      ],
      [
        12
      ],
      [
        1,
        2,
        3,
        4,
        6,
        7,
        8,
        10,
        11,
        12,
        13,
        14,
        15
      ],
      [
        4,
        8,
        12,
        13
      ],
      [
        4,
        6,
        8,
        10,
        12,
        13,
        15
      ],
      [],
      [
        8,
        12
      ],
      [
        1,
        2,
        3,
        4,
        6,
        7,
        8,
        10,
        11,
        12,
        13,
        15
      ],
      [
        4,
        6,
        8,
        10,
        12,
        13
      ]
    ],
    "right": [
      [
        5
      ],
      [
        0,
        2,
        3,
        5,
        7,
        9,
        14
      ],
      [
        0,
        3,
        5,
        7,
        9,
        14
      ],
      [
        0,
        5,
        9,
        14
      ],
      [
        0,
        1,
        2,
        3,
        5,
        6,
        7,
        9,
        10,
        11,
        14,
        15
      ],
      [],
      [
        0,
        1,
        2,
        3,
        5,
        7,
        9,
        11,
        14,
        15
      ],
      [
        0,
        3,
        5,
        9,
        14
      ],
      [
        0,
        1,
        2,
        3,
        4,
        5,
        6,
        7,
        9,
        10,
        11,
        13,
        14,
        15
      ],
      [
        0,
        5
      ],
      [
        0,
        1,
        2,
        3,
        5,
        6,
        7,
        9,
        11,
        14,
        15
      ],
      [
        0,
        1,
        2,
        3,
        5,
        7,
        9,
        14
      ],
      [
        0,
        1,
        2,
        3,
        4,
        5,
        6,
        7,
        8,
        9,
        10,
        11,
        13,
        14,
        15
      ],
      [
        0,
        1,
        2,
        3,
        4,
        5,
        6,
        7,
        9,
        10,
        11,
        14,
        15
      ],
      [
        0,
        5,
        9
      ],
      [
        0,
        1,
        2,
        3,
        5,
        7,
        9,
        11,
        14
      ]
    ],
    "front": [
      [
        1,
        2,
        4,
        12,
        14,
        15
      ],
      [
        2
      ],
      [],
      [
        0,
        1,
        2,
        4,
        5,
        6,
        8,
        10,
        12,
        13,
        14,
        15
      ],
      [
        1,
        2,
        14
      ],
      [
        0,
        1,
        2,
        4,
        12,
        13,
        14,
        15
      ],
      [
        0,
        1,
        2,
        4,
        5,
        12,
        13,
        14,
        15
      ],
      [
        0,
        1,
        2,
        3,
        4,
        5,
        6,
        8,
        9,
        10,
        12,
        13,
        14,
        15
      ],
      [
        0,
        1,
        2,
        4,
        5,
        6,
        12,
        13,
        14,
        15
      ],
      [
        0,
        1,
        2,
        3,
        4,
        5,
        6,
        8,
        10,
        12,
        13,
        14,
        15
      ],
      [
        0,
        1,
        2,
        4,
        5,
        6,
        8,
        12,
        13,
        14,
        15
      ],
      [
        0,
        1,
        2,
        3,
        4,
        5,
        6,
        7,
        8,
        9,
        10,
        12,
        13,
        14,
        15
      ],
      [
        1,
        2,
        4,
        14,
        15
      ],
      [
        0,
        1,
        2,
        4,
        12,
        14,
        15
      ],
      [
        1,
        2
      ],
      [
        1,
        2,
        4,
        14
      ]
    ],
    "behind": [
      [
        3,
        5,
        6,
        7,
        8,
        9,
        10,
        11,
        13
      ],
      [
        0,
        3,
        4,
        5,
        6,
        7,
        8,
        9,
        10,
        11,
        12,
        13,
        14,
        15
      ],
      [
        0,
        1,
        3,
        4,
        5,
        6,
        7,
        8,
        9,
        10,
        11,
        12,
        13,
        14,
        15
      ],
      [
        7,
        9,
        11
      ],
      [
        0,
        3,
        5,
        6,
        7,
        8,
        9,
        10,
        11,
        12,
        13,
        15
      ],
      [
        3,
        6,
        7,
        8,
        9,
        10,
        11
      ],
      [
        3,
        7,
        8,
        9,
        10,
        11
      ],
      [
        11
      ],
      [
        3,
        7,
        9,
        10,
        11
      ],
      [
        7,
        11
      ],
      [
        3,
        7,
        9,
        11
      ],
      [],
      [
        0,
        3,
        5,
        6,
        7,
        8,
        9,
        10,
        11,
        13
      ],
      [
        3,
        5,
        6,
        7,
        8,
        9,
        10,
        11
      ],
      [
        0,
        3,
        4,
        5,
        6,
        7,
        8,
        9,
        10,
        11,
        12,
        13,
        15
      ],
      [
        0,
        3,
        5,
        6,
        7,
        8,
        9,
        10,
        11,
        12,
        13
      ]
    ]
  },
  "objects": [
    {
      "3d_coords": [
        2.1222574710845947,
        1.8217976093292236,
        0.30000001192092896
      ],
      "rotation": 106.60060610038276,
      "size": "large",
      "pixel_coords": [
        506,
        237,
        10.387494087219238
      ],
      "color": "blue",
      "shape": "cylinder",
      "material": "rubber"
    },
    {
      "3d_coords": [
        1.7321891784667969,
        -1.1598366498947144,
        0.30000001192092896
      ],
      "rotation": 74.24424920526069,
      "size": "large",
      "pixel_coords": [
        340,
        301,
        8.957748413085938
      ],
      "color": "gray",
      "shape": "sphere",
      "material": "rubber"
    },
    {
      "3d_coords": [
        2.8703086376190186,
        -1.4464718103408813,
        0.30000001192092896
      ],
      "rotation": 45.23470610954633,
      "size": "small",