{
  "directions": {
    "below": [
      -0.0,
      -0.0,
      -1.0
    ],
    "above": [
      0.0,
      0.0,
      1.0
    ],
    "behind": [
      -0.754490315914154,
      0.6563112735748291,
      0.0
    ],
    "left": [
      -0.6563112735748291,
      -0.7544902563095093,
      0.0
    ],
    "right": [
      0.6563112735748291,
      0.7544902563095093,
      -0.0
    ],
    "front": [
      0.754490315914154,
      -0.6563112735748291,
      -0.0
    ]
  },
  "relationships": {
    "left": [
      [
        4,
        8
      ],
      [
        0,
        2,
        3,
        4,
        7,
        8,
        9,
        12,
        14,
        15
      ],
      [
        0,
        3,
        4,
        7,
        8,
        14
      ],
      [
        0,
        4,
        7,
        8
      ],
      [
        8
      ],
      [
        0,
        1,
        2,
        3,
        4,
        6,
        7,
        8,
        9,
        10,
        11,
        12,
        13,
        14,
        15
      ],
      [
        0,
        1,
        2,
        3,
        4,
        7,
        8,
        9,
        10,
        11,
        12,
        13,
        14,
        15
      ],
      [
        0,
        4,
        8
      ],
      [],
      [
        0,
        2,
        3,
        4,
        7,
        8,
        14
      ],
      [
        0,
        1,
        2,
        3,
        4,
        7,
        8,
        9,
        11,
        12,
        13,
        14,
        15
      ],
      [
        0,
        1,
        2,
        3,
        4,
        7,
        8,
        9,
        12,
        13,
        14,
        15
      ],
      [
        0,
        2,
        3,
        4,
        7,
        8,
        9,
        14
      ],
      [
        0,
        1,
        2,
        3,
        4,
        7,
        8,
        9,
        12,
        14,
        15
      ],
      [
        0,
        3,
        4,
        7,
        8
      ],
      [
        0,
        2,
        3,
        4,
        7,
        8,
        9,
        12,
        14
      ]
    ],
    "right": [
      [
        1,
        2,
        3,
        5,
        6,
        7,
        9,
        10,
        11,
        12,
        13,
        14,
        15
      ],
      [
        5,
        6,
        10,
        11,
        13
      ],
      [
        1,
        5,
        6,
        9,
        10,
        11,
        12,
        13,
        15
      ],
      [
        1,
        2,
        5,
        6,
        9,
        10,
        11,
        12,
        13,
        14,
        15
      ],
      [
        0,
        1,
        2,
        3,
        5,
        6,
        7,
        9,
        10,
        11,
        12,
        13,
        14,
        15
      ],
      [],
      [
        5
      ],
      [
        1,
        2,
        3,
        5,
        6,
        9,
        10,
        11,
        12,
        13,
        14,
        15
      ],
      [
        0,
        1,
        2,
        3,
        4,
        5,
        6,
        7,
        9,
        10,
        11,
        12,
        13,
        14,
        15
      ],
      [
        1,
        5,
        6,
        10,
        11,
        12,
        13,
        15
      ],
      [
        5,
        6
      ],
      [
        5,
        6,
        10
      ],
      [
        1,
        5,
        6,
        10,
        11,
        13,
        15
      ],
      [
        5,
        6,
        10,
        11
      ],
      [
        1,
        2,
        5,
        6,
        9,
        10,
        11,
        12,
        13,
        15
      ],
      [
        1,
        5,
        6,
        10,
        11,
        13
      ]
    ],
    "front": [
      [
        1,
        2,
        4,
        5,
        6,
        7,
        8,
        9,
        10,
        12,
        13,
        14
      ],
      [
        2,
        5,
        6,
        7,
        8,
        10,
        12,
        13,
        14
      ],
      [
        12,
        13,
        14
      ],
      [
        0,
        1,
        2,
        4,
        5,
        6,
        7,
        8,
        9,
        10,
        11,
        12,
        13,
        14
      ],
      [
        1,
        2,
        5,
        6,
        7,
        8,
        10,
        12,
        13,
        14
      ],
      [
        2,
        6,
        7,
        8,
        10,
        12,
        13,
        14
      ],
      [
        2,
        12,
        13,
        14
      ],
      [
        2,
        6,
        12,
        13,
        14
      ],
      [
        2,
        6,
        7,
        12,
        13,
        14
      ],
      [
        1,
        2,
        4,
        5,
        6,
        7,
        8,
        10,
        12,
        13,
        14
      ],
      [
        2,
        6,
        7,
        8,
        12,
        13,
        14
      ],
      [
        0,
        1,
        2,
        4,
        5,
        6,
        7,
        8,
        9,
        10,
        12,
        13,
        14
      ],
      [
        14
      ],
      [
        12,
        14
      ],
      [],
      [
        0,
        1,
        2,
        3,
        4,
        5,
        6,
        7,
        8,
        9,
        10,
        11,
        12,
        13,
        14
      ]
    ],
    "behind": [
      [
        3,
        11,
        15
      ],
      [
        0,
        3,
        4,
        9,
        11,
        15
      ],
      [
        0,
        1,
        3,
        4,
        5,
        6,
        7,
        8,
        9,
        10,
        11,
        15
      ],
      [
        15
      ],
      [
        0,
        3,
        9,
        11,
        15
      ],
      [
        0,
        1,
        3,
        4,
        9,
        11,
        15
      ],
      [
        0,
        1,
        3,
        4,
        5,
        7,
        8,
        9,
        10,
        11,
        15
      ],
      [
        0,
        1,
        3,
        4,
        5,
        8,
        9,
        10,
        11,
        15
      ],
      [
        0,
        1,
        3,
        4,
        5,
        9,
        10,
        11,
        15
      ],
      [
        0,
        3,
        11,
        15
      ],
      [
        0,
        1,
        3,
        4,
        5,
        9,
        11,
        15
      ],
      [
        3,
        15
      ],
      [
        0,
        1,
        2,
        3,
        4,
        5,
        6,
        7,
        8,
        9,
        10,
        11,
        13,
        15
      ],
      [
        0,
        1,
        2,
        3,
        4,
        5,
        6,
        7,
        8,
        9,
        10,
        11,
        15
      ],
      [
        0,
        1,
        2,
        3,
        4,
        5,
        6,
        7,
        8,
        9,
        10,
        11,
        12,
        13,
        15
      ],
      []
    ]
  },
  "objects": [
    {
      "3d_coords": [
        -2.6999130249023438,
        -0.30373290181159973,
        0.30000001192092896
      ],
      "rotation": 143.26383700844517,
      "size": "large",
      "pixel_coords": [
        214,
        176,
        13.028702735900879
      ],
      "color": "red",
      "shape": "cylinder",
      "material": "rubber"
    },
    {
      "3d_coords": [
        -0.1991218477487564,
        1.1751229763031006,
        0.30000001192092896
      ],
      "rotation": 295.07659297052203,
      "size": "large",
      "pixel_coords": [
        364,
        199,
        12.211958885192871
      ],
      "color": "brown",
      "shape": "sphere",
      "material": "rubber"
    },
    {
      "3d_coords": [
        0.9589186310768127,
        -1.730460286140442,
        0.30000001192092896
      ],
      "rotation": 91.76663158616499,
      "size": "small",