{
  "relationships": {
    "right": [
      [
        4
      ],
      [
        0,
        2,
        4,
        5,
        6,
        7
      ],
      [
        0,
        4
      ],
      [
        0,
        1,
        2,
        4,
        5,
        6,
        7
      ],
      [],
      [
        0,
        2,
        4
      ],
      [
        0,
        2,
        4,
        5,
        7
      ],
      [
        0,
        2,
        4,
        5
      ]
    ],
    "left": [
      [
        1,
        2,
        3,
        5,
        6,
        7
      ],
      [
        3
      ],
      [
        1,
        3,
        5,
        6,
        7
      ],
      [],
      [
        0,
        1,
        2,
        3,
        5,
        6,
        7
      ],
      [
        1,
        3,
        6,
        7
      ],
      [
        1,
        3
      ],
      [
        1,
        3,
        6
      ]
    ],
    "behind": [
      [],
      [
        0,
        2,
        3,
        4,
        5,
        6,
        7
      ],
      [
        0,
        3,
        4,
        7
      ],
      [
        0,
        7
      ],
      [
        0,
        3,
        7
      ],
      [
        0,
        2,
        3,
        4,
        6,
        7
      ],
      [
        0,
        2,
        3,
        4,
        7
      ],
      [
        0
      ]
    ],
    "front": [
      [
        1,
        2,
        3,
        4,
        5,
        6,
        7
      ],
      [],
      [
        1,
        5,
        6
      ],
      [
        1,
        2,
        4,
        5,
        6
      ],
      [
        1,
        2,
        5,
        6
      ],
      [
        1
      ],
      [
        1,
        5
      ],
      [
        1,
        2,
        3,
        4,
        5,
        6
      ]
    ]
  },
  "image_index": 815,
  "directions": {
    "below": [
      -0.0,
      -0.0,
      -1.0
    ],
    "left": [
      -0.6563112735748291,
      -0.7544902563095093,
      0.0
    ],
    "above": [
      0.0,
      0.0,
      1.0
    ],
    "front": [
      0.754490315914154,
      -0.6563112735748291,
      -0.0
    ],
    "behind": [
      -0.754490315914154,
      0.6563112735748291,
      0.0
    ],
    "right": [
      0.6563112735748291,
      0.7544902563095093,
      -0.0
    ]
  },
  "objects": [
    {
      "shape": "cube",
      "pixel_coords": [
        504,
        206,
        11.147908210754395
      ],
      "color": "brown",
      "rotation": 359.22102206212315,
      "size": "small",
      "material": "rubber",
      "3d_coords": [
        1.4039005041122437,
        2.644355535507202,
        0.30000001192092896
      ]
    },
    {
      "shape": "sphere",
      "pixel_coords": [
        222,
        349,
        7.7240824699401855
      ],
      "color": "yellow",
      "rotation": 150.93012592436494,
      "size": "small",
      "material": "rubber",
      "3d_coords": [
        1.8274695873260498,
        -2.897700309753418,
        0.30000001192092896
      ]
    },
    {
      "shape": "sphere",
      "pixel_coords": [
        437,
        249,
        9.844257354736328
      ],
      "color": "yellow",
      "rotation": 338.20798156642707,
      "size": "small",
      "material": "rubber",
      "3d_coords": [
        1.7180454730987549,
        0.7209317684173584,
        0.30000001192092896
      ]
    },
    {
      "shape": "cylinder",
      "pixel_coords": [
        197,
        224,
        10.57341194152832
      ],
      "color": "purple",
      "rotation": 291.58290063152884,
      "size": "small",
      "material": "rubber",
      "3d_coords": [
        -1.1353027820587158,
        -1.4745935201644897,
        0.30000001192092896
      ]
    },
    {
      "shape": "cylinder",
      "pixel_coords": [
        585,
        237,
        10.168828010559082
      ],
      "color": "green",
      "rotation": 209.05644404044017,
      "size": "large",
      "material": "rubber",
      "3d_coords": [
        2.8297903537750244,
        2.6536033153533936,
        0.30000001192092896
      ]
    },
    {
      "shape": "sphere",
      "pixel_coords": [
        405,
        300,
        8.628204345703125
      ],
      "color": "yellow",
      "rotation": 215.7005002879666,
      "size": "small",
      "material": "rubber",
      "3d_coords": [
        2.395813465118408,
        -0.6032143831253052,
        0.30000001192092896
      ]
    },
    {
      "shape": "sphere",
      "pixel_coords": [
        342,
        260,
        9.567511558532715
      ],
      "color": "red",
      "rotation": 202.4865556829927,
      "size": "large",
      "material": "rubber",
      "3d_coords": [
        1.1080104112625122,
        -0.5141505002975464,
        0.30000001192092896
      ]
    },
    {
      "shape": "sphere",
      "pixel_coords": [
        377,
        211,
        11.001765251159668
      ],
      "color": "cyan",
      "rotation": 160.6731000197232,
      "size": "large",
      "material": "rubber",
      "3d_coords": [
        0.2404049038887024,
        0.9642431735992432,
        0.30000001192092896
      ]
    }
  ],
  "image_filename": "CLEVR_new_000815.png",
  "split": "new"
}