{
  "directions": {
    "below": [
      -0.0,
      -0.0,
      -1.0
    ],
    "above": [
      0.0,
      0.0,
      1.0
    ],
    "behind": [
      -0.754490315914154,
      0.6563112735748291,
      0.0
    ],
    "left": [
      -0.6563112735748291,
      -0.7544902563095093,
      0.0
    ],
    "right": [
      0.6563112735748291,
      0.7544902563095093,
      -0.0
    ],
    "front": [
      0.754490315914154,
      -0.6563112735748291,
      -0.0
    ]
  },
  "relationships": {
    "left": [
      [
        7,
        11,
        14,
        15
      ],
      [
        0,
        2,
        3,
        4,
        5,
        6,
        7,
        8,
        9,
        10,
        11,
        13,
        14,
        15
      ],
      [
        0,
        3,
        4,
        5,
        6,
        7,
        8,
        9,
        10,
        11,
        13,
        14,
        15
      ],
      [
        0,
        7,
        8,
        9,
        10,
        11,
        13,
        14,
        15
      ],
      [
        0,
        3,
        5,
        6,
        7,
        8,
        9,
        10,
        11,
        13,
        14,
        15
      ],
      [
        0,
        3,
        7,
        8,
        9,
        10,
        11,
        13,
        14,
        15
      ],
      [
        0,
        3,
        5,
        7,
        8,
        9,
        10,
        11,
        13,
        14,
        15
      ],
      [
        11,
        14,
        15
      ],
      [
        0,
        7,
        11,
        14,
        15
      ],
      [
        0,
        7,
        8,
        11,
        14,
        15
      ],
      [
        0,
        7,
        8,
        9,
        11,
        13,
        14,
        15
      ],
      [
        14,
        15
      ],
      [
        0,
        1,
        2,
        3,
        4,
        5,
        6,
        7,
        8,
        9,
        10,
        11,
        13,
        14,
        15
      ],
      [
        0,
        7,
        8,
        9,
        11,
        14,
        15
      ],
      [],
      [
        14
      ]
    ],
    "right": [
      [
        1,
        2,
        3,
        4,
        5,
        6,
        8,
        9,
        10,
        12,
        13
      ],
      [
        12
      ],
      [
        1,
        12
      ],
      [
        1,
        2,
        4,
        5,
        6,
        12
      ],
      [
        1,
        2,
        12
      ],
      [
        1,
        2,
        4,
        6,
        12
      ],
      [
        1,
        2,
        4,
        12
      ],
      [
        0,
        1,
        2,
        3,
        4,
        5,
        6,
        8,
        9,
        10,
        12,
        13
      ],
      [
        1,
        2,
        3,
        4,
        5,
        6,
        9,
        10,
        12,
        13
      ],
      [
        1,
        2,
        3,
        4,
        5,
        6,
        10,
        12,
        13
      ],
      [
        1,
        2,
        3,
        4,
        5,
        6,
        12
      ],
      [
        0,
        1,
        2,
        3,
        4,
        5,
        6,
        7,
        8,
        9,
        10,
        12,
        13
      ],
      [],
      [
        1,
        2,
        3,
        4,
        5,
        6,
        10,
        12
      ],
      [
        0,
        1,
        2,
        3,
        4,
        5,
        6,
        7,
        8,
        9,
        10,
        11,
        12,
        13,
        15
      ],
      [
        0,
        1,
        2,
        3,
        4,
        5,
        6,
        7,
        8,
        9,
        10,
        11,
        12,
        13
      ]
    ],
    "front": [
      [
        2,
        3,
        6,
        7,
        9,
        12,
        13,
        15
      ],
      [
        0,
        2,
        3,
        6,
        7,
        9,
        12,
        13,
        14,
        15
      ],
      [
        3,
        6,
        7,
        13
      ],
      [
        13
      ],
      [
        0,
        1,
        2,
        3,
        6,
        7,
        9,
        10,
        11,
        12,
        13,
        14,
        15
      ],
      [
        0,
        1,
        2,
        3,
        4,
        6,
        7,
        8,
        9,
        10,
        11,
        12,
        13,
        14,
        15
      ],
      [
        3,
        13
      ],
      [
        3,
        6,
        13
      ],
      [
        0,
        1,
        2,
        3,
        4,
        6,
        7,
        9,
        10,
        11,
        12,
        13,
        14,
        15
      ],
      [
        2,
        3,
        6,
        7,
        13
      ],
      [
        0,
        1,
        2,
        3,
        6,
        7,
        9,
        12,
        13,
        14,
        15
      ],
      [
        0,
        1,
        2,
        3,
        6,
        7,
        9,
        10,
        12,
        13,
        14,
        15
      ],
      [
        2,
        3,
        6,
        7,
        9,
        13,
        15
      ],
      [],
      [
        0,
        2,
        3,
        6,
        7,
        9,
        12,
        13,
        15
      ],
      [
        2,
        3,
        6,
        7,
        9,
        13
      ]
    ],
    "behind": [
      [
        1,
        4,
        5,
        8,
        10,
        11,
        14
      ],
      [
        4,
        5,
        8,
        10,
        11
      ],
      [
        0,
        1,
        4,
        5,
        8,
        9,
        10,
        11,
        12,
        14,
        15
      ],
      [
        0,
        1,
        2,
        4,
        5,
        6,
        7,
        8,
        9,
        10,
        11,
        12,
        14,
        15
      ],
      [
        5,
        8
      ],
      [],
      [
        0,
        1,
        2,
        4,
        5,
        7,
        8,
        9,
        10,
        11,
        12,
        14,
        15
      ],
      [
        0,
        1,
        2,
        4,
        5,
        8,
        9,
        10,
        11,
        12,
        14,
        15
      ],
      [
        5
      ],
      [
        0,
        1,
        4,
        5,
        8,
        10,
        11,
        12,
        14,
        15
      ],
      [
        4,
        5,
        8,
        11
      ],
      [
        4,
        5,
        8
      ],
      [
        0,
        1,
        4,
        5,
        8,
        10,
        11,
        14
      ],
      [
        0,
        1,
        2,
        3,
        4,
        5,
        6,
        7,
        8,
        9,
        10,
        11,
        12,
        14,
        15
      ],
      [
        1,
        4,
        5,
        8,
        10,
        11
      ],
      [
        0,
        1,
        4,
        5,
        8,
        10,
        11,
        12,
        14
      ]
    ]
  },
  "objects": [
    {
      "3d_coords": [
        -0.7502368092536926,
        -0.9607862234115601,
        0.30000001192092896
      ],
      "rotation": 111.10984816998317,
      "size": "small",
      "pixel_coords": [
        244,
        224,
        11.274039268493652
      ],
      "color": "purple",
      "shape": "cylinder",
      "material": "rubber"
    },
    {
      "3d_coords": [
        1.7328870296478271,
        2.5835494995117188,
        0.30000001192092896
      ],
      "rotation": 328.7446264328133,
      "size": "small",
      "pixel_coords": [
        507,
        215,
        11.604129791259766
      ],
      "color": "gray",
      "shape": "cube",
      "material": "rubber"
    },
    {
      "3d_coords": [
        2.24845814704895,
        0.9009964466094971,
        0.30000001192092896
      ],
      "rotation": 328.3114852461622,
      "size": "large",