{
  "directions": {
    "above": [
      0.0,
      0.0,
      1.0
    ],
    "left": [
      -0.6563112735748291,
      -0.7544902563095093,
      0.0
    ],
    "front": [
      0.754490315914154,
      -0.6563112735748291,
      -0.0
    ],
    "below": [
      -0.0,
      -0.0,
      -1.0
    ],
    "behind": [
      -0.754490315914154,
      0.6563112735748291,
      0.0
    ],
    "right": [
      0.6563112735748291,
      0.7544902563095093,
      -0.0
    ]
  },
  "image_filename": "CLEVR_new_001010.png",
  "image_index": 1010,
  "relationships": {
    "front": [
      [
        1,
        2,
        3,
        4,
        7,
        8,
        9
      ],
      [
        2,
        4,
        8
      ],
      [
        4,
        8
      ],
      [
        1,
        2,
        4,
        7,
        8
      ],
      [],
      [
        0,
        1,
        2,
        3,
        4,
        6,
        7,
        8,
        9
      ],
      [
        0,
        1,
        2,
        3,
        4,
        7,
        8,
        9
      ],
      [
        1,
        2,
        4,
        8
      ],
      [
        4
      ],
      [
        1,
        2,
        3,
        4,
        7,
        8
      ]
    ],
    "left": [
      [
        7
      ],
      [
        0,
        2,
        3,
        4,
        5,
        6,
        7,
        8,
        9
      ],
      [
        0,
        3,
        4,
        6,
        7
      ],
      [
        0,
        4,
        6,
        7
      ],
      [
        0,
        6,
        7
      ],
      [
        0,
        2,
        3,
        4,
        6,
        7
      ],
      [
        0,
        7
      ],
      [],
      [
        0,
        2,
        3,
        4,
        5,
        6,
        7,
        9
      ],
      [
        0,
        2,
        3,
        4,
        5,
        6,
        7
      ]
    ],
    "behind": [
      [
        5,
        6
      ],
      [
        0,
        3,
        5,
        6,
        7,
        9
      ],
      [
        0,
        1,
        3,
        5,
        6,
        7,
        9
      ],
      [
        0,
        5,
        6,
        9
      ],
      [
        0,
        1,
        2,
        3,
        5,
        6,
        7,
        8,
        9
      ],
      [],
      [
        5
      ],
      [
        0,
        3,
        5,
        6,
        9
      ],
      [
        0,
        1,
        2,
        3,
        5,
        6,
        7,
        9
      ],
      [
        0,
        5,
        6
      ]
    ],
    "right": [
      [
        1,
        2,
        3,
        4,
        5,
        6,
        8,
        9
      ],
      [],
      [
        1,
        5,
        8,
        9
      ],
      [
        1,
        2,
        5,
        8,
        9
      ],
      [
        1,
        2,
        3,
        5,
        8,
        9
      ],
      [
        1,
        8,
        9
      ],
      [
        1,
        2,
        3,
        4,
        5,
        8,
        9
      ],
      [
        0,
        1,
        2,
        3,
        4,
        5,
        6,
        8,
        9
      ],
      [
        1
      ],
      [
        1,
        8
      ]
    ]
  },
  "split": "new",
  "objects": [
    {
      "3d_coords": [
        -2.467730760574341,
        -0.6123793125152588,
        0.30000001192092896
      ],
      "rotation": 147.0404551948474,
      "color": "blue",
      "shape": "sphere",
      "pixel_coords": [
        209,
        189,
        13.108272552490234
      ],
      "material": "rubber",
      "size": "small"
    },
    {
      "3d_coords": [
        2.9799399375915527,
        2.913125991821289,
        0.30000001192092896
      ],
      "rotation": 224.73487523847726,
      "color": "purple",
      "shape": "cube",
      "pixel_coords": [
        573,
        234,
        11.501813888549805
      ],
      "material": "rubber",
      "size": "small"
    },
    {
      "3d_coords": [
        0.8309570550918579,
        0.1124713197350502,
        0.30000001192092896
      ],
      "rotation": 135.40974781329942,
      "color": "purple",
      "shape": "sphere",
      "pixel_coords": [
        359,
        240,
        11.324573516845703
      ],
      "material": "rubber",
      "size": "small"
    },
    {
      "3d_coords": [
        -0.03156384080648422,
        0.3900584280490875,
        0.30000001192092896
      ],
      "rotation": 127.36136852970164,
      "color": "purple",
      "shape": "cube",
      "pixel_coords": [
        336,
        217,
        12.059638023376465
      ],
      "material": "rubber",
      "size": "small"
    },
    {
      "3d_coords": [
        2.2267751693725586,
        -2.5546820163726807,
        0.30000001192092896
      ],
      "rotation": 21.679638768954508,
      "color": "green",
      "shape": "sphere",
      "pixel_coords": [
        282,
        345,
        8.859318733215332
      ],
      "material": "rubber",
      "size": "small"
    },
    {
      "3d_coords": [
        -1.7436673641204834,
        2.647613048553467,
        0.30000001192092896
      ],
      "rotation": 258.6924805990711,
      "color": "red",
      "shape": "cylinder",
      "pixel_coords": [
        362,
        158,
        14.5003023147583
      ],
      "material": "rubber",
      "size": "large"
    },
    {
      "3d_coords": [
        -1.9979543685913086,
        0.8546944856643677,
        0.30000001192092896
      ],
      "rotation": 204.7257868814516,
      "color": "red",
      "shape": "cube",
      "pixel_coords": [
        286,
        176,
        13.638700485229492
      ],
      "material": "rubber",
      "size": "small"
    },
    {
      "3d_coords": [
        -2.502209186553955,
        -2.9684929847717285,
        0.30000001192092896
      ],
      "rotation": 120.20591199161699,
      "color": "brown",
      "shape": "cylinder",
      "pixel_coords": [
        89,
        226,
        11.77609634399414
      ],
      "material": "rubber",
      "size": "small"
    },
    {
      "3d_coords": [
        2.3609769344329834,
        0.19725093245506287,
        0.30000001192092896
      ],
      "rotation": 178.40344552267968,
      "color": "red",
      "shape": "cube",
      "pixel_coords": [
        434,
        275,
        10.352632522583008
      ],
      "material": "rubber",
      "size": "small"
    },
    {
      "3d_coords": [
        -0.15187343955039978,
        1.5627888441085815,
        0.30000001192092896
      ],
      "rotation": 189.85629540554433,
      "color": "green",
      "shape": "cube",
      "pixel_coords": [
        379,
        196,
        12.814424514770508
      ],
      "material": "rubber",
      "size": "large"
    }
  ]
}