{
  "relationships": {
    "right": [
      [
        6,
        7
      ],
      [
        0,
        2,
        3,
        4,
        5,
        6,
        7
      ],
      [
        0,
        4,
        5,
        6,
        7
      ],
      [
        0,
        2,
        4,
        5,
        6,
        7
      ],
      [
        0,
        5,
        6,
        7
      ],
      [
        0,
        6,
        7
      ],
      [],
      [
        6
      ]
    ],
    "left": [
      [
        1,
        2,
        3,
        4,
        5
      ],
      [],
      [
        1,
        3
      ],
      [
        1
      ],
      [
        1,
        2,
        3
      ],
      [
        1,
        2,
        3,
        4
      ],
      [
        0,
        1,
        2,
        3,
        4,
        5,
        7
      ],
      [
        0,
        1,
        2,
        3,
        4,
        5
      ]
    ],
    "behind": [
      [],
      [
        0,
        3,
        5
      ],
      [
        0,
        1,
        3,
        5,
        6,
        7
      ],
      [
        0
      ],
      [
        0,
        1,
        2,
        3,
        5,
        6,
        7
      ],
      [
        0,
        3
      ],
      [
        0,
        1,
        3,
        5
      ],
      [
        0,
        1,
        3,
        5,
        6
      ]
    ],
    "front": [
      [
        1,
        2,
        3,
        4,
        5,
        6,
        7
      ],
      [
        2,
        4,
        6,
        7
      ],
      [
        4
      ],
      [
        1,
        2,
        4,
        5,
        6,
        7
      ],
      [],
      [
        1,
        2,
        4,
        6,
        7
      ],
      [
        2,
        4,
        7
      ],
      [
        2,
        4
      ]
    ]
  },
  "image_index": 847,
  "directions": {
    "below": [
      -0.0,
      -0.0,
      -1.0
    ],
    "left": [
      -0.6563112735748291,
      -0.7544902563095093,
      0.0
    ],
    "above": [
      0.0,
      0.0,
      1.0
    ],
    "front": [
      0.754490315914154,
      -0.6563112735748291,
      -0.0
    ],
    "behind": [
      -0.754490315914154,
      0.6563112735748291,
      0.0
    ],
    "right": [
      0.6563112735748291,
      0.7544902563095093,
      -0.0
    ]
  },
  "objects": [
    {
      "shape": "cube",
      "pixel_coords": [
        412,
        169,
        12.856670379638672
      ],
      "color": "gray",
      "rotation": 144.1432155027512,
      "size": "small",
      "material": "rubber",
      "3d_coords": [
        -0.6737463474273682,
        2.6865921020507812,
        0.30000001192092896
      ]
    },
    {
      "shape": "cube",
      "pixel_coords": [
        169,
        204,
        11.524873733520508
      ],
      "color": "green",
      "rotation": 198.8478715580672,
      "size": "large",
      "material": "rubber",
      "3d_coords": [
        -2.0852913856506348,
        -1.5153933763504028,
        0.30000001192092896
      ]
    },
    {
      "shape": "cylinder",
      "pixel_coords": [
        276,
        287,
        9.26331901550293
      ],
      "color": "cyan",
      "rotation": 210.85183604112248,
      "size": "small",
      "material": "rubber",
      "3d_coords": [
        1.1078563928604126,
        -1.6211292743682861,
        0.30000001192092896
      ]
    },
    {
      "shape": "sphere",
      "pixel_coords": [
        209,
        176,
        12.55313777923584
      ],
      "color": "gray",
      "rotation": 249.7605713414597,
      "size": "large",
      "material": "rubber",
      "3d_coords": [
        -2.6863198280334473,
        -0.3974054455757141,
        0.30000001192092896
      ]
    },
    {
      "shape": "cylinder",
      "pixel_coords": [
        316,
        313,
        8.72527027130127
      ],
      "color": "purple",
      "rotation": 274.98919160348896,
      "size": "small",
      "material": "rubber",
      "3d_coords": [
        1.9157823324203491,
        -1.5856200456619263,
        0.30000001192092896
      ]
    },
    {
      "shape": "cylinder",
      "pixel_coords": [
        393,
        185,
        12.220175743103027
      ],
      "color": "green",
      "rotation": 123.87870311690821,
      "size": "large",
      "material": "rubber",
      "3d_coords": [
        -0.36591506004333496,
        1.9138191938400269,
        0.30000001192092896
      ]
    },
    {
      "shape": "cylinder",
      "pixel_coords": [
        538,
        233,
        10.630476951599121
      ],
      "color": "green",
      "rotation": 329.849217990556,
      "size": "small",
      "material": "rubber",
      "3d_coords": [
        2.313314437866211,
        2.3861329555511475,
        0.30000001192092896
      ]
    },
    {
      "shape": "sphere",
      "pixel_coords": [
        456,
        240,
        10.420517921447754
      ],
      "color": "yellow",
      "rotation": 182.36051121621273,
      "size": "small",
      "material": "rubber",
      "3d_coords": [
        1.7041586637496948,
        1.2374953031539917,
        0.30000001192092896
      ]
    }
  ],
  "image_filename": "CLEVR_new_000847.png",
  "split": "new"
}