{
  "relationships": {
    "right": [
      [
        2,
        3,
        4
      ],
      [
        0,
        2,
        3,
        4,
        6,
        7
      ],
      [
        4
      ],
      [
        2,
        4
      ],
      [],
      [
        0,
        1,
        2,
        3,
        4,
        6,
        7
      ],
      [
        0,
        2,
        3,
        4
      ],
      [
        0,
        2,
        3,
        4,
        6
      ]
    ],
    "left": [
      [
        1,
        5,
        6,
        7
      ],
      [
        5
      ],
      [
        0,
        1,
        3,
        5,
        6,
        7
      ],
      [
        0,
        1,
        5,
        6,
        7
      ],
      [
        0,
        1,
        2,
        3,
        5,
        6,
        7
      ],
      [],
      [
        1,
        5,
        7
      ],
      [
        1,
        5
      ]
    ],
    "behind": [
      [
        1,
        2,
        3,
        4,
        5,
        6,
        7
      ],
      [
        3,
        5,
        6
      ],
      [
        1,
        3,
        4,
        5,
        6
      ],
      [
        6
      ],
      [
        1,
        3,
        5,
        6
      ],
      [
        3,
        6
      ],
      [],
      [
        1,
        2,
        3,
        4,
        5,
        6
      ]
    ],
    "front": [
      [],
      [
        0,
        2,
        4,
        7
      ],
      [
        0,
        7
      ],
      [
        0,
        1,
        2,
        4,
        5,
        7
      ],
      [
        0,
        2,
        7
      ],
      [
        0,
        1,
        2,
        4,
        7
      ],
      [
        0,
        1,
        2,
        3,
        4,
        5,
        7
      ],
      [
        0
      ]
    ]
  },
  "image_index": 804,
  "directions": {
    "below": [
      -0.0,
      -0.0,
      -1.0
    ],
    "left": [
      -0.6563112735748291,
      -0.7544902563095093,
      0.0
    ],
    "above": [
      0.0,
      0.0,
      1.0
    ],
    "front": [
      0.754490315914154,
      -0.6563112735748291,
      -0.0
    ],
    "behind": [
      -0.754490315914154,
      0.6563112735748291,
      0.0
    ],
    "right": [
      0.6563112735748291,
      0.7544902563095093,
      -0.0
    ]
  },
  "objects": [
    {
      "shape": "cube",
      "pixel_coords": [
        303,
        367,
        8.20002269744873
      ],
      "color": "yellow",
      "rotation": 21.63612216553826,
      "size": "small",
      "material": "rubber",
      "3d_coords": [
        2.5238256454467773,
        -2.2875301837921143,
        0.30000001192092896
      ]
    },
    {
      "shape": "sphere",
      "pixel_coords": [
        178,
        235,
        10.824250221252441
      ],
      "color": "cyan",
      "rotation": 46.7492792729679,
      "size": "large",
      "material": "rubber",
      "3d_coords": [
        -1.109236478805542,
        -1.9262053966522217,
        0.30000001192092896
      ]
    },
    {
      "shape": "sphere",
      "pixel_coords": [
        392,
        291,
        9.517565727233887
      ],
      "color": "green",
      "rotation": 327.4717456248752,
      "size": "small",
      "material": "rubber",
      "3d_coords": [
        2.071547508239746,
        -0.40424659848213196,
        0.30000001192092896
      ]
    },
    {
      "shape": "sphere",
      "pixel_coords": [
        363,
        181,
        12.452493667602539
      ],
      "color": "cyan",
      "rotation": 95.52098748360932,
      "size": "large",
      "material": "rubber",
      "3d_coords": [
        -0.7223190665245056,
        1.5746517181396484,
        0.30000001192092896
      ]
    },
    {
      "shape": "cube",
      "pixel_coords": [
        484,
        281,
        9.722867965698242
      ],
      "color": "brown",
      "rotation": 267.1492362310661,
      "size": "small",
      "material": "rubber",
      "3d_coords": [
        2.6983184814453125,
        0.7542413473129272,
        0.30000001192092896
      ]
    },
    {
      "shape": "cube",
      "pixel_coords": [
        142,
        194,
        12.018892288208008
      ],
      "color": "cyan",
      "rotation": 289.08236737826854,
      "size": "small",
      "material": "rubber",
      "3d_coords": [
        -2.7357547283172607,
        -1.7277454137802124,
        0.30000001192092896
      ]
    },
    {
      "shape": "cube",
      "pixel_coords": [
        309,
        137,
        14.204752922058105
      ],
      "color": "blue",
      "rotation": 65.09365751830015,
      "size": "large",
      "material": "rubber",
      "3d_coords": [
        -2.9326469898223877,
        2.083343029022217,
        0.30000001192092896
      ]
    },
    {
      "shape": "cylinder",
      "pixel_coords": [
        178,
        307,
        9.212201118469238
      ],
      "color": "brown",
      "rotation": 249.10082816060083,
      "size": "large",
      "material": "rubber",
      "3d_coords": [
        0.5580801963806152,
        -2.8484506607055664,
        0.30000001192092896
      ]
    }
  ],
  "image_filename": "CLEVR_new_000804.png",
  "split": "new"
}