{
  "relationships": {
    "right": [
      [
        1,
        2,
        3,
        4,
        5
      ],
      [],
      [
        1,
        3,
        4,
        5
      ],
      [
        1
      ],
      [
        1,
        3,
        5
      ],
      [
        1,
        3
      ],
      [
        0,
        1,
        2,
        3,
        4,
        5
      ],
      [
        0,
        1,
        2,
        3,
        4,
        5,
        6
      ]
    ],
    "left": [
      [
        6,
        7
      ],
      [
        0,
        2,
        3,
        4,
        5,
        6,
        7
      ],
      [
        0,
        6,
        7
      ],
      [
        0,
        2,
        4,
        5,
        6,
        7
      ],
      [
        0,
        2,
        6,
        7
      ],
      [
        0,
        2,
        4,
        6,
        7
      ],
      [
        7
      ],
      []
    ],
    "behind": [
      [
        1,
        2,
        3,
        4,
        5,
        7
      ],
      [
        2,
        3,
        4,
        5
      ],
      [],
      [
        2,
        4,
        5
      ],
      [
        2,
        5
      ],
      [
        2
      ],
      [
        0,
        1,
        2,
        3,
        4,
        5,
        7
      ],
      [
        1,
        2,
        3,
        4,
        5
      ]
    ],
    "front": [
      [
        6
      ],
      [
        0,
        6,
        7
      ],
      [
        0,
        1,
        3,
        4,
        5,
        6,
        7
      ],
      [
        0,
        1,
        6,
        7
      ],
      [
        0,
        1,
        3,
        6,
        7
      ],
      [
        0,
        1,
        3,
        4,
        6,
        7
      ],
      [],
      [
        0,
        6
      ]
    ]
  },
  "image_index": 821,
  "directions": {
    "below": [
      -0.0,
      -0.0,
      -1.0
    ],
    "left": [
      -0.6563112735748291,
      -0.7544902563095093,
      0.0
    ],
    "above": [
      0.0,
      0.0,
      1.0
    ],
    "front": [
      0.754490315914154,
      -0.6563112735748291,
      -0.0
    ],
    "behind": [
      -0.754490315914154,
      0.6563112735748291,
      0.0
    ],
    "right": [
      0.6563112735748291,
      0.7544902563095093,
      -0.0
    ]
  },
  "objects": [
    {
      "shape": "cube",
      "pixel_coords": [
        252,
        272,
        9.912242889404297
      ],
      "color": "blue",
      "rotation": 103.82979892317073,
      "size": "small",
      "material": "rubber",
      "3d_coords": [
        0.5917929410934448,
        -1.7252942323684692,
        0.30000001192092896
      ]
    },
    {
      "shape": "cube",
      "pixel_coords": [
        497,
        233,
        10.992927551269531
      ],
      "color": "purple",
      "rotation": 236.01220567451693,
      "size": "large",
      "material": "rubber",
      "3d_coords": [
        2.000539541244507,
        1.9489978551864624,
        0.30000001192092896
      ]
    },
    {
      "shape": "cube",
      "pixel_coords": [
        314,
        170,
        13.342381477355957
      ],
      "color": "yellow",
      "rotation": 140.33813441626157,
      "size": "small",
      "material": "rubber",
      "3d_coords": [
        -1.8721240758895874,
        1.3743107318878174,
        0.30000001192092896
      ]
    },
    {
      "shape": "cylinder",
      "pixel_coords": [
        417,
        224,
        11.273449897766113
      ],
      "color": "purple",
      "rotation": 126.84547329177643,
      "size": "large",
      "material": "rubber",
      "3d_coords": [
        0.989441454410553,
        1.202917218208313,
        0.30000001192092896
      ]
    },
    {
      "shape": "sphere",
      "pixel_coords": [
        326,
        194,
        12.334300994873047
      ],
      "color": "yellow",
      "rotation": 51.067789556504636,
      "size": "small",
      "material": "rubber",
      "3d_coords": [
        -0.8566097021102905,
        0.8231432437896729,
        0.30000001192092896
      ]
    },
    {
      "shape": "sphere",
      "pixel_coords": [
        377,
        181,
        12.852973937988281
      ],
      "color": "blue",
      "rotation": 53.85567061821949,
      "size": "large",
      "material": "rubber",
      "3d_coords": [
        -0.7174439430236816,
        1.9236547946929932,
        0.30000001192092896
      ]
    },
    {
      "shape": "cylinder",
      "pixel_coords": [
        174,
        277,
        9.765380859375
      ],
      "color": "cyan",
      "rotation": 89.96866015795509,
      "size": "large",
      "material": "rubber",
      "3d_coords": [
        0.05116702616214752,
        -2.6557397842407227,
        0.30000001192092896
      ]
    },
    {
      "shape": "sphere",
      "pixel_coords": [
        140,
        242,
        10.716113090515137
      ],
      "color": "blue",
      "rotation": 270.0061228297475,
      "size": "large",
      "material": "rubber",
      "3d_coords": [
        -1.2403870820999146,
        -2.5480690002441406,
        0.30000001192092896
      ]
    }
  ],
  "image_filename": "CLEVR_new_000821.png",
  "split": "new"
}