{
  "relationships": {
    "right": [
      [
        1
      ],
      [],
      [
        0,
        1,
        4,
        6
      ],
      [
        0,
        1,
        2,
        4,
        5,
        6,
        7
      ],
      [
        0,
        1
      ],
      [
        0,
        1,
        2,
        4,
        6,
        7
      ],
      [
        0,
        1,
        4
      ],
      [
        0,
        1,
        2,
        4,
        6
      ]
    ],
    "left": [
      [
        2,
        3,
        4,
        5,
        6,
        7
      ],
      [
        0,
        2,
        3,
        4,
        5,
        6,
        7
      ],
      [
        3,
        5,
        7
      ],
      [],
      [
        2,
        3,
        5,
        6,
        7
      ],
      [
        3
      ],
      [
        2,
        3,
        5,
        7
      ],
      [
        3,
        5
      ]
    ],
    "behind": [
      [],
      [
        0,
        2,
        3,
        4
      ],
      [
        0,
        3
      ],
      [
        0
      ],
      [
        0,
        2,
        3
      ],
      [
        0,
        1,
        2,
        3,
        4,
        6,
        7
      ],
      [
        0,
        1,
        2,
        3,
        4,
        7
      ],
      [
        0,
        1,
        2,
        3,
        4
      ]
    ],
    "front": [
      [
        1,
        2,
        3,
        4,
        5,
        6,
        7
      ],
      [
        5,
        6,
        7
      ],
      [
        1,
        4,
        5,
        6,
        7
      ],
      [
        1,
        2,
        4,
        5,
        6,
        7
      ],
      [
        1,
        5,
        6,
        7
      ],
      [],
      [
        5
      ],
      [
        5,
        6
      ]
    ]
  },
  "image_index": 844,
  "directions": {
    "below": [
      -0.0,
      -0.0,
      -1.0
    ],
    "left": [
      -0.6563112735748291,
      -0.7544902563095093,
      0.0
    ],
    "above": [
      0.0,
      0.0,
      1.0
    ],
    "front": [
      0.754490315914154,
      -0.6563112735748291,
      -0.0
    ],
    "behind": [
      -0.754490315914154,
      0.6563112735748291,
      0.0
    ],
    "right": [
      0.6563112735748291,
      0.7544902563095093,
      -0.0
    ]
  },
  "objects": [
    {
      "shape": "cube",
      "pixel_coords": [
        394,
        181,
        12.937328338623047
      ],
      "color": "blue",
      "rotation": 284.5717658162353,
      "size": "small",
      "material": "rubber",
      "3d_coords": [
        -0.43473395705223083,
        2.1120572090148926,
        0.30000001192092896
      ]
    },
    {
      "shape": "cylinder",
      "pixel_coords": [
        449,
        246,
        10.884493827819824
      ],
      "color": "yellow",
      "rotation": 278.4857909430088,
      "size": "small",
      "material": "rubber",
      "3d_coords": [
        1.8130043745040894,
        1.1143847703933716,
        0.30000001192092896
      ]
    },
    {
      "shape": "cube",
      "pixel_coords": [
        290,
        204,
        12.110411643981934
      ],
      "color": "purple",
      "rotation": 257.97289487506106,
      "size": "small",
      "material": "rubber",
      "3d_coords": [
        -0.8898463845252991,
        0.04819214344024658,
        0.30000001192092896
      ]
    },
    {
      "shape": "sphere",
      "pixel_coords": [
        203,
        183,
        12.844634056091309
      ],
      "color": "purple",
      "rotation": 275.7384387016409,
      "size": "small",
      "material": "rubber",
      "3d_coords": [
        -2.5771830081939697,
        -0.6741110682487488,
        0.30000001192092896
      ]
    },
    {
      "shape": "cube",
      "pixel_coords": [
        373,
        226,
        11.428101539611816
      ],
      "color": "cyan",
      "rotation": 102.64612608959531,
      "size": "small",
      "material": "rubber",
      "3d_coords": [
        0.5980269312858582,
        0.6215037703514099,
        0.30000001192092896
      ]
    },
    {
      "shape": "sphere",
      "pixel_coords": [
        210,
        313,
        9.351435661315918
      ],
      "color": "purple",
      "rotation": 348.31601159721856,
      "size": "large",
      "material": "rubber",
      "3d_coords": [
        0.980101466178894,
        -2.6986536979675293,
        0.30000001192092896
      ]
    },
    {
      "shape": "cylinder",
      "pixel_coords": [
        326,
        302,
        9.573375701904297
      ],
      "color": "gray",
      "rotation": 178.86519798466745,
      "size": "large",
      "material": "rubber",
      "3d_coords": [
        1.7598987817764282,
        -1.3413643836975098,
        0.30000001192092896
      ]
    },
    {
      "shape": "sphere",
      "pixel_coords": [
        242,
        272,
        10.231380462646484
      ],
      "color": "yellow",
      "rotation": 109.03867986457486,
      "size": "small",
      "material": "rubber",
      "3d_coords": [
        0.401345819234848,
        -1.8010234832763672,
        0.30000001192092896
      ]
    }
  ],
  "image_filename": "CLEVR_new_000844.png",
  "split": "new"
}