{
  "directions": {
    "below": [
      -0.0,
      -0.0,
      -1.0
    ],
    "above": [
      0.0,
      0.0,
      1.0
    ],
    "behind": [
      -0.754490315914154,
      0.6563112735748291,
      0.0
    ],
    "left": [
      -0.6563112735748291,
      -0.7544902563095093,
      0.0
    ],
    "right": [
      0.6563112735748291,
      0.7544902563095093,
      -0.0
    ],
    "front": [
      0.754490315914154,
      -0.6563112735748291,
      -0.0
    ]
  },
  "relationships": {
    "left": [
      [
        1,
        2,
        4,
        5,
        6,
        7,
        8,
        9,
        10,
        11,
        12,
        13,
        14
      ],
      [
        2,
        6,
        7,
        9,
        10,
        11,
        12,
        13
      ],
      [
        6,
        10,
        11,
        12,
        13
      ],
      [
        0,
        1,
        2,
        4,
        5,
        6,
        7,
        8,
        9,
        10,
        11,
        12,
        13,
        14
      ],
      [
        1,
        2,
        6,
        7,
        8,
        9,
        10,
        11,
        12,
        13,
        14
      ],
      [
        1,
        2,
        4,
        6,
        7,
        8,
        9,
        10,
        11,
        12,
        13,
        14
      ],
      [
        11
      ],
      [
        2,
        6,
        10,
        11,
        12,
        13
      ],
      [
        1,
        2,
        6,
        7,
        9,
        10,
        11,
        12,
        13
      ],
      [
        2,
        6,
        7,
        10,
        11,
        12,
        13
      ],
      [
        6,
        11
      ],
      [],
      [
        6,
        10,
        11
      ],
      [
        6,
        10,
        11,
        12
      ],
      [
        1,
        2,
        6,
        7,
        8,
        9,
        10,
        11,
        12,
        13
      ],
      [
        0,
        1,
        2,
        3,
        4,
        5,
        6,
        7,
        8,
        9,
        10,
        11,
        12,
        13,
        14
      ]
    ],
    "right": [
      [
        3,
        15
      ],
      [
        0,
        3,
        4,
        5,
        8,
        14,
        15
      ],
      [
        0,
        1,
        3,
        4,
        5,
        7,
        8,
        9,
        14,
        15
      ],
      [
        15
      ],
      [
        0,
        3,
        5,
        15
      ],
      [
        0,
        3,
        15
      ],
      [
        0,
        1,
        2,
        3,
        4,
        5,
        7,
        8,
        9,
        10,
        12,
        13,
        14,
        15
      ],
      [
        0,
        1,
        3,
        4,
        5,
        8,
        9,
        14,
        15
      ],
      [
        0,
        3,
        4,
        5,
        14,
        15
      ],
      [
        0,
        1,
        3,
        4,
        5,
        8,
        14,
        15
      ],
      [
        0,
        1,
        2,
        3,
        4,
        5,
        7,
        8,
        9,
        12,
        13,
        14,
        15
      ],
      [
        0,
        1,
        2,
        3,
        4,
        5,
        6,
        7,
        8,
        9,
        10,
        12,
        13,
        14,
        15
      ],
      [
        0,
        1,
        2,
        3,
        4,
        5,
        7,
        8,
        9,
        13,
        14,
        15
      ],
      [
        0,
        1,
        2,
        3,
        4,
        5,
        7,
        8,
        9,
        14,
        15
      ],
      [
        0,
        3,
        4,
        5,
        15
      ],
      []
    ],
    "front": [
      [
        3,
        4,
        5,
        7,
        8,
        9,
        10,
        11,
        12,
        15
      ],
      [
        0,
        3,
        4,
        5,
        6,
        7,
        8,
        9,
        10,
        11,
        12,
        15
      ],
      [
        0,
        1,
        3,
        4,
        5,
        6,
        7,
        8,
        9,
        10,
        11,
        12,
        13,
        14,
        15
      ],
      [
        5,
        7,
        8,
        9,
        10,
        12,
        15
      ],
      [
        3,
        5,
        7,
        8,
        9,
        10,
        12,
        15
      ],
      [
        7,
        8,
        9,
        10,
        12
      ],
      [
        0,
        3,
        4,
        5,
        7,
        8,
        9,
        10,
        11,
        12,
        15
      ],
      [],
      [
        7,
        9
      ],
      [
        7
      ],
      [
        7,
        8,
        9
      ],
      [
        3,
        4,
        5,
        7,
        8,
        9,
        10,
        12,
        15
      ],
      [
        7,
        8,
        9,
        10
      ],
      [
        0,
        1,
        3,
        4,
        5,
        6,
        7,
        8,
        9,
        10,
        11,
        12,
        15
      ],
      [
        0,
        1,
        3,
        4,
        5,
        6,
        7,
        8,
        9,
        10,
        11,
        12,
        13,
        15
      ],
      [
        5,
        7,
        8,
        9,
        10,
        12
      ]
    ],
    "behind": [
      [
        1,
        2,
        6,
        13,
        14
      ],
      [
        2,
        13,
        14
      ],
      [],
      [
        0,
        1,
        2,
        4,
        6,
        11,
        13,
        14
      ],
      [
        0,
        1,
        2,
        6,
        11,
        13,
        14
      ],
      [
        0,
        1,
        2,
        3,
        4,
        6,
        11,
        13,
        14,
        15
      ],
      [
        1,
        2,
        13,
        14
      ],
      [
        0,
        1,
        2,
        3,
        4,
        5,
        6,
        8,
        9,
        10,
        11,
        12,
        13,
        14,
        15
      ],
      [
        0,
        1,
        2,
        3,
        4,
        5,
        6,
        10,
        11,
        12,
        13,
        14,
        15
      ],
      [
        0,
        1,
        2,
        3,
        4,
        5,
        6,
        8,
        10,
        11,
        12,
        13,
        14,
        15
      ],
      [
        0,
        1,
        2,
        3,
        4,
        5,
        6,
        11,
        12,
        13,
        14,
        15
      ],
      [
        0,
        1,
        2,
        6,
        13,
        14
      ],
      [
        0,
        1,
        2,
        3,
        4,
        5,
        6,
        11,
        13,
        14,
        15
      ],
      [
        2,
        14
      ],
      [
        2
      ],
      [
        0,
        1,
        2,
        3,
        4,
        6,
        11,
        13,
        14
      ]
    ]
  },
  "objects": [
    {
      "3d_coords": [
        1.3475691080093384,
        2.547196388244629,
        0.30000001192092896
      ],
      "rotation": 234.90913679044138,
      "size": "small",
      "pixel_coords": [
        482,
        205,
        12.007709503173828
      ],
      "color": "cyan",
      "shape": "sphere",
      "material": "rubber"
    },
    {
      "3d_coords": [
        -0.945762038230896,
        1.4597663879394531,
        0.30000001192092896
      ],
      "rotation": 35.18931129786024,
      "size": "small",
      "pixel_coords": [
        343,
        184,
        12.843079566955566
      ],
      "color": "purple",
      "shape": "cube",
      "material": "rubber"
    },
    {
      "3d_coords": [
        -2.629436492919922,
        1.325667142868042,
        0.30000001192092896
      ],
      "rotation": 328.696038249678,
      "size": "small",