{
  "relationships": {
    "right": [
      [
        1,
        3,
        4,
        7
      ],
      [
        3,
        4,
        7
      ],
      [
        0,
        1,
        3,
        4,
        5,
        6,
        7
      ],
      [
        4,
        7
      ],
      [
        7
      ],
      [
        0,
        1,
        3,
        4,
        6,
        7
      ],
      [
        0,
        1,
        3,
        4,
        7
      ],
      []
    ],
    "left": [
      [
        2,
        5,
        6
      ],
      [
        0,
        2,
        5,
        6
      ],
      [],
      [
        0,
        1,
        2,
        5,
        6
      ],
      [
        0,
        1,
        2,
        3,
        5,
        6
      ],
      [
        2
      ],
      [
        2,
        5
      ],
      [
        0,
        1,
        2,
        3,
        4,
        5,
        6
      ]
    ],
    "behind": [
      [
        1,
        5,
        6
      ],
      [],
      [
        0,
        1,
        5,
        6
      ],
      [
        0,
        1,
        2,
        5,
        6
      ],
      [
        0,
        1,
        2,
        3,
        5,
        6,
        7
      ],
      [
        1
      ],
      [
        1,
        5
      ],
      [
        0,
        1,
        2,
        3,
        5,
        6
      ]
    ],
    "front": [
      [
        2,
        3,
        4,
        7
      ],
      [
        0,
        2,
        3,
        4,
        5,
        6,
        7
      ],
      [
        3,
        4,
        7
      ],
      [
        4,
        7
      ],
      [],
      [
        0,
        2,
        3,
        4,
        6,
        7
      ],
      [
        0,
        2,
        3,
        4,
        7
      ],
      [
        4
      ]
    ]
  },
  "image_index": 826,
  "directions": {
    "below": [
      -0.0,
      -0.0,
      -1.0
    ],
    "left": [
      -0.6563112735748291,
      -0.7544902563095093,
      0.0
    ],
    "above": [
      0.0,
      0.0,
      1.0
    ],
    "front": [
      0.754490315914154,
      -0.6563112735748291,
      -0.0
    ],
    "behind": [
      -0.754490315914154,
      0.6563112735748291,
      0.0
    ],
    "right": [
      0.6563112735748291,
      0.7544902563095093,
      -0.0
    ]
  },
  "objects": [
    {
      "shape": "cylinder",
      "pixel_coords": [
        311,
        213,
        12.18692398071289
      ],
      "color": "blue",
      "rotation": 110.30803085768923,
      "size": "large",
      "material": "rubber",
      "3d_coords": [
        -0.43610721826553345,
        0.17276297509670258,
        0.30000001192092896
      ]
    },
    {
      "shape": "cube",
      "pixel_coords": [
        324,
        162,
        14.20168685913086
      ],
      "color": "purple",
      "rotation": 301.0188011835391,
      "size": "large",
      "material": "rubber",
      "3d_coords": [
        -2.036245346069336,
        1.8436945676803589,
        0.30000001192092896
      ]
    },
    {
      "shape": "cylinder",
      "pixel_coords": [
        178,
        230,
        11.630683898925781
      ],
      "color": "gray",
      "rotation": 87.66224829493756,
      "size": "small",
      "material": "rubber",
      "3d_coords": [
        -1.3799954652786255,
        -1.919894814491272,
        0.30000001192092896
      ]
    },
    {
      "shape": "cube",
      "pixel_coords": [
        340,
        267,
        10.578764915466309
      ],
      "color": "gray",
      "rotation": 36.74186905451404,
      "size": "large",
      "material": "rubber",
      "3d_coords": [
        1.2591328620910645,
        -0.6688066720962524,
        0.30000001192092896
      ]
    },
    {
      "shape": "cube",
      "pixel_coords": [
        400,
        325,
        9.278279304504395
      ],
      "color": "brown",
      "rotation": 242.80844361415572,
      "size": "large",
      "material": "rubber",
      "3d_coords": [
        2.8759655952453613,
        -1.0598357915878296,
        0.30000001192092896
      ]
    },
    {
      "shape": "sphere",
      "pixel_coords": [
        251,
        185,
        13.203411102294922
      ],
      "color": "red",
      "rotation": 284.51784684625756,
      "size": "large",
      "material": "rubber",
      "3d_coords": [
        -2.0707385540008545,
        0.04175892099738121,
        0.30000001192092896
      ]
    },
    {
      "shape": "sphere",
      "pixel_coords": [
        298,
        194,
        12.861612319946289
      ],
      "color": "brown",
      "rotation": 35.561368172583734,
      "size": "small",
      "material": "rubber",
      "3d_coords": [
        -1.1879445314407349,
        0.4780188798904419,
        0.30000001192092896
      ]
    },
    {
      "shape": "cylinder",
      "pixel_coords": [
        460,
        288,
        10.06087875366211
      ],
      "color": "red",
      "rotation": 52.95754117560946,
      "size": "small",
      "material": "rubber",
      "3d_coords": [
        2.8126184940338135,
        0.2463809698820114,
        0.30000001192092896
      ]
    }
  ],
  "image_filename": "CLEVR_new_000826.png",
  "split": "new"
}