{
  "directions": {
    "above": [
      0.0,
      0.0,
      1.0
    ],
    "left": [
      -0.6563112735748291,
      -0.7544902563095093,
      0.0
    ],
    "front": [
      0.754490315914154,
      -0.6563112735748291,
      -0.0
    ],
    "below": [
      -0.0,
      -0.0,
      -1.0
    ],
    "behind": [
      -0.754490315914154,
      0.6563112735748291,
      0.0
    ],
    "right": [
      0.6563112735748291,
      0.7544902563095093,
      -0.0
    ]
  },
  "image_filename": "CLEVR_new_001022.png",
  "image_index": 1022,
  "relationships": {
    "front": [
      [
        1,
        3,
        4,
        9
      ],
      [
        3,
        4,
        9
      ],
      [
        0,
        1,
        3,
        4,
        9
      ],
      [],
      [
        3,
        9
      ],
      [
        0,
        1,
        2,
        3,
        4,
        6,
        7,
        8,
        9
      ],
      [
        0,
        1,
        2,
        3,
        4,
        7,
        8,
        9
      ],
      [
        0,
        1,
        2,
        3,
        4,
        9
      ],
      [
        0,
        1,
        2,
        3,
        4,
        7,
        9
      ],
      [
        3
      ]
    ],
    "left": [
      [
        1,
        3,
        5,
        6,
        8
      ],
      [
        3,
        6
      ],
      [
        0,
        1,
        3,
        5,
        6,
        7,
        8,
        9
      ],
      [
        6
      ],
      [
        0,
        1,
        2,
        3,
        5,
        6,
        7,
        8,
        9
      ],
      [
        1,
        3,
        6,
        8
      ],
      [],
      [
        0,
        1,
        3,
        5,
        6,
        8
      ],
      [
        1,
        3,
        6
      ],
      [
        0,
        1,
        3,
        5,
        6,
        7,
        8
      ]
    ],
    "behind": [
      [
        2,
        5,
        6,
        7,
        8
      ],
      [
        0,
        2,
        5,
        6,
        7,
        8
      ],
      [
        5,
        6,
        7,
        8
      ],
      [
        0,
        1,
        2,
        4,
        5,
        6,
        7,
        8,
        9
      ],
      [
        0,
        1,
        2,
        5,
        6,
        7,
        8
      ],
      [],
      [
        5
      ],
      [
        5,
        6,
        8
      ],
      [
        5,
        6
      ],
      [
        0,
        1,
        2,
        4,
        5,
        6,
        7,
        8
      ]
    ],
    "right": [
      [
        2,
        4,
        7,
        9
      ],
      [
        0,
        2,
        4,
        5,
        7,
        8,
        9
      ],
      [
        4
      ],
      [
        0,
        1,
        2,
        4,
        5,
        7,
        8,
        9
      ],
      [],
      [
        0,
        2,
        4,
        7,
        9
      ],
      [
        0,
        1,
        2,
        3,
        4,
        5,
        7,
        8,
        9
      ],
      [
        2,
        4,
        9
      ],
      [
        0,
        2,
        4,
        5,
        7,
        9
      ],
      [
        2,
        4
      ]
    ]
  },
  "split": "new",
  "objects": [
    {
      "3d_coords": [
        0.6327465772628784,
        1.3022360801696777,
        0.30000001192092896
      ],
      "rotation": 238.11614590411838,
      "color": "gray",
      "shape": "cube",
      "pixel_coords": [
        408,
        214,
        11.309060096740723
      ],
      "material": "rubber",
      "size": "small"
    },
    {
      "3d_coords": [
        -0.024141736328601837,
        -0.16001524031162262,
        0.30000001192092896
      ],
      "rotation": 56.3818871552528,
      "color": "green",
      "shape": "sphere",
      "pixel_coords": [
        311,
        226,
        10.969900131225586
      ],
      "material": "rubber",
      "size": "large"
    },
    {
      "3d_coords": [
        1.3035258054733276,
        2.4324913024902344,
        0.30000001192092896
      ],
      "rotation": 13.837649997582279,
      "color": "green",
      "shape": "cube",
      "pixel_coords": [
        486,
        210,
        11.459871292114258
      ],
      "material": "rubber",
      "size": "large"
    },
    {
      "3d_coords": [
        1.5294800996780396,
        -2.0670559406280518,
        0.30000001192092896
      ],
      "rotation": 1.7206641924816113,
      "color": "blue",
      "shape": "cylinder",
      "pixel_coords": [
        267,
        316,
        8.881438255310059
      ],
      "material": "rubber",
      "size": "small"
    },
    {
      "3d_coords": [
        2.427791118621826,
        2.2750959396362305,
        0.30000001192092896
      ],
      "rotation": 222.01114081005917,
      "color": "blue",
      "shape": "cube",
      "pixel_coords": [
        537,
        239,
        10.607255935668945
      ],
      "material": "rubber",
      "size": "large"
    },
    {
      "3d_coords": [
        -1.521059274673462,
        2.658728837966919,
        0.30000001192092896
      ],
      "rotation": 189.970157439709,
      "color": "red",
      "shape": "sphere",
      "pixel_coords": [
        379,
        154,
        13.51081371307373
      ],
      "material": "rubber",
      "size": "large"
    },
    {
      "3d_coords": [
        -2.852177858352661,
        0.2309378683567047,
        0.30000001192092896
      ],
      "rotation": 46.06139185015432,
      "color": "brown",
      "shape": "cylinder",
      "pixel_coords": [
        235,
        163,
        13.1119384765625
      ],
      "material": "rubber",
      "size": "large"
    },
    {
      "3d_coords": [
        0.35991472005844116,
        2.209543466567993,
        0.30000001192092896
      ],
      "rotation": 140.40830125012116,
      "color": "blue",
      "shape": "cube",
      "pixel_coords": [
        434,
        193,
        11.984200477600098
      ],
      "material": "rubber",
      "size": "small"
    },
    {
      "3d_coords": [
        -0.9644045233726501,
        1.3911192417144775,
        0.30000001192092896
      ],
      "rotation": 96.55614699217682,
      "color": "cyan",
      "shape": "cube",
      "pixel_coords": [
        348,
        180,
        12.447723388671875
      ],
      "material": "rubber",
      "size": "small"
    },
    {
      "3d_coords": [
        2.5645196437835693,
        0.7242598533630371,
        0.30000001192092896
      ],
      "rotation": 215.70023170326135,
      "color": "gray",
      "shape": "cylinder",
      "pixel_coords": [
        476,
        277,
        9.67836856842041
      ],
      "material": "rubber",
      "size": "large"
    }
  ]
}