{
  "directions": {
    "below": [
      -0.0,
      -0.0,
      -1.0
    ],
    "above": [
      0.0,
      0.0,
      1.0
    ],
    "behind": [
      -0.754490315914154,
      0.6563112735748291,
      0.0
    ],
    "left": [
      -0.6563112735748291,
      -0.7544902563095093,
      0.0
    ],
    "right": [
      0.6563112735748291,
      0.7544902563095093,
      -0.0
    ],
    "front": [
      0.754490315914154,
      -0.6563112735748291,
      -0.0
    ]
  },
  "relationships": {
    "left": [
      [
        2,
        3,
        4,
        6,
        7,
        11,
        12,
        14,
        15
      ],
      [
        0,
        2,
        3,
        4,
        6,
        7,
        8,
        10,
        11,
        12,
        13,
        14,
        15
      ],
      [
        4,
        6,
        7,
        12,
        15
      ],
      [
        2,
        4,
        6,
        7,
        12,
        15
      ],
      [
        6,
        7,
        12,
        15
      ],
      [
        0,
        1,
        2,
        3,
        4,
        6,
        7,
        8,
        10,
        11,
        12,
        13,
        14,
        15
      ],
      [
        7,
        15
      ],
      [],
      [
        0,
        2,
        3,
        4,
        6,
        7,
        11,
        12,
        14,
        15
      ],
      [
        0,
        1,
        2,
        3,
        4,
        5,
        6,
        7,
        8,
        10,
        11,
        12,
        13,
        14,
        15
      ],
      [
        0,
        2,
        3,
        4,
        6,
        7,
        8,
        11,
        12,
        14,
        15
      ],
      [
        2,
        3,
        4,
        6,
        7,
        12,
        15
      ],
      [
        6,
        7,
        15
      ],
      [
        0,
        2,
        3,
        4,
        6,
        7,
        8,
        10,
        11,
        12,
        14,
        15
      ],
      [
        2,
        3,
        4,
        6,
        7,
        11,
        12,
        15
      ],
      [
        7
      ]
    ],
    "right": [
      [
        1,
        5,
        8,
        9,
        10,
        13
      ],
      [
        5,
        9
      ],
      [
        0,
        1,
        3,
        5,
        8,
        9,
        10,
        11,
        13,
        14
      ],
      [
        0,
        1,
        5,
        8,
        9,
        10,
        11,
        13,
        14
      ],
      [
        0,
        1,
        2,
        3,
        5,
        8,
        9,
        10,
        11,
        13,
        14
      ],
      [
        9
      ],
      [
        0,
        1,
        2,
        3,
        4,
        5,
        8,
        9,
        10,
        11,
        12,
        13,
        14
      ],
      [
        0,
        1,
        2,
        3,
        4,
        5,
        6,
        8,
        9,
        10,
        11,
        12,
        13,
        14,
        15
      ],
      [
        1,
        5,
        9,
        10,
        13
      ],
      [],
      [
        1,
        5,
        9,
        13
      ],
      [
        0,
        1,
        5,
        8,
        9,
        10,
        13,
        14
      ],
      [
        0,
        1,
        2,
        3,
        4,
        5,
        8,
        9,
        10,
        11,
        13,
        14
      ],
      [
        1,
        5,
        9
      ],
      [
        0,
        1,
        5,
        8,
        9,
        10,
        13
      ],
      [
        0,
        1,
        2,
        3,
        4,
        5,
        6,
        8,
        9,
        10,
        11,
        12,
        13,
        14
      ]
    ],
    "front": [
      [
        14
      ],
      [
        0,
        2,
        3,
        4,
        5,
        6,
        7,
        9,
        10,
        11,
        12,
        13,
        14,
        15
      ],
      [
        0,
        4,
        5,
        7,
        10,
        12,
        13,
        14
      ],
      [
        0,
        2,
        4,
        5,
        6,
        7,
        9,
        10,
        11,
        12,
        13,
        14,
        15
      ],
      [
        0,
        13,
        14
      ],
      [
        0,
        4,
        13,
        14
      ],
      [
        0,
        2,
        4,
        5,
        7,
        9,
        10,
        11,
        12,
        13,
        14,
        15
      ],
      [
        0,
        4,
        5,
        10,
        13,
        14
      ],
      [
        0,
        1,
        2,
        3,
        4,
        5,
        6,
        7,
        9,
        10,
        11,
        12,
        13,
        14,
        15
      ],
      [
        0,
        2,
        4,
        5,
        7,
        10,
        12,
        13,
        14
      ],
      [
        0,
        4,
        5,
        13,
        14
      ],
      [
        0,
        2,
        4,
        5,
        7,
        9,
        10,
        12,
        13,
        14,
        15
      ],
      [
        0,
        4,
        5,
        7,
        10,
        13,
        14
      ],
      [
        0,
        14
      ],
      [],
      [
        0,
        2,
        4,
        5,
        7,
        9,
        10,
        12,
        13,
        14
      ]
    ],
    "behind": [
      [
        1,
        2,
        3,
        4,
        5,
        6,
        7,
        8,
        9,
        10,
        11,
        12,
        13,
        15
      ],
      [
        8
      ],
      [
        1,
        3,
        6,
        8,
        9,
        11,
        15
      ],
      [
        1,
        8
      ],
      [
        1,
        2,
        3,
        5,
        6,
        7,
        8,
        9,
        10,
        11,
        12,
        15
      ],
      [
        1,
        2,
        3,
        6,
        7,
        8,
        9,
        10,
        11,
        12,
        15
      ],
      [
        1,
        3,
        8
      ],
      [
        1,
        2,
        3,
        6,
        8,
        9,
        11,
        12,
        15
      ],
      [],
      [
        1,
        3,
        6,
        8,
        11,
        15
      ],
      [
        1,
        2,
        3,
        6,
        7,
        8,
        9,
        11,
        12,
        15
      ],
      [
        1,
        3,
        6,
        8
      ],
      [
        1,
        2,
        3,
        6,
        8,
        9,
        11,
        15
      ],
      [
        1,
        2,
        3,
        4,
        5,
        6,
        7,
        8,
        9,
        10,
        11,
        12,
        15
      ],
      [
        0,
        1,
        2,
        3,
        4,
        5,
        6,
        7,
        8,
        9,
        10,
        11,
        12,
        13,
        15
      ],
      [
        1,
        3,
        6,
        8,
        11
      ]
    ]
  },
  "objects": [
    {
      "3d_coords": [
        2.086329936981201,
        -1.641757607460022,
        0.30000001192092896
      ],
      "rotation": 115.28951754867752,
      "size": "small",
      "pixel_coords": [
        335,
        315,
        8.547218322753906
      ],
      "color": "cyan",
      "shape": "sphere",
      "material": "rubber"
    },
    {
      "3d_coords": [
        -1.3525930643081665,
        2.919264554977417,
        0.30000001192092896
      ],
      "rotation": 125.1929798720667,
      "size": "small",
      "pixel_coords": [
        385,
        158,
        13.566658973693848
      ],
      "color": "red",
      "shape": "cube",
      "material": "rubber"
    },
    {
      "3d_coords": [
        -0.7575403451919556,
        -0.6394414901733398,
        0.30000001192092896
      ],
      "rotation": 273.37064629972645,
      "size": "small",