{
  "relationships": {
    "right": [
      [
        1,
        2,
        3,
        5,
        6,
        7
      ],
      [
        3,
        7
      ],
      [
        1,
        3,
        5,
        6,
        7
      ],
      [],
      [
        0,
        1,
        2,
        3,
        5,
        6,
        7
      ],
      [
        1,
        3,
        6,
        7
      ],
      [
        1,
        3,
        7
      ],
      [
        3
      ]
    ],
    "left": [
      [
        4
      ],
      [
        0,
        2,
        4,
        5,
        6
      ],
      [
        0,
        4
      ],
      [
        0,
        1,
        2,
        4,
        5,
        6,
        7
      ],
      [],
      [
        0,
        2,
        4
      ],
      [
        0,
        2,
        4,
        5
      ],
      [
        0,
        1,
        2,
        4,
        5,
        6
      ]
    ],
    "behind": [
      [
        1,
        3,
        4,
        5,
        6,
        7
      ],
      [
        4,
        5,
        6,
        7
      ],
      [
        0,
        1,
        3,
        4,
        5,
        6,
        7
      ],
      [
        1,
        4,
        5,
        6,
        7
      ],
      [
        5,
        6,
        7
      ],
      [],
      [
        5,
        7
      ],
      [
        5
      ]
    ],
    "front": [
      [
        2
      ],
      [
        0,
        2,
        3
      ],
      [],
      [
        0,
        2
      ],
      [
        0,
        1,
        2,
        3
      ],
      [
        0,
        1,
        2,
        3,
        4,
        6,
        7
      ],
      [
        0,
        1,
        2,
        3,
        4
      ],
      [
        0,
        1,
        2,
        3,
        4,
        6
      ]
    ]
  },
  "image_index": 808,
  "directions": {
    "below": [
      -0.0,
      -0.0,
      -1.0
    ],
    "left": [
      -0.6563112735748291,
      -0.7544902563095093,
      0.0
    ],
    "above": [
      0.0,
      0.0,
      1.0
    ],
    "front": [
      0.754490315914154,
      -0.6563112735748291,
      -0.0
    ],
    "behind": [
      -0.754490315914154,
      0.6563112735748291,
      0.0
    ],
    "right": [
      0.6563112735748291,
      0.7544902563095093,
      -0.0
    ]
  },
  "objects": [
    {
      "shape": "cube",
      "pixel_coords": [
        269,
        257,
        10.31373119354248
      ],
      "color": "cyan",
      "rotation": 249.85011994980923,
      "size": "large",
      "material": "rubber",
      "3d_coords": [
        0.20609676837921143,
        -1.2464349269866943,
        0.30000001192092896
      ]
    },
    {
      "shape": "cylinder",
      "pixel_coords": [
        419,
        213,
        11.532323837280273
      ],
      "color": "purple",
      "rotation": 351.5757592894735,
      "size": "large",
      "material": "rubber",
      "3d_coords": [
        0.8679229021072388,
        1.4424611330032349,
        0.30000001192092896
      ]
    },
    {
      "shape": "sphere",
      "pixel_coords": [
        343,
        327,
        8.83237075805664
      ],
      "color": "brown",
      "rotation": 146.15152977541797,
      "size": "large",
      "material": "rubber",
      "3d_coords": [
        2.1569066047668457,
        -1.6938480138778687,
        0.30000001192092896
      ]
    },
    {
      "shape": "sphere",
      "pixel_coords": [
        515,
        222,
        11.261550903320312
      ],
      "color": "gray",
      "rotation": 75.24056369551646,
      "size": "small",
      "material": "rubber",
      "3d_coords": [
        2.140427589416504,
        2.2985260486602783,
        0.30000001192092896
      ]
    },
    {
      "shape": "cylinder",
      "pixel_coords": [
        151,
        208,
        11.683817863464355
      ],
      "color": "gray",
      "rotation": 261.44812335423103,
      "size": "small",
      "material": "rubber",
      "3d_coords": [
        -2.372548818588257,
        -1.6255390644073486,
        0.30000001192092896
      ]
    },
    {
      "shape": "cube",
      "pixel_coords": [
        372,
        165,
        13.189130783081055
      ],
      "color": "red",
      "rotation": 0.4908297292768182,
      "size": "large",
      "material": "rubber",
      "3d_coords": [
        -0.9552215933799744,
        2.3101613521575928,
        0.30000001192092896
      ]
    },
    {
      "shape": "sphere",
      "pixel_coords": [
        395,
        185,
        12.434751510620117
      ],
      "color": "yellow",
      "rotation": 30.438031682693236,
      "size": "small",
      "material": "rubber",
      "3d_coords": [
        -0.09444153308868408,
        1.946476936340332,
        0.30000001192092896
      ]
    },
    {
      "shape": "cube",
      "pixel_coords": [
        420,
        169,
        13.05484676361084
      ],
      "color": "blue",
      "rotation": 270.38146381047784,
      "size": "large",
      "material": "rubber",
      "3d_coords": [
        -0.23281845450401306,
        2.8282265663146973,
        0.30000001192092896
      ]
    }
  ],
  "image_filename": "CLEVR_new_000808.png",
  "split": "new"
}