{
  "directions": {
    "below": [
      -0.0,
      -0.0,
      -1.0
    ],
    "above": [
      0.0,
      0.0,
      1.0
    ],
    "behind": [
      -0.754490315914154,
      0.6563112735748291,
      0.0
    ],
    "left": [
      -0.6563112735748291,
      -0.7544902563095093,
      0.0
    ],
    "right": [
      0.6563112735748291,
      0.7544902563095093,
      -0.0
    ],
    "front": [
      0.754490315914154,
      -0.6563112735748291,
      -0.0
    ]
  },
  "relationships": {
    "left": [
      [
        1,
        3,
        4,
        5,
        6,
        9,
        10,
        11,
        12,
        14,
        15
      ],
      [
        3,
        4,
        5,
        9,
        11,
        12
      ],
      [
        0,
        1,
        3,
        4,
        5,
        6,
        8,
        9,
        10,
        11,
        12,
        13,
        14,
        15
      ],
      [
        4,
        9,
        12
      ],
      [],
      [
        3,
        4,
        9,
        12
      ],
      [
        1,
        3,
        4,
        5,
        9,
        10,
        11,
        12,
        14
      ],
      [
        0,
        1,
        2,
        3,
        4,
        5,
        6,
        8,
        9,
        10,
        11,
        12,
        13,
        14,
        15
      ],
      [
        0,
        1,
        3,
        4,
        5,
        6,
        9,
        10,
        11,
        12,
        14,
        15
      ],
      [
        4
      ],
      [
        1,
        3,
        4,
        5,
        9,
        11,
        12
      ],
      [
        3,
        4,
        5,
        9,
        12
      ],
      [
        4,
        9
      ],
      [
        0,
        1,
        3,
        4,
        5,
        6,
        8,
        9,
        10,
        11,
        12,
        14,
        15
      ],
      [
        1,
        3,
        4,
        5,
        9,
        10,
        11,
        12
      ],
      [
        1,
        3,
        4,
        5,
        6,
        9,
        10,
        11,
        12,
        14
      ]
    ],
    "right": [
      [
        2,
        7,
        8,
        13
      ],
      [
        0,
        2,
        6,
        7,
        8,
        10,
        13,
        14,
        15
      ],
      [
        7
      ],
      [
        0,
        1,
        2,
        5,
        6,
        7,
        8,
        10,
        11,
        13,
        14,
        15
      ],
      [
        0,
        1,
        2,
        3,
        5,
        6,
        7,
        8,
        9,
        10,
        11,
        12,
        13,
        14,
        15
      ],
      [
        0,
        1,
        2,
        6,
        7,
        8,
        10,
        11,
        13,
        14,
        15
      ],
      [
        0,
        2,
        7,
        8,
        13,
        15
      ],
      [],
      [
        2,
        7,
        13
      ],
      [
        0,
        1,
        2,
        3,
        5,
        6,
        7,
        8,
        10,
        11,
        12,
        13,
        14,
        15
      ],
      [
        0,
        2,
        6,
        7,
        8,
        13,
        14,
        15
      ],
      [
        0,
        1,
        2,
        6,
        7,
        8,
        10,
        13,
        14,
        15
      ],
      [
        0,
        1,
        2,
        3,
        5,
        6,
        7,
        8,
        10,
        11,
        13,
        14,
        15
      ],
      [
        2,
        7
      ],
      [
        0,
        2,
        6,
        7,
        8,
        13,
        15
      ],
      [
        0,
        2,
        7,
        8,
        13
      ]
    ],
    "front": [
      [
        2,
        4,
        5,
        6,
        7,
        8,
        9,
        10,
        12,
        13
      ],
      [
        0,
        2,
        3,
        4,
        5,
        6,
        7,
        8,
        9,
        10,
        11,
        12,
        13,
        15
      ],
      [
        5,
        6,
        9,
        10,
        12,
        13
      ],
      [
        0,
        2,
        4,
        5,
        6,
        7,
        8,
        9,
        10,
        12,
        13
      ],
      [
        2,
        5,
        6,
        7,
        8,
        9,
        10,
        12,
        13
      ],
      [
        6,
        9,
        10,
        12,
        13
      ],
      [
        10,
        12
      ],
      [
        2,
        5,
        6,
        9,
        10,
        12,
        13
      ],
      [
        2,
        5,
        6,
        7,
        9,
        10,
        12,
        13
      ],
      [
        6,
        10,
        12,
        13
      ],
      [],
      [
        0,
        2,
        3,
        4,
        5,
        6,
        7,
        8,
        9,
        10,
        12,
        13
      ],
      [
        10
      ],
      [
        6,
        10,
        12
      ],
      [
        0,
        1,
        2,
        3,
        4,
        5,
        6,
        7,
        8,
        9,
        10,
        11,
        12,
        13,
        15
      ],
      [
        0,
        2,
        3,
        4,
        5,
        6,
        7,
        8,
        9,
        10,
        11,
        12,
        13
      ]
    ],
    "behind": [
      [
        1,
        3,
        11,
        14,
        15
      ],
      [
        14
      ],
      [
        0,
        1,
        3,
        4,
        7,
        8,
        11,
        14,
        15
      ],
      [
        1,
        11,
        14,
        15
      ],
      [
        0,
        1,
        3,
        11,
        14,
        15
      ],
      [
        0,
        1,
        2,
        3,
        4,
        7,
        8,
        11,
        14,
        15
      ],
      [
        0,
        1,
        2,
        3,
        4,
        5,
        7,
        8,
        9,
        11,
        13,
        14,
        15
      ],
      [
        0,
        1,
        3,
        4,
        8,
        11,
        14,
        15
      ],
      [
        0,
        1,
        3,
        4,
        11,
        14,
        15
      ],
      [
        0,
        1,
        2,
        3,
        4,
        5,
        7,
        8,
        11,
        14,
        15
      ],
      [
        0,
        1,
        2,
        3,
        4,
        5,
        6,
        7,
        8,
        9,
        11,
        12,
        13,
        14,
        15
      ],
      [
        1,
        14,
        15
      ],
      [
        0,
        1,
        2,
        3,
        4,
        5,
        6,
        7,
        8,
        9,
        11,
        13,
        14,
        15
      ],
      [
        0,
        1,
        2,
        3,
        4,
        5,
        7,
        8,
        9,
        11,
        14,
        15
      ],
      [],
      [
        1,
        14
      ]
    ]
  },
  "objects": [
    {
      "3d_coords": [
        0.11672111600637436,
        1.705976128578186,
        0.30000001192092896
      ],
      "rotation": 246.79588194485248,
      "size": "small",
      "pixel_coords": [
        397,
        198,
        12.311845779418945
      ],
      "color": "blue",
      "shape": "cube",
      "material": "rubber"
    },
    {
      "3d_coords": [
        -2.319287061691284,
        1.6366151571273804,
        0.30000001192092896
      ],
      "rotation": 102.05342258498811,
      "size": "small",
      "pixel_coords": [
        304,
        162,
        13.888534545898438
      ],
      "color": "yellow",
      "shape": "sphere",
      "material": "rubber"
    },
    {
      "3d_coords": [
        2.501880645751953,
        1.9369655847549438,
        0.30000001192092896
      ],
      "rotation": 217.6975244565669,
      "size": "small",