{
  "directions": {
    "above": [
      0.0,
      0.0,
      1.0
    ],
    "left": [
      -0.6563112735748291,
      -0.7544902563095093,
      0.0
    ],
    "front": [
      0.754490315914154,
      -0.6563112735748291,
      -0.0
    ],
    "below": [
      -0.0,
      -0.0,
      -1.0
    ],
    "behind": [
      -0.754490315914154,
      0.6563112735748291,
      0.0
    ],
    "right": [
      0.6563112735748291,
      0.7544902563095093,
      -0.0
    ]
  },
  "image_filename": "CLEVR_new_001002.png",
  "image_index": 1002,
  "relationships": {
    "front": [
      [
        2,
        6,
        7
      ],
      [
        0,
        2,
        3,
        6,
        7,
        8,
        9
      ],
      [
        6,
        7
      ],
      [
        0,
        2,
        6,
        7,
        8
      ],
      [
        0,
        1,
        2,
        3,
        6,
        7,
        8,
        9
      ],
      [
        0,
        1,
        2,
        3,
        4,
        6,
        7,
        8,
        9
      ],
      [],
      [
        6
      ],
      [
        0,
        2,
        6,
        7
      ],
      [
        0,
        2,
        3,
        6,
        7,
        8
      ]
    ],
    "left": [
      [
        1,
        2,
        3,
        4,
        5,
        6,
        7,
        8,
        9
      ],
      [
        2,
        3,
        4,
        5,
        6,
        7,
        8,
        9
      ],
      [
        4,
        6,
        7,
        8,
        9
      ],
      [
        2,
        4,
        5,
        6,
        7,
        8,
        9
      ],
      [
        6,
        7,
        8,
        9
      ],
      [
        2,
        4,
        6,
        7,
        8,
        9
      ],
      [
        7,
        8,
        9
      ],
      [
        8,
        9
      ],
      [],
      [
        8
      ]
    ],
    "behind": [
      [
        1,
        3,
        4,
        5,
        8,
        9
      ],
      [
        4,
        5
      ],
      [
        0,
        1,
        3,
        4,
        5,
        8,
        9
      ],
      [
        1,
        4,
        5,
        9
      ],
      [
        5
      ],
      [],
      [
        0,
        1,
        2,
        3,
        4,
        5,
        7,
        8,
        9
      ],
      [
        0,
        1,
        2,
        3,
        4,
        5,
        8,
        9
      ],
      [
        1,
        3,
        4,
        5,
        9
      ],
      [
        1,
        4,
        5
      ]
    ],
    "right": [
      [],
      [
        0
      ],
      [
        0,
        1,
        3,
        5
      ],
      [
        0,
        1
      ],
      [
        0,
        1,
        2,
        3,
        5
      ],
      [
        0,
        1,
        3
      ],
      [
        0,
        1,
        2,
        3,
        4,
        5
      ],
      [
        0,
        1,
        2,
        3,
        4,
        5,
        6
      ],
      [
        0,
        1,
        2,
        3,
        4,
        5,
        6,
        7,
        9
      ],
      [
        0,
        1,
        2,
        3,
        4,
        5,
        6,
        7
      ]
    ]
  },
  "split": "new",
  "objects": [
    {
      "3d_coords": [
        2.2657394409179688,
        1.7741293907165527,
        0.30000001192092896
      ],
      "rotation": 188.39974776555022,
      "color": "gray",
      "shape": "sphere",
      "pixel_coords": [
        499,
        238,
        11.078327178955078
      ],
      "material": "rubber",
      "size": "large"
    },
    {
      "3d_coords": [
        -0.4554997980594635,
        2.247556686401367,
        0.30000001192092896
      ],
      "rotation": 104.54610397823251,
      "color": "green",
      "shape": "sphere",
      "pixel_coords": [
        393,
        181,
        13.168434143066406
      ],
      "material": "rubber",
      "size": "small"
    },
    {
      "3d_coords": [
        0.7459004521369934,
        -0.5779842138290405,
        0.30000001192092896
      ],
      "rotation": 222.9556772396365,
      "color": "brown",
      "shape": "cube",
      "pixel_coords": [
        324,
        251,
        10.7000093460083
      ],
      "material": "rubber",
      "size": "small"
    },
    {
      "3d_coords": [
        0.4280126094818115,
        1.0916714668273926,
        0.30000001192092896
      ],
      "rotation": 328.9746665237124,
      "color": "red",
      "shape": "sphere",
      "pixel_coords": [
        385,
        213,
        11.89781665802002
      ],
      "material": "rubber",
      "size": "large"
    },
    {
      "3d_coords": [
        -1.938941240310669,
        1.4224673509597778,
        0.30000001192092896
      ],
      "rotation": 47.94249004600942,
      "color": "purple",
      "shape": "cylinder",
      "pixel_coords": [
        309,
        170,
        13.667960166931152
      ],
      "material": "rubber",
      "size": "large"
    },
    {
      "3d_coords": [
        -1.620400071144104,
        2.1755902767181396,
        0.30000001192092896
      ],
      "rotation": 302.6008129553,
      "color": "yellow",
      "shape": "sphere",
      "pixel_coords": [
        348,
        165,
        13.900928497314453
      ],
      "material": "rubber",
      "size": "small"
    },
    {
      "3d_coords": [
        1.9939703941345215,
        -2.5095279216766357,
        0.30000001192092896
      ],
      "rotation": 310.09331036194754,
      "color": "blue",
      "shape": "sphere",
      "pixel_coords": [
        276,
        334,
        8.728647232055664
      ],
      "material": "rubber",
      "size": "small"
    },
    {
      "3d_coords": [
        0.50888592004776,
        -1.9470818042755127,
        0.30000001192092896
      ],
      "rotation": 188.3650097853231,
      "color": "green",
      "shape": "cylinder",
      "pixel_coords": [
        242,
        275,
        10.04892635345459
      ],
      "material": "rubber",
      "size": "small"
    },
    {
      "3d_coords": [
        -2.152428150177002,
        -2.5639724731445312,
        0.30000001192092896
      ],
      "rotation": 104.01212037417713,
      "color": "gray",
      "shape": "cylinder",
      "pixel_coords": [
        116,
        226,
        11.45508098602295
      ],
      "material": "rubber",
      "size": "large"
    },
    {
      "3d_coords": [
        -2.474757671356201,
        -0.729653537273407,
        0.30000001192092896
      ],
      "rotation": 23.183964879842982,
      "color": "cyan",
      "shape": "cylinder",
      "pixel_coords": [
        200,
        191,
        12.753114700317383
      ],
      "material": "rubber",
      "size": "small"
    }
  ]
}