{
  "directions": {
    "below": [
      -0.0,
      -0.0,
      -1.0
    ],
    "above": [
      0.0,
      0.0,
      1.0
    ],
    "behind": [
      -0.754490315914154,
      0.6563112735748291,
      0.0
    ],
    "left": [
      -0.6563112735748291,
      -0.7544902563095093,
      0.0
    ],
    "right": [
      0.6563112735748291,
      0.7544902563095093,
      -0.0
    ],
    "front": [
      0.754490315914154,
      -0.6563112735748291,
      -0.0
    ]
  },
  "relationships": {
    "left": [
      [
        1,
        2,
        5,
        6,
        7,
        8,
        9,
        11,
        12,
        13,
        14,
        15
      ],
      [
        2,
        5,
        6,
        7,
        8,
        9,
        11,
        12,
        13,
        14,
        15
      ],
      [
        6,
        8,
        11,
        13,
        15
      ],
      [
        0,
        1,
        2,
        4,
        5,
        6,
        7,
        8,
        9,
        10,
        11,
        12,
        13,
        14,
        15
      ],
      [
        0,
        1,
        2,
        5,
        6,
        7,
        8,
        9,
        10,
        11,
        12,
        13,
        14,
        15
      ],
      [
        2,
        6,
        8,
        9,
        11,
        12,
        13,
        14,
        15
      ],
      [],
      [
        2,
        5,
        6,
        8,
        9,
        11,
        12,
        13,
        14,
        15
      ],
      [
        6,
        13,
        15
      ],
      [
        2,
        6,
        8,
        11,
        13,
        15
      ],
      [
        0,
        1,
        2,
        5,
        6,
        7,
        8,
        9,
        11,
        12,
        13,
        14,
        15
      ],
      [
        6,
        8,
        13,
        15
      ],
      [
        2,
        6,
        8,
        9,
        11,
        13,
        15
      ],
      [
        6
      ],
      [
        2,
        6,
        8,
        9,
        11,
        12,
        13,
        15
      ],
      [
        6,
        13
      ]
    ],
    "right": [
      [
        3,
        4,
        10
      ],
      [
        0,
        3,
        4,
        10
      ],
      [
        0,
        1,
        3,
        4,
        5,
        7,
        9,
        10,
        12,
        14
      ],
      [],
      [
        3
      ],
      [
        0,
        1,
        3,
        4,
        7,
        10
      ],
      [
        0,
        1,
        2,
        3,
        4,
        5,
        7,
        8,
        9,
        10,
        11,
        12,
        13,
        14,
        15
      ],
      [
        0,
        1,
        3,
        4,
        10
      ],
      [
        0,
        1,
        2,
        3,
        4,
        5,
        7,
        9,
        10,
        11,
        12,
        14
      ],
      [
        0,
        1,
        3,
        4,
        5,
        7,
        10,
        12,
        14
      ],
      [
        3,
        4
      ],
      [
        0,
        1,
        2,
        3,
        4,
        5,
        7,
        9,
        10,
        12,
        14
      ],
      [
        0,
        1,
        3,
        4,
        5,
        7,
        10,
        14
      ],
      [
        0,
        1,
        2,
        3,
        4,
        5,
        7,
        8,
        9,
        10,
        11,
        12,
        14,
        15
      ],
      [
        0,
        1,
        3,
        4,
        5,
        7,
        10
      ],
      [
        0,
        1,
        2,
        3,
        4,
        5,
        7,
        8,
        9,
        10,
        11,
        12,
        14
      ]
    ],
    "front": [
      [
        5,
        12
      ],
      [
        0,
        3,
        4,
        5,
        6,
        7,
        8,
        9,
        10,
        11,
        12,
        13,
        15
      ],
      [
        0,
        1,
        3,
        4,
        5,
        6,
        7,
        8,
        9,
        10,
        11,
        12,
        13,
        15
      ],
      [
        0,
        4,
        5,
        7,
        9,
        10,
        11,
        12,
        13,
        15
      ],
      [
        0,
        5,
        7,
        9,
        10,
        11,
        12,
        13,
        15
      ],
      [],
      [
        0,
        3,
        4,
        5,
        7,
        9,
        10,
        11,
        12,
        13,
        15
      ],
      [
        0,
        5,
        10,
        11,
        12
      ],
      [
        0,
        3,
        4,
        5,
        6,
        7,
        9,
        10,
        11,
        12,
        13,
        15
      ],
      [
        0,
        5,
        7,
        10,
        11,
        12,
        13
      ],
      [
        0,
        5,
        12
      ],
      [
        0,
        5,
        10,
        12
      ],
      [
        5
      ],
      [
        0,
        5,
        7,
        10,
        11,
        12
      ],
      [
        0,
        1,
        2,
        3,
        4,
        5,
        6,
        7,
        8,
        9,
        10,
        11,
        12,
        13,
        15
      ],
      [
        0,
        5,
        7,
        9,
        10,
        11,
        12,
        13
      ]
    ],
    "behind": [
      [
        1,
        2,
        3,
        4,
        6,
        7,
        8,
        9,
        10,
        11,
        13,
        14,
        15
      ],
      [
        2,
        14
      ],
      [
        14
      ],
      [
        1,
        2,
        6,
        8,
        14
      ],
      [
        1,
        2,
        3,
        6,
        8,
        14
      ],
      [
        0,
        1,
        2,
        3,
        4,
        6,
        7,
        8,
        9,
        10,
        11,
        12,
        13,
        14,
        15
      ],
      [
        1,
        2,
        8,
        14
      ],
      [
        1,
        2,
        3,
        4,
        6,
        8,
        9,
        13,
        14,
        15
      ],
      [
        1,
        2,
        14
      ],
      [
        1,
        2,
        3,
        4,
        6,
        8,
        14,
        15
      ],
      [
        1,
        2,
        3,
        4,
        6,
        7,
        8,
        9,
        11,
        13,
        14,
        15
      ],
      [
        1,
        2,
        3,
        4,
        6,
        7,
        8,
        9,
        13,
        14,
        15
      ],
      [
        0,
        1,
        2,
        3,
        4,
        6,
        7,
        8,
        9,
        10,
        11,
        13,
        14,
        15
      ],
      [
        1,
        2,
        3,
        4,
        6,
        8,
        9,
        14,
        15
      ],
      [],
      [
        1,
        2,
        3,
        4,
        6,
        8,
        14
      ]
    ]
  },
  "objects": [
    {
      "3d_coords": [
        2.7219078540802,
        -1.0420564413070679,
        0.30000001192092896
      ],
      "rotation": 87.75647695106896,
      "size": "large",
      "pixel_coords": [
        402,
        319,
        8.813908576965332
      ],
      "color": "brown",
      "shape": "sphere",
      "material": "rubber"
    },
    {
      "3d_coords": [
        -1.1334081888198853,
        1.9306596517562866,
        0.30000001192092896
      ],
      "rotation": 317.98653740199006,
      "size": "small",
      "pixel_coords": [
        357,
        173,
        13.121973037719727
      ],
      "color": "cyan",
      "shape": "sphere",
      "material": "rubber"
    },
    {
      "3d_coords": [
        -2.6740047931671143,
        0.7569604516029358,
        0.30000001192092896
      ],
      "rotation": 225.96898635295102,
      "size": "large",