{
  "directions": {
    "above": [
      0.0,
      0.0,
      1.0
    ],
    "left": [
      -0.6563112735748291,
      -0.7544902563095093,
      0.0
    ],
    "front": [
      0.754490315914154,
      -0.6563112735748291,
      -0.0
    ],
    "below": [
      -0.0,
      -0.0,
      -1.0
    ],
    "behind": [
      -0.754490315914154,
      0.6563112735748291,
      0.0
    ],
    "right": [
      0.6563112735748291,
      0.7544902563095093,
      -0.0
    ]
  },
  "image_filename": "CLEVR_new_001047.png",
  "image_index": 1047,
  "relationships": {
    "front": [
      [
        1,
        2,
        4,
        5,
        6,
        7,
        9
      ],
      [
        2,
        4
      ],
      [],
      [
        0,
        1,
        2,
        4,
        5,
        6,
        7,
        9
      ],
      [
        2
      ],
      [
        1,
        2,
        4,
        6
      ],
      [
        1,
        2,
        4
      ],
      [
        1,
        2,
        4,
        5,
        6
      ],
      [
        0,
        1,
        2,
        3,
        4,
        5,
        6,
        7,
        9
      ],
      [
        1,
        2,
        4,
        5,
        6,
        7
      ]
    ],
    "left": [
      [
        1,
        9
      ],
      [
        9
      ],
      [
        0,
        1,
        4,
        7,
        8,
        9
      ],
      [
        0,
        1,
        2,
        4,
        6,
        7,
        8,
        9
      ],
      [
        0,
        1,
        8,
        9
      ],
      [
        0,
        1,
        2,
        3,
        4,
        6,
        7,
        8,
        9
      ],
      [
        0,
        1,
        2,
        4,
        7,
        8,
        9
      ],
      [
        0,
        1,
        4,
        8,
        9
      ],
      [
        0,
        1,
        9
      ],
      []
    ],
    "behind": [
      [
        3,
        8
      ],
      [
        0,
        3,
        5,
        6,
        7,
        8,
        9
      ],
      [
        0,
        1,
        3,
        4,
        5,
        6,
        7,
        8,
        9
      ],
      [
        8
      ],
      [
        0,
        1,
        3,
        5,
        6,
        7,
        8,
        9
      ],
      [
        0,
        3,
        7,
        8,
        9
      ],
      [
        0,
        3,
        5,
        7,
        8,
        9
      ],
      [
        0,
        3,
        8,
        9
      ],
      [],
      [
        0,
        3,
        8
      ]
    ],
    "right": [
      [
        2,
        3,
        4,
        5,
        6,
        7,
        8
      ],
      [
        0,
        2,
        3,
        4,
        5,
        6,
        7,
        8
      ],
      [
        3,
        5,
        6
      ],
      [
        5
      ],
      [
        2,
        3,
        5,
        6,
        7
      ],
      [],
      [
        3,
        5
      ],
      [
        2,
        3,
        5,
        6
      ],
      [
        2,
        3,
        4,
        5,
        6,
        7
      ],
      [
        0,
        1,
        2,
        3,
        4,
        5,
        6,
        7,
        8
      ]
    ]
  },
  "split": "new",
  "objects": [
    {
      "3d_coords": [
        -1.1100525856018066,
        0.4302278459072113,
        0.30000001192092896
      ],
      "rotation": 21.41786857245102,
      "color": "cyan",
      "shape": "cylinder",
      "pixel_coords": [
        294,
        195,
        12.140682220458984
      ],
      "material": "rubber",
      "size": "large"
    },
    {
      "3d_coords": [
        0.35972878336906433,
        -1.5960309505462646,
        0.30000001192092896
      ],
      "rotation": 46.70804939709877,
      "color": "gray",
      "shape": "cylinder",
      "pixel_coords": [
        256,
        265,
        9.960793495178223
      ],
      "material": "rubber",
      "size": "small"
    },
    {
      "3d_coords": [
        2.901041269302368,
        -1.0033520460128784,
        0.30000001192092896
      ],
      "rotation": 279.957973691417,
      "color": "red",
      "shape": "cylinder",
      "pixel_coords": [
        421,
        323,
        8.680774688720703
      ],
      "material": "rubber",
      "size": "small"
    },
    {
      "3d_coords": [
        0.18905338644981384,
        2.978729724884033,
        0.30000001192092896
      ],
      "rotation": 253.09552044083136,
      "color": "red",
      "shape": "cylinder",
      "pixel_coords": [
        445,
        178,
        12.850874900817871
      ],
      "material": "rubber",
      "size": "large"
    },
    {
      "3d_coords": [
        1.8935872316360474,
        -1.3454111814498901,
        0.30000001192092896
      ],
      "rotation": 195.33666521118565,
      "color": "brown",
      "shape": "cube",
      "pixel_coords": [
        344,
        301,
        9.123130798339844
      ],
      "material": "rubber",
      "size": "large"
    },
    {
      "3d_coords": [
        2.6455342769622803,
        2.9137885570526123,
        0.30000001192092896
      ],
      "rotation": 242.41580628801833,
      "color": "red",
      "shape": "cylinder",
      "pixel_coords": [
        565,
        221,
        11.225994110107422
      ],
      "material": "rubber",
      "size": "small"
    },
    {
      "3d_coords": [
        1.6177724599838257,
        0.47793906927108765,
        0.30000001192092896
      ],
      "rotation": 189.8187603694817,
      "color": "purple",
      "shape": "cylinder",
      "pixel_coords": [
        418,
        249,
        10.409130096435547
      ],
      "material": "rubber",
      "size": "large"
    },
    {
      "3d_coords": [
        0.19166435301303864,
        0.42845606803894043,
        0.30000001192092896
      ],
      "rotation": 191.0331767598284,
      "color": "green",
      "shape": "cylinder",
      "pixel_coords": [
        347,
        219,
        11.299474716186523
      ],
      "material": "rubber",
      "size": "small"
    },
    {
      "3d_coords": [
        -2.6008033752441406,
        2.0608363151550293,
        0.30000001192092896
      ],
      "rotation": 215.47799845739533,
      "color": "cyan",
      "shape": "sphere",
      "pixel_coords": [
        306,
        151,
        14.093682289123535
      ],
      "material": "rubber",
      "size": "large"
    },
    {
      "3d_coords": [
        -2.9725165367126465,
        -2.0191636085510254,
        0.30000001192092896
      ],
      "rotation": 92.8249516406534,
      "color": "red",
      "shape": "sphere",
      "pixel_coords": [
        113,
        203,
        11.854308128356934
      ],
      "material": "rubber",
      "size": "small"
    }
  ]
}