{
  "directions": {
    "above": [
      0.0,
      0.0,
      1.0
    ],
    "left": [
      -0.6563112735748291,
      -0.7544902563095093,
      0.0
    ],
    "front": [
      0.754490315914154,
      -0.6563112735748291,
      -0.0
    ],
    "below": [
      -0.0,
      -0.0,
      -1.0
    ],
    "behind": [
      -0.754490315914154,
      0.6563112735748291,
      0.0
    ],
    "right": [
      0.6563112735748291,
      0.7544902563095093,
      -0.0
    ]
  },
  "image_filename": "CLEVR_new_001016.png",
  "image_index": 1016,
  "relationships": {
    "front": [
      [
        8
      ],
      [
        0,
        8
      ],
      [
        0,
        1,
        6,
        8
      ],
      [
        0,
        1,
        2,
        6,
        8
      ],
      [
        0,
        1,
        2,
        3,
        6,
        7,
        8,
        9
      ],
      [
        0,
        1,
        2,
        3,
        4,
        6,
        7,
        8,
        9
      ],
      [
        0,
        1,
        8
      ],
      [
        0,
        1,
        2,
        3,
        6,
        8,
        9
      ],
      [],
      [
        0,
        1,
        2,
        3,
        6,
        8
      ]
    ],
    "left": [
      [
        6,
        7
      ],
      [
        0,
        3,
        6,
        7,
        8
      ],
      [
        0,
        1,
        3,
        6,
        7,
        8
      ],
      [
        0,
        6,
        7,
        8
      ],
      [
        0,
        1,
        2,
        3,
        5,
        6,
        7,
        8
      ],
      [
        0,
        1,
        2,
        3,
        6,
        7,
        8
      ],
      [],
      [
        6
      ],
      [
        0,
        6,
        7
      ],
      [
        0,
        1,
        2,
        3,
        4,
        5,
        6,
        7,
        8
      ]
    ],
    "behind": [
      [
        1,
        2,
        3,
        4,
        5,
        6,
        7,
        9
      ],
      [
        2,
        3,
        4,
        5,
        6,
        7,
        9
      ],
      [
        3,
        4,
        5,
        7,
        9
      ],
      [
        4,
        5,
        7,
        9
      ],
      [
        5
      ],
      [],
      [
        2,
        3,
        4,
        5,
        7,
        9
      ],
      [
        4,
        5
      ],
      [
        0,
        1,
        2,
        3,
        4,
        5,
        6,
        7,
        9
      ],
      [
        4,
        5,
        7
      ]
    ],
    "right": [
      [
        1,
        2,
        3,
        4,
        5,
        8,
        9
      ],
      [
        2,
        4,
        5,
        9
      ],
      [
        4,
        5,
        9
      ],
      [
        1,
        2,
        4,
        5,
        9
      ],
      [
        9
      ],
      [
        4,
        9
      ],
      [
        0,
        1,
        2,
        3,
        4,
        5,
        7,
        8,
        9
      ],
      [
        0,
        1,
        2,
        3,
        4,
        5,
        8,
        9
      ],
      [
        1,
        2,
        3,
        4,
        5,
        9
      ],
      []
    ]
  },
  "split": "new",
  "objects": [
    {
      "3d_coords": [
        0.4242492616176605,
        -2.2678725719451904,
        0.30000001192092896
      ],
      "rotation": 220.96126803924187,
      "color": "yellow",
      "shape": "cylinder",
      "pixel_coords": [
        217,
        292,
        9.443309783935547
      ],
      "material": "rubber",
      "size": "small"
    },
    {
      "3d_coords": [
        1.373944878578186,
        -0.6376036405563354,
        0.30000001192092896
      ],
      "rotation": 309.954084553662,
      "color": "brown",
      "shape": "cylinder",
      "pixel_coords": [
        352,
        276,
        9.777908325195312
      ],
      "material": "rubber",
      "size": "large"
    },
    {
      "3d_coords": [
        0.7661605477333069,
        0.4601305425167084,
        0.30000001192092896
      ],
      "rotation": 55.62524075652278,
      "color": "red",
      "shape": "cylinder",
      "pixel_coords": [
        376,
        232,
        10.790831565856934
      ],
      "material": "rubber",
      "size": "large"
    },
    {
      "3d_coords": [
        -0.016255389899015427,
        0.09099116921424866,
        0.30000001192092896
      ],
      "rotation": 41.942716407786286,
      "color": "gray",
      "shape": "cube",
      "pixel_coords": [
        324,
        221,
        11.073357582092285
      ],
      "material": "rubber",
      "size": "small"
    },
    {
      "3d_coords": [
        0.14046768844127655,
        2.5418295860290527,
        0.30000001192092896
      ],
      "rotation": 63.29120996100455,
      "color": "green",
      "shape": "sphere",
      "pixel_coords": [
        432,
        178,
        12.378978729248047
      ],
      "material": "rubber",
      "size": "large"
    },
    {
      "3d_coords": [
        -1.6289160251617432,
        2.8909249305725098,
        0.30000001192092896
      ],
      "rotation": 131.2545023916352,
      "color": "yellow",
      "shape": "cube",
      "pixel_coords": [
        373,
        143,
        13.696382522583008
      ],
      "material": "rubber",
      "size": "large"
    },
    {
      "3d_coords": [
        -0.8009103536605835,
        -2.301438570022583,
        0.30000001192092896
      ],
      "rotation": 126.9188181901847,
      "color": "red",
      "shape": "sphere",
      "pixel_coords": [
        166,
        257,
        10.197739601135254
      ],
      "material": "rubber",
      "size": "large"
    },
    {
      "3d_coords": [
        -2.2456841468811035,
        -0.6915848851203918,
        0.30000001192092896
      ],
      "rotation": 79.8652895904885,
      "color": "yellow",
      "shape": "cylinder",
      "pixel_coords": [
        202,
        189,
        12.032705307006836
      ],
      "material": "rubber",
      "size": "small"
    },
    {
      "3d_coords": [
        1.856301188468933,
        -1.8801612854003906,
        0.30000001192092896
      ],
      "rotation": 292.8771570577792,
      "color": "cyan",
      "shape": "cube",
      "pixel_coords": [
        308,
        330,
        8.761192321777344
      ],
      "material": "rubber",
      "size": "small"
    },
    {
      "3d_coords": [
        1.374361276626587,
        2.7009148597717285,
        0.30000001192092896
      ],
      "rotation": 320.7157683676377,
      "color": "yellow",
      "shape": "cylinder",
      "pixel_coords": [
        495,
        200,
        11.69096851348877
      ],
      "material": "rubber",
      "size": "small"
    }
  ]
}