{
  "directions": {
    "below": [
      -0.0,
      -0.0,
      -1.0
    ],
    "above": [
      0.0,
      0.0,
      1.0
    ],
    "behind": [
      -0.754490315914154,
      0.6563112735748291,
      0.0
    ],
    "left": [
      -0.6563112735748291,
      -0.7544902563095093,
      0.0
    ],
    "right": [
      0.6563112735748291,
      0.7544902563095093,
      -0.0
    ],
    "front": [
      0.754490315914154,
      -0.6563112735748291,
      -0.0
    ]
  },
  "relationships": {
    "left": [
      [
        5,
        13,
        14
      ],
      [
        0,
        2,
        5,
        13,
        14
      ],
      [
        0,
        5,
        13,
        14
      ],
      [
        0,
        1,
        2,
        5,
        7,
        8,
        10,
        11,
        12,
        13,
        14
      ],
      [
        0,
        1,
        2,
        3,
        5,
        7,
        8,
        10,
        11,
        12,
        13,
        14,
        15
      ],
      [
        14
      ],
      [
        0,
        1,
        2,
        3,
        4,
        5,
        7,
        8,
        9,
        10,
        11,
        12,
        13,
        14,
        15
      ],
      [
        0,
        1,
        2,
        5,
        10,
        11,
        13,
        14
      ],
      [
        0,
        1,
        2,
        5,
        7,
        10,
        11,
        12,
        13,
        14
      ],
      [
        0,
        1,
        2,
        3,
        4,
        5,
        7,
        8,
        10,
        11,
        12,
        13,
        14,
        15
      ],
      [
        0,
        1,
        2,
        5,
        13,
        14
      ],
      [
        0,
        1,
        2,
        5,
        10,
        13,
        14
      ],
      [
        0,
        1,
        2,
        5,
        7,
        10,
        11,
        13,
        14
      ],
      [
        5,
        14
      ],
      [],
      [
        0,
        1,
        2,
        3,
        5,
        7,
        8,
        10,
        11,
        12,
        13,
        14
      ]
    ],
    "right": [
      [
        1,
        2,
        3,
        4,
        6,
        7,
        8,
        9,
        10,
        11,
        12,
        15
      ],
      [
        3,
        4,
        6,
        7,
        8,
        9,
        10,
        11,
        12,
        15
      ],
      [
        1,
        3,
        4,
        6,
        7,
        8,
        9,
        10,
        11,
        12,
        15
      ],
      [
        4,
        6,
        9,
        15
      ],
      [
        6,
        9
      ],
      [
        0,
        1,
        2,
        3,
        4,
        6,
        7,
        8,
        9,
        10,
        11,
        12,
        13,
        15
      ],
      [],
      [
        3,
        4,
        6,
        8,
        9,
        12,
        15
      ],
      [
        3,
        4,
        6,
        9,
        15
      ],
      [
        6
      ],
      [
        3,
        4,
        6,
        7,
        8,
        9,
        11,
        12,
        15
      ],
      [
        3,
        4,
        6,
        7,
        8,
        9,
        12,
        15
      ],
      [
        3,
        4,
        6,
        8,
        9,
        15
      ],
      [
        0,
        1,
        2,
        3,
        4,
        6,
        7,
        8,
        9,
        10,
        11,
        12,
        15
      ],
      [
        0,
        1,
        2,
        3,
        4,
        5,
        6,
        7,
        8,
        9,
        10,
        11,
        12,
        13,
        15
      ],
      [
        4,
        6,
        9
      ]
    ],
    "front": [
      [
        1,
        2,
        3,
        4,
        5,
        6,
        7,
        8,
        9,
        12,
        13,
        14,
        15
      ],
      [
        12
      ],
      [
        1,
        6,
        7,
        8,
        9,
        12,
        13,
        15
      ],
      [
        1,
        2,
        6,
        7,
        8,
        9,
        12,
        13,
        14,
        15
      ],
      [
        1,
        2,
        3,
        6,
        7,
        8,
        9,
        12,
        13,
        14,
        15
      ],
      [
        1,
        2,
        3,
        4,
        6,
        7,
        8,
        9,
        12,
        13,
        14,
        15
      ],
      [
        1,
        7,
        12,
        13,
        15
      ],
      [
        1,
        12,
        13,
        15
      ],
      [
        1,
        6,
        7,
        12,
        13,
        15
      ],
      [
        1,
        6,
        7,
        8,
        12,
        13,
        15
      ],
      [
        0,
        1,
        2,
        3,
        4,
        5,
        6,
        7,
        8,
        9,
        11,
        12,
        13,
        14,
        15
      ],
      [
        0,
        1,
        2,
        3,
        4,
        5,
        6,
        7,
        8,
        9,
        12,
        13,
        14,
        15
      ],
      [],
      [
        1,
        12
      ],
      [
        1,
        2,
        6,
        7,
        8,
        9,
        12,
        13,
        15
      ],
      [
        1,
        12,
        13
      ]
    ],
    "behind": [
      [
        10,
        11
      ],
      [
        0,
        2,
        3,
        4,
        5,
        6,
        7,
        8,
        9,
        10,
        11,
        13,
        14,
        15
      ],
      [
        0,
        3,
        4,
        5,
        10,
        11,
        14
      ],
      [
        0,
        4,
        5,
        10,
        11
      ],
      [
        0,
        5,
        10,
        11
      ],
      [
        0,
        10,
        11
      ],
      [
        0,
        2,
        3,
        4,
        5,
        8,
        9,
        10,
        11,
        14
      ],
      [
        0,
        2,
        3,
        4,
        5,
        6,
        8,
        9,
        10,
        11,
        14
      ],
      [
        0,
        2,
        3,
        4,
        5,
        9,
        10,
        11,
        14
      ],
      [
        0,
        2,
        3,
        4,
        5,
        10,
        11,
        14
      ],
      [],
      [
        10
      ],
      [
        0,
        1,
        2,
        3,
        4,
        5,
        6,
        7,
        8,
        9,
        10,
        11,
        13,
        14,
        15
      ],
      [
        0,
        2,
        3,
        4,
        5,
        6,
        7,
        8,
        9,
        10,
        11,
        14,
        15
      ],
      [
        0,
        3,
        4,
        5,
        10,
        11
      ],
      [
        0,
        2,
        3,
        4,
        5,
        6,
        7,
        8,
        9,
        10,
        11,
        14
      ]
    ]
  },
  "objects": [
    {
      "3d_coords": [
        -2.245328426361084,
        0.4208381175994873,
        0.30000001192092896
      ],
      "rotation": 156.24887567225895,
      "size": "large",
      "pixel_coords": [
        251,
        177,
        12.726633071899414
      ],
      "color": "yellow",
      "shape": "sphere",
      "material": "rubber"
    },
    {
      "3d_coords": [
        1.4786382913589478,
        -1.9992786645889282,
        0.30000001192092896
      ],
      "rotation": 106.96921778371193,
      "size": "small",
      "pixel_coords": [
        287,
        309,
        8.858880043029785
      ],
      "color": "yellow",
      "shape": "cylinder",
      "material": "rubber"
    },
    {
      "3d_coords": [
        -0.5474081635475159,
        -0.6163545250892639,
        0.30000001192092896
      ],
      "rotation": 137.84288713698626,
      "size": "large",