{
  "relationships": {
    "right": [
      [
        1,
        2,
        3,
        4,
        5,
        6,
        7
      ],
      [
        7
      ],
      [
        1,
        3,
        4,
        6,
        7
      ],
      [
        1,
        7
      ],
      [
        1,
        3,
        6,
        7
      ],
      [
        1,
        2,
        3,
        4,
        6,
        7
      ],
      [
        1,
        3,
        7
      ],
      []
    ],
    "left": [
      [],
      [
        0,
        2,
        3,
        4,
        5,
        6
      ],
      [
        0,
        5
      ],
      [
        0,
        2,
        4,
        5,
        6
      ],
      [
        0,
        2,
        5
      ],
      [
        0
      ],
      [
        0,
        2,
        4,
        5
      ],
      [
        0,
        1,
        2,
        3,
        4,
        5,
        6
      ]
    ],
    "behind": [
      [
        1,
        2,
        3,
        4,
        7
      ],
      [],
      [
        1,
        3,
        4,
        7
      ],
      [
        1,
        4,
        7
      ],
      [
        1,
        7
      ],
      [
        0,
        1,
        2,
        3,
        4,
        7
      ],
      [
        0,
        1,
        2,
        3,
        4,
        5,
        7
      ],
      [
        1
      ]
    ],
    "front": [
      [
        5,
        6
      ],
      [
        0,
        2,
        3,
        4,
        5,
        6,
        7
      ],
      [
        0,
        5,
        6
      ],
      [
        0,
        2,
        5,
        6
      ],
      [
        0,
        2,
        3,
        5,
        6
      ],
      [
        6
      ],
      [],
      [
        0,
        2,
        3,
        4,
        5,
        6
      ]
    ]
  },
  "image_index": 812,
  "directions": {
    "below": [
      -0.0,
      -0.0,
      -1.0
    ],
    "left": [
      -0.6563112735748291,
      -0.7544902563095093,
      0.0
    ],
    "above": [
      0.0,
      0.0,
      1.0
    ],
    "front": [
      0.754490315914154,
      -0.6563112735748291,
      -0.0
    ],
    "behind": [
      -0.754490315914154,
      0.6563112735748291,
      0.0
    ],
    "right": [
      0.6563112735748291,
      0.7544902563095093,
      -0.0
    ]
  },
  "objects": [
    {
      "shape": "cylinder",
      "pixel_coords": [
        139,
        227,
        11.48964786529541
      ],
      "color": "brown",
      "rotation": 154.9995298999451,
      "size": "small",
      "material": "rubber",
      "3d_coords": [
        -1.9204915761947632,
        -2.2747132778167725,
        0.30000001192092896
      ]
    },
    {
      "shape": "cube",
      "pixel_coords": [
        371,
        164,
        13.963628768920898
      ],
      "color": "cyan",
      "rotation": 345.64438634530325,
      "size": "small",
      "material": "rubber",
      "3d_coords": [
        -1.2990041971206665,
        2.5525431632995605,
        0.30000001192092896
      ]
    },
    {
      "shape": "cylinder",
      "pixel_coords": [
        260,
        210,
        12.06690788269043
      ],
      "color": "purple",
      "rotation": 297.0016317576964,
      "size": "small",
      "material": "rubber",
      "3d_coords": [
        -1.092893123626709,
        -0.400372177362442,
        0.30000001192092896
      ]
    },
    {
      "shape": "cylinder",
      "pixel_coords": [
        338,
        200,
        12.455106735229492
      ],
      "color": "cyan",
      "rotation": 160.1228459151751,
      "size": "large",
      "material": "rubber",
      "3d_coords": [
        -0.508437991142273,
        0.890674352645874,
        0.30000001192092896
      ]
    },
    {
      "shape": "cylinder",
      "pixel_coords": [
        281,
        175,
        13.481988906860352
      ],
      "color": "red",
      "rotation": 290.30020451098954,
      "size": "large",
      "material": "rubber",
      "3d_coords": [
        -2.0790789127349854,
        0.8905331492424011,
        0.30000001192092896
      ]
    },
    {
      "shape": "cylinder",
      "pixel_coords": [
        209,
        292,
        9.717855453491211
      ],
      "color": "red",
      "rotation": 66.9842464445278,
      "size": "large",
      "material": "rubber",
      "3d_coords": [
        0.5216303467750549,
        -2.568009853363037,
        0.30000001192092896
      ]
    },
    {
      "shape": "cube",
      "pixel_coords": [
        335,
        352,
        8.504979133605957
      ],
      "color": "purple",
      "rotation": 208.70925911657307,
      "size": "small",
      "material": "rubber",
      "3d_coords": [
        2.696967363357544,
        -2.216949224472046,
        0.30000001192092896
      ]
    },
    {
      "shape": "cylinder",
      "pixel_coords": [
        412,
        169,
        13.750249862670898
      ],
      "color": "red",
      "rotation": 354.6122488943528,
      "size": "large",
      "material": "rubber",
      "3d_coords": [
        -0.5799263119697571,
        2.982908010482788,
        0.30000001192092896
      ]
    }
  ],
  "image_filename": "CLEVR_new_000812.png",
  "split": "new"
}