{
  "directions": {
    "above": [
      0.0,
      0.0,
      1.0
    ],
    "left": [
      -0.6563112735748291,
      -0.7544902563095093,
      0.0
    ],
    "front": [
      0.754490315914154,
      -0.6563112735748291,
      -0.0
    ],
    "below": [
      -0.0,
      -0.0,
      -1.0
    ],
    "behind": [
      -0.754490315914154,
      0.6563112735748291,
      0.0
    ],
    "right": [
      0.6563112735748291,
      0.7544902563095093,
      -0.0
    ]
  },
  "image_filename": "CLEVR_new_001028.png",
  "image_index": 1028,
  "relationships": {
    "front": [
      [
        4,
        9
      ],
      [
        0,
        3,
        4,
        5,
        7,
        9
      ],
      [
        0,
        1,
        3,
        4,
        5,
        6,
        7,
        9
      ],
      [
        0,
        4,
        9
      ],
      [
        9
      ],
      [
        0,
        3,
        4,
        7,
        9
      ],
      [
        0,
        1,
        3,
        4,
        5,
        7,
        9
      ],
      [
        0,
        3,
        4,
        9
      ],
      [
        0,
        1,
        2,
        3,
        4,
        5,
        6,
        7,
        9
      ],
      []
    ],
    "left": [
      [
        3,
        5,
        8
      ],
      [
        0,
        2,
        3,
        4,
        5,
        6,
        7,
        8,
        9
      ],
      [
        0,
        3,
        5,
        8,
        9
      ],
      [
        5
      ],
      [
        0,
        2,
        3,
        5,
        8,
        9
      ],
      [],
      [
        0,
        2,
        3,
        4,
        5,
        8,
        9
      ],
      [
        0,
        2,
        3,
        4,
        5,
        6,
        8,
        9
      ],
      [
        3,
        5
      ],
      [
        0,
        3,
        5,
        8
      ]
    ],
    "behind": [
      [
        1,
        2,
        3,
        5,
        6,
        7,
        8
      ],
      [
        2,
        6,
        8
      ],
      [
        8
      ],
      [
        1,
        2,
        5,
        6,
        7,
        8
      ],
      [
        0,
        1,
        2,
        3,
        5,
        6,
        7,
        8
      ],
      [
        1,
        2,
        6,
        8
      ],
      [
        2,
        8
      ],
      [
        1,
        2,
        5,
        6,
        8
      ],
      [],
      [
        0,
        1,
        2,
        3,
        4,
        5,
        6,
        7,
        8
      ]
    ],
    "right": [
      [
        1,
        2,
        4,
        6,
        7,
        9
      ],
      [],
      [
        1,
        4,
        6,
        7
      ],
      [
        0,
        1,
        2,
        4,
        6,
        7,
        8,
        9
      ],
      [
        1,
        6,
        7
      ],
      [
        0,
        1,
        2,
        3,
        4,
        6,
        7,
        8,
        9
      ],
      [
        1,
        7
      ],
      [
        1
      ],
      [
        0,
        1,
        2,
        4,
        6,
        7,
        9
      ],
      [
        1,
        2,
        4,
        6,
        7
      ]
    ]
  },
  "split": "new",
  "objects": [
    {
      "3d_coords": [
        0.8695094585418701,
        -1.9206057786941528,
        0.30000001192092896
      ],
      "rotation": 121.73129871534118,
      "color": "blue",
      "shape": "sphere",
      "pixel_coords": [
        256,
        281,
        9.824646949768066
      ],
      "material": "rubber",
      "size": "small"
    },
    {
      "3d_coords": [
        2.0572917461395264,
        2.849663019180298,
        0.30000001192092896
      ],
      "rotation": 170.41819593690116,
      "color": "red",
      "shape": "cylinder",
      "pixel_coords": [
        528,
        217,
        11.775299072265625
      ],
      "material": "rubber",
      "size": "small"
    },
    {
      "3d_coords": [
        -0.7154350280761719,
        0.712669312953949,
        0.30000001192092896
      ],
      "rotation": 217.5687907573615,
      "color": "brown",
      "shape": "cube",
      "pixel_coords": [
        325,
        200,
        12.434195518493652
      ],
      "material": "rubber",
      "size": "small"
    },
    {
      "3d_coords": [
        -0.6076493263244629,
        -2.7489471435546875,
        0.30000001192092896
      ],
      "rotation": 218.94674223545408,
      "color": "green",
      "shape": "sphere",
      "pixel_coords": [
        152,
        261,
        10.355316162109375
      ],
      "material": "rubber",
      "size": "large"
    },
    {
      "3d_coords": [
        2.9307847023010254,
        -1.3566081523895264,
        0.30000001192092896
      ],
      "rotation": 214.68697670262623,
      "color": "cyan",
      "shape": "cylinder",
      "pixel_coords": [
        389,
        329,
        8.741276741027832
      ],
      "material": "rubber",
      "size": "large"
    },
    {
      "3d_coords": [
        -1.8878767490386963,
        -2.939837694168091,
        0.30000001192092896
      ],
      "rotation": 161.51116268751417,
      "color": "brown",
      "shape": "sphere",
      "pixel_coords": [
        102,
        236,
        11.120513916015625
      ],
      "material": "rubber",
      "size": "small"
    },
    {
      "3d_coords": [
        0.9900407195091248,
        2.2095816135406494,
        0.30000001192092896
      ],
      "rotation": 249.18315929377056,
      "color": "blue",
      "shape": "cylinder",
      "pixel_coords": [
        454,
        207,
        12.134611129760742
      ],
      "material": "rubber",
      "size": "large"
    },
    {
      "3d_coords": [
        2.711909532546997,
        1.660915493965149,
        0.30000001192092896
      ],
      "rotation": 28.572694937060348,
      "color": "brown",
      "shape": "sphere",
      "pixel_coords": [
        519,
        251,
        10.638908386230469
      ],
      "material": "rubber",
      "size": "small"
    },
    {
      "3d_coords": [
        -2.384709358215332,
        -0.005670804530382156,
        0.30000001192092896
      ],
      "rotation": 84.87256348457542,
      "color": "purple",
      "shape": "cube",
      "pixel_coords": [
        238,
        183,
        13.160004615783691
      ],
      "material": "rubber",
      "size": "large"
    },
    {
      "3d_coords": [
        2.464942693710327,
        -2.9564266204833984,
        0.30000001192092896
      ],
      "rotation": 156.9795307930336,
      "color": "cyan",
      "shape": "sphere",
      "pixel_coords": [
        263,
        362,
        8.13325023651123
      ],
      "material": "rubber",
      "size": "small"
    }
  ]
}