{
  "relationships": {
    "right": [
      [
        1,
        2,
        3,
        4,
        5,
        7
      ],
      [
        3
      ],
      [
        1,
        3,
        7
      ],
      [],
      [
        1,
        2,
        3,
        7
      ],
      [
        1,
        2,
        3,
        4,
        7
      ],
      [
        0,
        1,
        2,
        3,
        4,
        5,
        7
      ],
      [
        1,
        3
      ]
    ],
    "left": [
      [
        6
      ],
      [
        0,
        2,
        4,
        5,
        6,
        7
      ],
      [
        0,
        4,
        5,
        6
      ],
      [
        0,
        1,
        2,
        4,
        5,
        6,
        7
      ],
      [
        0,
        5,
        6
      ],
      [
        0,
        6
      ],
      [],
      [
        0,
        2,
        4,
        5,
        6
      ]
    ],
    "behind": [
      [
        1,
        2,
        4,
        6,
        7
      ],
      [
        7
      ],
      [
        1,
        6,
        7
      ],
      [
        0,
        1,
        2,
        4,
        6,
        7
      ],
      [
        1,
        2,
        6,
        7
      ],
      [
        0,
        1,
        2,
        3,
        4,
        6,
        7
      ],
      [
        1,
        7
      ],
      []
    ],
    "front": [
      [
        3,
        5
      ],
      [
        0,
        2,
        3,
        4,
        5,
        6
      ],
      [
        0,
        3,
        4,
        5
      ],
      [
        5
      ],
      [
        0,
        3,
        5
      ],
      [],
      [
        0,
        2,
        3,
        4,
        5
      ],
      [
        0,
        1,
        2,
        3,
        4,
        5,
        6
      ]
    ]
  },
  "image_index": 819,
  "directions": {
    "below": [
      -0.0,
      -0.0,
      -1.0
    ],
    "left": [
      -0.6563112735748291,
      -0.7544902563095093,
      0.0
    ],
    "above": [
      0.0,
      0.0,
      1.0
    ],
    "front": [
      0.754490315914154,
      -0.6563112735748291,
      -0.0
    ],
    "behind": [
      -0.754490315914154,
      0.6563112735748291,
      0.0
    ],
    "right": [
      0.6563112735748291,
      0.7544902563095093,
      -0.0
    ]
  },
  "objects": [
    {
      "shape": "sphere",
      "pixel_coords": [
        210,
        240,
        10.528847694396973
      ],
      "color": "gray",
      "rotation": 347.1055910146865,
      "size": "large",
      "material": "rubber",
      "3d_coords": [
        -0.7247132062911987,
        -1.5811744928359985,
        0.30000001192092896
      ]
    },
    {
      "shape": "cube",
      "pixel_coords": [
        410,
        180,
        12.421420097351074
      ],
      "color": "green",
      "rotation": 301.44114373540026,
      "size": "small",
      "material": "rubber",
      "3d_coords": [
        -0.15275870263576508,
        2.2942402362823486,
        0.30000001192092896
      ]
    },
    {
      "shape": "sphere",
      "pixel_coords": [
        339,
        204,
        11.584872245788574
      ],
      "color": "red",
      "rotation": 172.95523266966399,
      "size": "small",
      "material": "rubber",
      "3d_coords": [
        -0.3023843467235565,
        0.6957451105117798,
        0.30000001192092896
      ]
    },
    {
      "shape": "cylinder",
      "pixel_coords": [
        543,
        245,
        10.375372886657715
      ],
      "color": "blue",
      "rotation": 2.288592336272033,
      "size": "small",
      "material": "rubber",
      "3d_coords": [
        2.7344603538513184,
        1.9944595098495483,
        0.30000001192092896
      ]
    },
    {
      "shape": "cube",
      "pixel_coords": [
        311,
        225,
        10.921449661254883
      ],
      "color": "blue",
      "rotation": 346.7171502862686,
      "size": "large",
      "material": "rubber",
      "3d_coords": [
        -0.0452728308737278,
        -0.15496741235256195,
        0.30000001192092896
      ]
    },
    {
      "shape": "cylinder",
      "pixel_coords": [
        221,
        268,
        9.810752868652344
      ],
      "color": "cyan",
      "rotation": 273.5170060875258,
      "size": "large",
      "material": "rubber",
      "3d_coords": [
        0.06959418207406998,
        -1.929409146308899,
        0.30000001192092896
      ]
    },
    {
      "shape": "cube",
      "pixel_coords": [
        137,
        193,
        11.938644409179688
      ],
      "color": "red",
      "rotation": 319.84564480964997,
      "size": "small",
      "material": "rubber",
      "3d_coords": [
        -2.9038491249084473,
        -1.5851608514785767,
        0.30000001192092896
      ]
    },
    {
      "shape": "cube",
      "pixel_coords": [
        351,
        167,
        12.921771049499512
      ],
      "color": "gray",
      "rotation": 198.11932955319452,
      "size": "small",
      "material": "rubber",
      "3d_coords": [
        -1.2637009620666504,
        1.9182718992233276,
        0.30000001192092896
      ]
    }
  ],
  "image_filename": "CLEVR_new_000819.png",
  "split": "new"
}