{
  "relationships": {
    "right": [
      [
        1,
        4,
        5
      ],
      [
        4,
        5
      ],
      [
        0,
        1,
        3,
        4,
        5,
        6
      ],
      [
        0,
        1,
        4,
        5
      ],
      [
        5
      ],
      [],
      [
        0,
        1,
        3,
        4,
        5
      ],
      [
        0,
        1,
        2,
        3,
        4,
        5,
        6
      ]
    ],
    "left": [
      [
        2,
        3,
        6,
        7
      ],
      [
        0,
        2,
        3,
        6,
        7
      ],
      [
        7
      ],
      [
        2,
        6,
        7
      ],
      [
        0,
        1,
        2,
        3,
        6,
        7
      ],
      [
        0,
        1,
        2,
        3,
        4,
        6,
        7
      ],
      [
        2,
        7
      ],
      []
    ],
    "behind": [
      [
        5
      ],
      [
        0,
        2,
        3,
        4,
        5,
        7
      ],
      [
        0,
        5
      ],
      [
        0,
        2,
        5,
        7
      ],
      [
        0,
        2,
        3,
        5,
        7
      ],
      [],
      [
        0,
        1,
        2,
        3,
        4,
        5,
        7
      ],
      [
        0,
        2,
        5
      ]
    ],
    "front": [
      [
        1,
        2,
        3,
        4,
        6,
        7
      ],
      [
        6
      ],
      [
        1,
        3,
        4,
        6,
        7
      ],
      [
        1,
        4,
        6
      ],
      [
        1,
        6
      ],
      [
        0,
        1,
        2,
        3,
        4,
        6,
        7
      ],
      [],
      [
        1,
        3,
        4,
        6
      ]
    ]
  },
  "image_index": 800,
  "directions": {
    "below": [
      -0.0,
      -0.0,
      -1.0
    ],
    "left": [
      -0.6563112735748291,
      -0.7544902563095093,
      0.0
    ],
    "above": [
      0.0,
      0.0,
      1.0
    ],
    "front": [
      0.754490315914154,
      -0.6563112735748291,
      -0.0
    ],
    "behind": [
      -0.754490315914154,
      0.6563112735748291,
      0.0
    ],
    "right": [
      0.6563112735748291,
      0.7544902563095093,
      -0.0
    ]
  },
  "objects": [
    {
      "shape": "sphere",
      "pixel_coords": [
        316,
        199,
        12.11913776397705
      ],
      "color": "red",
      "rotation": 198.87288758803354,
      "size": "large",
      "material": "rubber",
      "3d_coords": [
        -0.775577962398529,
        0.5602855682373047,
        0.30000001192092896
      ]
    },
    {
      "shape": "cube",
      "pixel_coords": [
        348,
        276,
        9.807504653930664
      ],
      "color": "brown",
      "rotation": 331.8302617854457,
      "size": "large",
      "material": "rubber",
      "3d_coords": [
        1.5207551717758179,
        -0.7601807117462158,
        0.30000001192092896
      ]
    },
    {
      "shape": "sphere",
      "pixel_coords": [
        165,
        203,
        11.977805137634277
      ],
      "color": "cyan",
      "rotation": 232.20660042145045,
      "size": "small",
      "material": "rubber",
      "3d_coords": [
        -2.3029539585113525,
        -1.52739417552948,
        0.30000001192092896
      ]
    },
    {
      "shape": "cylinder",
      "pixel_coords": [
        280,
        228,
        11.122919082641602
      ],
      "color": "cyan",
      "rotation": 33.85307209578718,
      "size": "large",
      "material": "rubber",
      "3d_coords": [
        -0.28000134229660034,
        -0.6033027172088623,
        0.30000001192092896
      ]
    },
    {
      "shape": "cube",
      "pixel_coords": [
        379,
        253,
        10.407142639160156
      ],
      "color": "red",
      "rotation": 204.29101096091847,
      "size": "small",
      "material": "rubber",
      "3d_coords": [
        1.3115235567092896,
        0.047375764697790146,
        0.30000001192092896
      ]
    },
    {
      "shape": "cylinder",
      "pixel_coords": [
        394,
        169,
        13.368217468261719
      ],
      "color": "green",
      "rotation": 314.4106376767416,
      "size": "small",
      "material": "rubber",
      "3d_coords": [
        -0.9123976826667786,
        2.602303981781006,
        0.30000001192092896
      ]
    },
    {
      "shape": "sphere",
      "pixel_coords": [
        204,
        328,
        8.690547943115234
      ],
      "color": "green",
      "rotation": 109.68408077467909,
      "size": "small",
      "material": "rubber",
      "3d_coords": [
        1.3215147256851196,
        -2.973191261291504,
        0.30000001192092896
      ]
    },
    {
      "shape": "sphere",
      "pixel_coords": [
        76,
        220,
        11.389838218688965
      ],
      "color": "green",
      "rotation": 252.9525088183605,
      "size": "large",
      "material": "rubber",
      "3d_coords": [
        -2.640474796295166,
        -2.9722774028778076,
        0.30000001192092896
      ]
    }
  ],
  "image_filename": "CLEVR_new_000800.png",
  "split": "new"
}