{
  "directions": {
    "below": [
      -0.0,
      -0.0,
      -1.0
    ],
    "above": [
      0.0,
      0.0,
      1.0
    ],
    "behind": [
      -0.754490315914154,
      0.6563112735748291,
      0.0
    ],
    "left": [
      -0.6563112735748291,
      -0.7544902563095093,
      0.0
    ],
    "right": [
      0.6563112735748291,
      0.7544902563095093,
      -0.0
    ],
    "front": [
      0.754490315914154,
      -0.6563112735748291,
      -0.0
    ]
  },
  "relationships": {
    "left": [
      [
        1,
        3,
        4,
        5,
        6,
        7,
        8,
        11,
        12,
        14,
        15
      ],
      [
        3,
        4,
        5,
        7,
        8,
        11,
        14,
        15
      ],
      [
        0,
        1,
        3,
        4,
        5,
        6,
        7,
        8,
        10,
        11,
        12,
        13,
        14,
        15
      ],
      [],
      [
        3,
        7,
        8
      ],
      [
        3,
        4,
        7,
        8,
        14
      ],
      [
        1,
        3,
        4,
        5,
        7,
        8,
        11,
        12,
        14,
        15
      ],
      [
        3,
        8
      ],
      [
        3
      ],
      [
        0,
        1,
        2,
        3,
        4,
        5,
        6,
        7,
        8,
        10,
        11,
        12,
        13,
        14,
        15
      ],
      [
        0,
        1,
        3,
        4,
        5,
        6,
        7,
        8,
        11,
        12,
        13,
        14,
        15
      ],
      [
        3,
        4,
        5,
        7,
        8,
        14
      ],
      [
        1,
        3,
        4,
        5,
        7,
        8,
        11,
        14,
        15
      ],
      [
        0,
        1,
        3,
        4,
        5,
        6,
        7,
        8,
        11,
        12,
        14,
        15
      ],
      [
        3,
        4,
        7,
        8
      ],
      [
        3,
        4,
        5,
        7,
        8,
        11,
        14
      ]
    ],
    "right": [
      [
        2,
        9,
        10,
        13
      ],
      [
        0,
        2,
        6,
        9,
        10,
        12,
        13
      ],
      [
        9
      ],
      [
        0,
        1,
        2,
        4,
        5,
        6,
        7,
        8,
        9,
        10,
        11,
        12,
        13,
        14,
        15
      ],
      [
        0,
        1,
        2,
        5,
        6,
        9,
        10,
        11,
        12,
        13,
        14,
        15
      ],
      [
        0,
        1,
        2,
        6,
        9,
        10,
        11,
        12,
        13,
        15
      ],
      [
        0,
        2,
        9,
        10,
        13
      ],
      [
        0,
        1,
        2,
        4,
        5,
        6,
        9,
        10,
        11,
        12,
        13,
        14,
        15
      ],
      [
        0,
        1,
        2,
        4,
        5,
        6,
        7,
        9,
        10,
        11,
        12,
        13,
        14,
        15
      ],
      [],
      [
        2,
        9
      ],
      [
        0,
        1,
        2,
        6,
        9,
        10,
        12,
        13,
        15
      ],
      [
        0,
        2,
        6,
        9,
        10,
        13
      ],
      [
        2,
        9,
        10
      ],
      [
        0,
        1,
        2,
        5,
        6,
        9,
        10,
        11,
        12,
        13,
        15
      ],
      [
        0,
        1,
        2,
        6,
        9,
        10,
        12,
        13
      ]
    ],
    "front": [
      [
        4,
        6,
        8,
        9,
        13,
        14,
        15
      ],
      [
        0,
        2,
        3,
        4,
        6,
        8,
        9,
        13,
        14,
        15
      ],
      [
        0,
        4,
        6,
        8,
        9,
        13,
        14,
        15
      ],
      [
        0,
        2,
        4,
        6,
        8,
        9,
        13,
        14,
        15
      ],
      [
        15
      ],
      [
        0,
        1,
        2,
        3,
        4,
        6,
        7,
        8,
        9,
        10,
        13,
        14,
        15
      ],
      [
        4,
        15
      ],
      [
        0,
        1,
        2,
        3,
        4,
        6,
        8,
        9,
        13,
        14,
        15
      ],
      [
        4,
        6,
        9,
        13,
        14,
        15
      ],
      [
        4,
        6,
        13,
        14,
        15
      ],
      [
        0,
        1,
        2,
        3,
        4,
        6,
        7,
        8,
        9,
        13,
        14,
        15
      ],
      [
        0,
        1,
        2,
        3,
        4,
        5,
        6,
        7,
        8,
        9,
        10,
        13,
        14,
        15
      ],
      [
        0,
        1,
        2,
        3,
        4,
        5,
        6,
        7,
        8,
        9,
        10,
        11,
        13,
        14,
        15
      ],
      [
        4,
        6,
        15
      ],
      [
        4,
        6,
        13,
        15
      ],
      []
    ],
    "behind": [
      [
        1,
        2,
        3,
        5,
        7,
        10,
        11,
        12
      ],
      [
        5,
        7,
        10,
        11,
        12
      ],
      [
        1,
        3,
        5,
        7,
        10,
        11,
        12
      ],
      [
        1,
        5,
        7,
        10,
        11,
        12
      ],
      [
        0,
        1,
        2,
        3,
        5,
        6,
        7,
        8,
        9,
        10,
        11,
        12,
        13,
        14
      ],
      [
        11,
        12
      ],
      [
        0,
        1,
        2,
        3,
        5,
        7,
        8,
        9,
        10,
        11,
        12,
        13,
        14
      ],
      [
        5,
        10,
        11,
        12
      ],
      [
        0,
        1,
        2,
        3,
        5,
        7,
        10,
        11,
        12
      ],
      [
        0,
        1,
        2,
        3,
        5,
        7,
        8,
        10,
        11,
        12
      ],
      [
        5,
        11,
        12
      ],
      [
        12
      ],
      [],
      [
        0,
        1,
        2,
        3,
        5,
        7,
        8,
        9,
        10,
        11,
        12,
        14
      ],
      [
        0,
        1,
        2,
        3,
        5,
        7,
        8,
        9,
        10,
        11,
        12
      ],
      [
        0,
        1,
        2,
        3,
        4,
        5,
        6,
        7,
        8,
        9,
        10,
        11,
        12,
        13,
        14
      ]
    ]
  },
  "objects": [
    {
      "3d_coords": [
        1.4043142795562744,
        0.6993339657783508,
        0.30000001192092896
      ],
      "rotation": 225.61044000874685,
      "size": "large",
      "pixel_coords": [
        412,
        243,
        10.875215530395508
      ],
      "color": "purple",
      "shape": "cylinder",
      "material": "rubber"
    },
    {
      "3d_coords": [
        -0.5074551105499268,
        0.5945559144020081,
        0.30000001192092896
      ],
      "rotation": 252.74027994077724,
      "size": "large",
      "pixel_coords": [
        328,
        203,
        12.102189064025879
      ],
      "color": "blue",
      "shape": "sphere",
      "material": "rubber"
    },
    {
      "3d_coords": [
        1.7127959728240967,
        1.654091238975525,
        0.30000001192092896
      ],
      "rotation": 17.015008492737152,
      "size": "small",