{
  "relationships": {
    "right": [
      [
        1,
        4,
        6
      ],
      [
        6
      ],
      [
        0,
        1,
        3,
        4,
        5,
        6,
        7
      ],
      [
        0,
        1,
        4,
        6,
        7
      ],
      [
        1,
        6
      ],
      [
        0,
        1,
        3,
        4,
        6,
        7
      ],
      [],
      [
        0,
        1,
        4,
        6
      ]
    ],
    "left": [
      [
        2,
        3,
        5,
        7
      ],
      [
        0,
        2,
        3,
        4,
        5,
        7
      ],
      [],
      [
        2,
        5
      ],
      [
        0,
        2,
        3,
        5,
        7
      ],
      [
        2
      ],
      [
        0,
        1,
        2,
        3,
        4,
        5,
        7
      ],
      [
        2,
        3,
        5
      ]
    ],
    "behind": [
      [],
      [
        0,
        7
      ],
      [
        0,
        1,
        3,
        5,
        7
      ],
      [
        0,
        1,
        5,
        7
      ],
      [
        0,
        1,
        2,
        3,
        5,
        6,
        7
      ],
      [
        0,
        1,
        7
      ],
      [
        0,
        1,
        2,
        3,
        5,
        7
      ],
      [
        0
      ]
    ],
    "front": [
      [
        1,
        2,
        3,
        4,
        5,
        6,
        7
      ],
      [
        2,
        3,
        4,
        5,
        6
      ],
      [
        4,
        6
      ],
      [
        2,
        4,
        6
      ],
      [],
      [
        2,
        3,
        4,
        6
      ],
      [
        4
      ],
      [
        1,
        2,
        3,
        4,
        5,
        6
      ]
    ]
  },
  "image_index": 831,
  "directions": {
    "below": [
      -0.0,
      -0.0,
      -1.0
    ],
    "left": [
      -0.6563112735748291,
      -0.7544902563095093,
      0.0
    ],
    "above": [
      0.0,
      0.0,
      1.0
    ],
    "front": [
      0.754490315914154,
      -0.6563112735748291,
      -0.0
    ],
    "behind": [
      -0.754490315914154,
      0.6563112735748291,
      0.0
    ],
    "right": [
      0.6563112735748291,
      0.7544902563095093,
      -0.0
    ]
  },
  "objects": [
    {
      "shape": "cylinder",
      "pixel_coords": [
        315,
        145,
        13.93212890625
      ],
      "color": "purple",
      "rotation": 243.45921977574284,
      "size": "large",
      "material": "rubber",
      "3d_coords": [
        -2.4980790615081787,
        1.9935368299484253,
        0.30000001192092896
      ]
    },
    {
      "shape": "sphere",
      "pixel_coords": [
        371,
        171,
        12.879685401916504
      ],
      "color": "brown",
      "rotation": 123.30148374139576,
      "size": "large",
      "material": "rubber",
      "3d_coords": [
        -0.8890286684036255,
        1.989919900894165,
        0.30000001192092896
      ]
    },
    {
      "shape": "cube",
      "pixel_coords": [
        143,
        220,
        11.302535057067871
      ],
      "color": "green",
      "rotation": 284.6912716274066,
      "size": "large",
      "material": "rubber",
      "3d_coords": [
        -1.9623165130615234,
        -2.092068672180176,
        0.30000001192092896
      ]
    },
    {
      "shape": "cube",
      "pixel_coords": [
        230,
        194,
        12.083516120910645
      ],
      "color": "red",
      "rotation": 324.3768983815703,
      "size": "large",
      "material": "rubber",
      "3d_coords": [
        -1.7969845533370972,
        -0.499080628156662,
        0.30000001192092896
      ]
    },
    {
      "shape": "cube",
      "pixel_coords": [
        325,
        246,
        10.595837593078613
      ],
      "color": "brown",
      "rotation": 260.9353418009602,
      "size": "large",
      "material": "rubber",
      "3d_coords": [
        0.5693620443344116,
        -0.3967057764530182,
        0.30000001192092896
      ]
    },
    {
      "shape": "cube",
      "pixel_coords": [
        183,
        188,
        12.295310020446777
      ],
      "color": "brown",
      "rotation": 157.64377147829254,
      "size": "large",
      "material": "rubber",
      "3d_coords": [
        -2.547821283340454,
        -0.9979353547096252,
        0.30000001192092896
      ]
    },
    {
      "shape": "sphere",
      "pixel_coords": [
        405,
        235,
        10.883843421936035
      ],
      "color": "gray",
      "rotation": 30.489920372850033,
      "size": "large",
      "material": "rubber",
      "3d_coords": [
        1.1277120113372803,
        0.7726294994354248,
        0.30000001192092896
      ]
    },
    {
      "shape": "cylinder",
      "pixel_coords": [
        260,
        150,
        13.712440490722656
      ],
      "color": "brown",
      "rotation": 248.04064089561797,
      "size": "small",
      "material": "rubber",
      "3d_coords": [
        -2.9941787719726562,
        1.0194560289382935,
        0.30000001192092896
      ]
    }
  ],
  "image_filename": "CLEVR_new_000831.png",
  "split": "new"
}