{
  "directions": {
    "below": [
      -0.0,
      -0.0,
      -1.0
    ],
    "above": [
      0.0,
      0.0,
      1.0
    ],
    "behind": [
      -0.754490315914154,
      0.6563112735748291,
      0.0
    ],
    "left": [
      -0.6563112735748291,
      -0.7544902563095093,
      0.0
    ],
    "right": [
      0.6563112735748291,
      0.7544902563095093,
      -0.0
    ],
    "front": [
      0.754490315914154,
      -0.6563112735748291,
      -0.0
    ]
  },
  "relationships": {
    "left": [
      [
        1,
        2,
        3,
        4,
        5,
        6,
        7,
        8,
        11,
        12,
        13
      ],
      [
        3,
        4,
        5,
        6,
        7,
        8,
        12,
        13
      ],
      [
        1,
        3,
        4,
        5,
        6,
        7,
        8,
        11,
        12,
        13
      ],
      [
        4,
        5,
        6,
        7,
        8,
        13
      ],
      [
        5,
        7,
        8,
        13
      ],
      [
        7,
        13
      ],
      [
        4,
        5,
        7,
        8,
        13
      ],
      [],
      [
        5,
        7,
        13
      ],
      [
        0,
        1,
        2,
        3,
        4,
        5,
        6,
        7,
        8,
        10,
        11,
        12,
        13,
        14,
        15
      ],
      [
        0,
        1,
        2,
        3,
        4,
        5,
        6,
        7,
        8,
        11,
        12,
        13,
        14,
        15
      ],
      [
        1,
        3,
        4,
        5,
        6,
        7,
        8,
        12,
        13
      ],
      [
        3,
        4,
        5,
        6,
        7,
        8,
        13
      ],
      [
        7
      ],
      [
        0,
        1,
        2,
        3,
        4,
        5,
        6,
        7,
        8,
        11,
        12,
        13,
        15
      ],
      [
        0,
        1,
        2,
        3,
        4,
        5,
        6,
        7,
        8,
        11,
        12,
        13
      ]
    ],
    "right": [
      [
        9,
        10,
        14,
        15
      ],
      [
        0,
        2,
        9,
        10,
        11,
        14,
        15
      ],
      [
        0,
        9,
        10,
        14,
        15
      ],
      [
        0,
        1,
        2,
        9,
        10,
        11,
        12,
        14,
        15
      ],
      [
        0,
        1,
        2,
        3,
        6,
        9,
        10,
        11,
        12,
        14,
        15
      ],
      [
        0,
        1,
        2,
        3,
        4,
        6,
        8,
        9,
        10,
        11,
        12,
        14,
        15
      ],
      [
        0,
        1,
        2,
        3,
        9,
        10,
        11,
        12,
        14,
        15
      ],
      [
        0,
        1,
        2,
        3,
        4,
        5,
        6,
        8,
        9,
        10,
        11,
        12,
        13,
        14,
        15
      ],
      [
        0,
        1,
        2,
        3,
        4,
        6,
        9,
        10,
        11,
        12,
        14,
        15
      ],
      [],
      [
        9
      ],
      [
        0,
        2,
        9,
        10,
        14,
        15
      ],
      [
        0,
        1,
        2,
        9,
        10,
        11,
        14,
        15
      ],
      [
        0,
        1,
        2,
        3,
        4,
        5,
        6,
        8,
        9,
        10,
        11,
        12,
        14,
        15
      ],
      [
        9,
        10
      ],
      [
        9,
        10,
        14
      ]
    ],
    "front": [
      [],
      [
        0,
        2,
        3,
        4,
        5,
        6,
        7,
        8,
        9,
        10,
        11,
        12,
        13,
        14,
        15
      ],
      [
        0,
        4,
        6,
        9,
        12
      ],
      [
        0,
        2,
        4,
        5,
        6,
        7,
        9,
        12,
        14
      ],
      [
        0
      ],
      [
        0,
        2,
        4,
        6,
        9,
        12,
        14
      ],
      [
        0,
        4,
        9,
        12
      ],
      [
        0,
        2,
        4,
        5,
        6,
        9,
        12,
        14
      ],
      [
        0,
        2,
        3,
        4,
        5,
        6,
        7,
        9,
        12,
        14
      ],
      [
        0,
        4,
        12
      ],
      [
        0,
        2,
        3,
        4,
        5,
        6,
        7,
        8,
        9,
        12,
        13,
        14
      ],
      [
        0,
        2,
        3,
        4,
        5,
        6,
        7,
        8,
        9,
        10,
        12,
        13,
        14
      ],
      [
        0,
        4
      ],
      [
        0,
        2,
        3,
        4,
        5,
        6,
        7,
        8,
        9,
        12,
        14
      ],
      [
        0,
        2,
        4,
        6,
        9,
        12
      ],
      [
        0,
        2,
        3,
        4,
        5,
        6,
        7,
        8,
        9,
        10,
        11,
        12,
        13,
        14
      ]
    ],
    "behind": [
      [
        1,
        2,
        3,
        4,
        5,
        6,
        7,
        8,
        9,
        10,
        11,
        12,
        13,
        14,
        15
      ],
      [],
      [
        1,
        3,
        5,
        7,
        8,
        10,
        11,
        13,
        14,
        15
      ],
      [
        1,
        8,
        10,
        11,
        13,
        15
      ],
      [
        1,
        2,
        3,
        5,
        6,
        7,
        8,
        9,
        10,
        11,
        12,
        13,
        14,
        15
      ],
      [
        1,
        3,
        7,
        8,
        10,
        11,
        13,
        15
      ],
      [
        1,
        2,
        3,
        5,
        7,
        8,
        10,
        11,
        13,
        14,
        15
      ],
      [
        1,
        3,
        8,
        10,
        11,
        13,
        15
      ],
      [
        1,
        10,
        11,
        13,
        15
      ],
      [
        1,
        2,
        3,
        5,
        6,
        7,
        8,
        10,
        11,
        13,
        14,
        15
      ],
      [
        1,
        11,
        15
      ],
      [
        1,
        15
      ],
      [
        1,
        2,
        3,
        5,
        6,
        7,
        8,
        9,
        10,
        11,
        13,
        14,
        15
      ],
      [
        1,
        10,
        11,
        15
      ],
      [
        1,
        3,
        5,
        7,
        8,
        10,
        11,
        13,
        15
      ],
      [
        1
      ]
    ]
  },
  "objects": [
    {
      "3d_coords": [
        2.8726937770843506,
        -0.8603307604789734,
        0.30000001192092896
      ],
      "rotation": 22.85528523633428,
      "size": "small",
      "pixel_coords": [
        413,
        316,
        8.588582038879395
      ],
      "color": "cyan",
      "shape": "cylinder",
      "material": "rubber"
    },
    {
      "3d_coords": [
        -2.290377616882324,
        2.498987913131714,
        0.30000001192092896
      ],
      "rotation": 183.47295543724985,
      "size": "small",
      "pixel_coords": [
        345,
        155,
        14.110809326171875
      ],
      "color": "purple",
      "shape": "cube",
      "material": "rubber"
    },
    {
      "3d_coords": [
        0.9663420915603638,
        0.2885258197784424,
        0.30000001192092896
      ],
      "rotation": 303.97060608061935,
      "size": "large",