{
  "directions": {
    "below": [
      -0.0,
      -0.0,
      -1.0
    ],
    "above": [
      0.0,
      0.0,
      1.0
    ],
    "behind": [
      -0.754490315914154,
      0.6563112735748291,
      0.0
    ],
    "left": [
      -0.6563112735748291,
      -0.7544902563095093,
      0.0
    ],
    "right": [
      0.6563112735748291,
      0.7544902563095093,
      -0.0
    ],
    "front": [
      0.754490315914154,
      -0.6563112735748291,
      -0.0
    ]
  },
  "relationships": {
    "left": [
      [
        2,
        4,
        8,
        9,
        10,
        12,
        13,
        15
      ],
      [
        0,
        2,
        4,
        7,
        8,
        9,
        10,
        12,
        13,
        14,
        15
      ],
      [
        8,
        9,
        10,
        12,
        13,
        15
      ],
      [
        0,
        1,
        2,
        4,
        5,
        6,
        7,
        8,
        9,
        10,
        12,
        13,
        14,
        15
      ],
      [
        2,
        8,
        9,
        10,
        12,
        13,
        15
      ],
      [
        0,
        1,
        2,
        4,
        7,
        8,
        9,
        10,
        12,
        13,
        14,
        15
      ],
      [
        0,
        1,
        2,
        4,
        5,
        7,
        8,
        9,
        10,
        12,
        13,
        14,
        15
      ],
      [
        0,
        2,
        4,
        8,
        9,
        10,
        12,
        13,
        15
      ],
      [
        9,
        10
      ],
      [],
      [
        9
      ],
      [
        0,
        1,
        2,
        3,
        4,
        5,
        6,
        7,
        8,
        9,
        10,
        12,
        13,
        14,
        15
      ],
      [
        8,
        9,
        10
      ],
      [
        8,
        9,
        10,
        12,
        15
      ],
      [
        0,
        2,
        4,
        7,
        8,
        9,
        10,
        12,
        13,
        15
      ],
      [
        8,
        9,
        10,
        12
      ]
    ],
    "right": [
      [
        1,
        3,
        5,
        6,
        7,
        11,
        14
      ],
      [
        3,
        5,
        6,
        11
      ],
      [
        0,
        1,
        3,
        4,
        5,
        6,
        7,
        11,
        14
      ],
      [
        11
      ],
      [
        0,
        1,
        3,
        5,
        6,
        7,
        11,
        14
      ],
      [
        3,
        6,
        11
      ],
      [
        3,
        11
      ],
      [
        1,
        3,
        5,
        6,
        11,
        14
      ],
      [
        0,
        1,
        2,
        3,
        4,
        5,
        6,
        7,
        11,
        12,
        13,
        14,
        15
      ],
      [
        0,
        1,
        2,
        3,
        4,
        5,
        6,
        7,
        8,
        10,
        11,
        12,
        13,
        14,
        15
      ],
      [
        0,
        1,
        2,
        3,
        4,
        5,
        6,
        7,
        8,
        11,
        12,
        13,
        14,
        15
      ],
      [],
      [
        0,
        1,
        2,
        3,
        4,
        5,
        6,
        7,
        11,
        13,
        14,
        15
      ],
      [
        0,
        1,
        2,
        3,
        4,
        5,
        6,
        7,
        11,
        14
      ],
      [
        1,
        3,
        5,
        6,
        11
      ],
      [
        0,
        1,
        2,
        3,
        4,
        5,
        6,
        7,
        11,
        13,
        14
      ]
    ],
    "front": [
      [
        1,
        2,
        3,
        4,
        5,
        6,
        7,
        8,
        9,
        10,
        11,
        12,
        13,
        14,
        15
      ],
      [
        4
      ],
      [
        1,
        3,
        4,
        5,
        6,
        7,
        8,
        9,
        10,
        11,
        12,
        13,
        15
      ],
      [
        1,
        4,
        5,
        6,
        8,
        9,
        11,
        12,
        13
      ],
      [],
      [
        1,
        4,
        12,
        13
      ],
      [
        1,
        4,
        5,
        8,
        11,
        12,
        13
      ],
      [
        1,
        3,
        4,
        5,
        6,
        8,
        9,
        10,
        11,
        12,
        13,
        15
      ],
      [
        1,
        4,
        5,
        11,
        12,
        13
      ],
      [
        1,
        4,
        5,
        6,
        8,
        11,
        12,
        13
      ],
      [
        1,
        3,
        4,
        5,
        6,
        8,
        9,
        11,
        12,
        13
      ],
      [
        1,
        4,
        5,
        12,
        13
      ],
      [
        1,
        4,
        13
      ],
      [
        1,
        4
      ],
      [
        1,
        2,
        3,
        4,
        5,
        6,
        7,
        8,
        9,
        10,
        11,
        12,
        13,
        15
      ],
      [
        1,
        3,
        4,
        5,
        6,
        8,
        9,
        10,
        11,
        12,
        13
      ]
    ],
    "behind": [
      [],
      [
        0,
        2,
        3,
        5,
        6,
        7,
        8,
        9,
        10,
        11,
        12,
        13,
        14,
        15
      ],
      [
        0,
        14
      ],
      [
        0,
        2,
        7,
        10,
        14,
        15
      ],
      [
        0,
        1,
        2,
        3,
        5,
        6,
        7,
        8,
        9,
        10,
        11,
        12,
        13,
        14,
        15
      ],
      [
        0,
        2,
        3,
        6,
        7,
        8,
        9,
        10,
        11,
        14,
        15
      ],
      [
        0,
        2,
        3,
        7,
        9,
        10,
        14,
        15
      ],
      [
        0,
        2,
        14
      ],
      [
        0,
        2,
        3,
        6,
        7,
        9,
        10,
        14,
        15
      ],
      [
        0,
        2,
        3,
        7,
        10,
        14,
        15
      ],
      [
        0,
        2,
        7,
        14,
        15
      ],
      [
        0,
        2,
        3,
        6,
        7,
        8,
        9,
        10,
        14,
        15
      ],
      [
        0,
        2,
        3,
        5,
        6,
        7,
        8,
        9,
        10,
        11,
        14,
        15
      ],
      [
        0,
        2,
        3,
        5,
        6,
        7,
        8,
        9,
        10,
        11,
        12,
        14,
        15
      ],
      [
        0
      ],
      [
        0,
        2,
        7,
        14
      ]
    ]
  },
  "objects": [
    {
      "3d_coords": [
        -2.2375731468200684,
        2.116072654724121,
        0.30000001192092896
      ],
      "rotation": 137.3635003639093,
      "size": "small",
      "pixel_coords": [
        322,
        149,
        13.577018737792969
      ],
      "color": "brown",
      "shape": "cylinder",
      "material": "rubber"
    },
    {
      "3d_coords": [
        2.6621310710906982,
        -0.6911040544509888,
        0.30000001192092896
      ],
      "rotation": 130.0792982742984,
      "size": "small",
      "pixel_coords": [
        424,
        314,
        8.785609245300293
      ],
      "color": "cyan",
      "shape": "sphere",
      "material": "rubber"
    },
    {
      "3d_coords": [
        -1.9869236946105957,
        1.022300124168396,
        0.30000001192092896
      ],
      "rotation": 35.61038698193777,
      "size": "small",