{
  "relationships": {
    "right": [
      [
        1,
        3,
        4
      ],
      [
        3
      ],
      [
        0,
        1,
        3,
        4
      ],
      [],
      [
        1,
        3
      ],
      [
        0,
        1,
        2,
        3,
        4,
        6,
        7
      ],
      [
        0,
        1,
        2,
        3,
        4,
        7
      ],
      [
        0,
        1,
        2,
        3,
        4
      ]
    ],
    "left": [
      [
        2,
        5,
        6,
        7
      ],
      [
        0,
        2,
        4,
        5,
        6,
        7
      ],
      [
        5,
        6,
        7
      ],
      [
        0,
        1,
        2,
        4,
        5,
        6,
        7
      ],
      [
        0,
        2,
        5,
        6,
        7
      ],
      [],
      [
        5
      ],
      [
        5,
        6
      ]
    ],
    "behind": [
      [],
      [
        0,
        3,
        4,
        5,
        6,
        7
      ],
      [
        0,
        1,
        3,
        4,
        5,
        6,
        7
      ],
      [
        0,
        5
      ],
      [
        0,
        3,
        5,
        6,
        7
      ],
      [
        0
      ],
      [
        0,
        3,
        5
      ],
      [
        0,
        3,
        5,
        6
      ]
    ],
    "front": [
      [
        1,
        2,
        3,
        4,
        5,
        6,
        7
      ],
      [
        2
      ],
      [],
      [
        1,
        2,
        4,
        6,
        7
      ],
      [
        1,
        2
      ],
      [
        1,
        2,
        3,
        4,
        6,
        7
      ],
      [
        1,
        2,
        4,
        7
      ],
      [
        1,
        2,
        4
      ]
    ]
  },
  "image_index": 816,
  "directions": {
    "below": [
      -0.0,
      -0.0,
      -1.0
    ],
    "left": [
      -0.6563112735748291,
      -0.7544902563095093,
      0.0
    ],
    "above": [
      0.0,
      0.0,
      1.0
    ],
    "front": [
      0.754490315914154,
      -0.6563112735748291,
      -0.0
    ],
    "behind": [
      -0.754490315914154,
      0.6563112735748291,
      0.0
    ],
    "right": [
      0.6563112735748291,
      0.7544902563095093,
      -0.0
    ]
  },
  "objects": [
    {
      "shape": "cylinder",
      "pixel_coords": [
        343,
        168,
        13.099885940551758
      ],
      "color": "yellow",
      "rotation": 106.22751098930387,
      "size": "small",
      "material": "rubber",
      "3d_coords": [
        -1.347324252128601,
        1.9231343269348145,
        0.30000001192092896
      ]
    },
    {
      "shape": "cylinder",
      "pixel_coords": [
        504,
        278,
        9.609284400939941
      ],
      "color": "brown",
      "rotation": 308.5430030119925,
      "size": "small",
      "material": "rubber",
      "3d_coords": [
        2.946223020553589,
        0.6462363004684448,
        0.30000001192092896
      ]
    },
    {
      "shape": "cube",
      "pixel_coords": [
        355,
        351,
        8.166651725769043
      ],
      "color": "gray",
      "rotation": 302.97055363187394,
      "size": "large",
      "material": "rubber",
      "3d_coords": [
        2.6351733207702637,
        -2.010063886642456,
        0.30000001192092896
      ]
    },
    {
      "shape": "cube",
      "pixel_coords": [
        553,
        229,
        10.889802932739258
      ],
      "color": "brown",
      "rotation": 112.21492643082522,
      "size": "large",
      "material": "rubber",
      "3d_coords": [
        2.6741719245910645,
        2.444580316543579,
        0.30000001192092896
      ]
    },
    {
      "shape": "cube",
      "pixel_coords": [
        444,
        271,
        9.764830589294434
      ],
      "color": "red",
      "rotation": 37.96636237810952,
      "size": "large",
      "material": "rubber",
      "3d_coords": [
        2.2628471851348877,
        0.20093382894992828,
        0.30000001192092896
      ]
    },
    {
      "shape": "cube",
      "pixel_coords": [
        159,
        215,
        11.341368675231934
      ],
      "color": "cyan",
      "rotation": 102.60700070595543,
      "size": "large",
      "material": "rubber",
      "3d_coords": [
        -2.0519556999206543,
        -1.6469895839691162,
        0.30000001192092896
      ]
    },
    {
      "shape": "sphere",
      "pixel_coords": [
        204,
        248,
        10.348050117492676
      ],
      "color": "blue",
      "rotation": 22.22705443601043,
      "size": "large",
      "material": "rubber",
      "3d_coords": [
        -0.6157783269882202,
        -1.791567325592041,
        0.30000001192092896
      ]
    },
    {
      "shape": "cylinder",
      "pixel_coords": [
        297,
        258,
        10.081680297851562
      ],
      "color": "red",
      "rotation": 17.57522267207337,
      "size": "small",
      "material": "rubber",
      "3d_coords": [
        0.5678101778030396,
        -1.0153977870941162,
        0.30000001192092896
      ]
    }
  ],
  "image_filename": "CLEVR_new_000816.png",
  "split": "new"
}