{
  "directions": {
    "below": [
      -0.0,
      -0.0,
      -1.0
    ],
    "above": [
      0.0,
      0.0,
      1.0
    ],
    "behind": [
      -0.754490315914154,
      0.6563112735748291,
      0.0
    ],
    "left": [
      -0.6563112735748291,
      -0.7544902563095093,
      0.0
    ],
    "right": [
      0.6563112735748291,
      0.7544902563095093,
      -0.0
    ],
    "front": [
      0.754490315914154,
      -0.6563112735748291,
      -0.0
    ]
  },
  "relationships": {
    "left": [
      [
        3,
        5,
        7,
        10,
        11,
        13
      ],
      [
        0,
        3,
        5,
        7,
        10,
        11,
        13,
        15
      ],
      [
        0,
        1,
        3,
        4,
        5,
        7,
        8,
        9,
        10,
        11,
        12,
        13,
        14,
        15
      ],
      [
        13
      ],
      [
        0,
        1,
        3,
        5,
        7,
        10,
        11,
        13,
        15
      ],
      [
        3,
        13
      ],
      [
        0,
        1,
        2,
        3,
        4,
        5,
        7,
        8,
        9,
        10,
        11,
        12,
        13,
        14,
        15
      ],
      [
        3,
        5,
        10,
        11,
        13
      ],
      [
        0,
        1,
        3,
        4,
        5,
        7,
        10,
        11,
        13,
        14,
        15
      ],
      [
        0,
        1,
        3,
        4,
        5,
        7,
        8,
        10,
        11,
        12,
        13,
        14,
        15
      ],
      [
        3,
        5,
        11,
        13
      ],
      [
        3,
        5,
        13
      ],
      [
        0,
        1,
        3,
        4,
        5,
        7,
        8,
        10,
        11,
        13,
        14,
        15
      ],
      [],
      [
        0,
        1,
        3,
        4,
        5,
        7,
        10,
        11,
        13,
        15
      ],
      [
        0,
        3,
        5,
        7,
        10,
        11,
        13
      ]
    ],
    "right": [
      [
        1,
        2,
        4,
        6,
        8,
        9,
        12,
        14,
        15
      ],
      [
        2,
        4,
        6,
        8,
        9,
        12,
        14
      ],
      [
        6
      ],
      [
        0,
        1,
        2,
        4,
        5,
        6,
        7,
        8,
        9,
        10,
        11,
        12,
        14,
        15
      ],
      [
        2,
        6,
        8,
        9,
        12,
        14
      ],
      [
        0,
        1,
        2,
        4,
        6,
        7,
        8,
        9,
        10,
        11,
        12,
        14,
        15
      ],
      [],
      [
        0,
        1,
        2,
        4,
        6,
        8,
        9,
        12,
        14,
        15
      ],
      [
        2,
        6,
        9,
        12
      ],
      [
        2,
        6
      ],
      [
        0,
        1,
        2,
        4,
        6,
        7,
        8,
        9,
        12,
        14,
        15
      ],
      [
        0,
        1,
        2,
        4,
        6,
        7,
        8,
        9,
        10,
        12,
        14,
        15
      ],
      [
        2,
        6,
        9
      ],
      [
        0,
        1,
        2,
        3,
        4,
        5,
        6,
        7,
        8,
        9,
        10,
        11,
        12,
        14,
        15
      ],
      [
        2,
        6,
        8,
        9,
        12
      ],
      [
        1,
        2,
        4,
        6,
        8,
        9,
        12,
        14
      ]
    ],
    "front": [
      [
        1,
        2,
        3,
        4,
        5,
        6,
        7,
        9,
        11,
        12,
        13,
        14,
        15
      ],
      [
        15
      ],
      [
        1,
        5,
        14,
        15
      ],
      [
        1,
        2,
        4,
        5,
        6,
        7,
        9,
        11,
        12,
        13,
        14,
        15
      ],
      [
        1,
        2,
        5,
        14,
        15
      ],
      [
        1,
        14,
        15
      ],
      [
        1,
        2,
        4,
        5,
        11,
        14,
        15
      ],
      [
        1,
        2,
        4,
        5,
        6,
        9,
        11,
        14,
        15
      ],
      [
        0,
        1,
        2,
        3,
        4,
        5,
        6,
        7,
        9,
        10,
        11,
        12,
        13,
        14,
        15
      ],
      [
        1,
        2,
        4,
        5,
        6,
        11,
        14,
        15
      ],
      [
        0,
        1,
        2,
        3,
        4,
        5,
        6,
        7,
        9,
        11,
        12,
        13,
        14,
        15
      ],
      [
        1,
        2,
        4,
        5,
        14,
        15
      ],
      [
        1,
        2,
        4,
        5,
        6,
        7,
        9,
        11,
        13,
        14,
        15
      ],
      [
        1,
        2,
        4,
        5,
        6,
        7,
        9,
        11,
        14,
        15
      ],
      [
        1,
        15
      ],
      []
    ],
    "behind": [
      [
        8,
        10
      ],
      [
        0,
        2,
        3,
        4,
        5,
        6,
        7,
        8,
        9,
        10,
        11,
        12,
        13,
        14
      ],
      [
        0,
        3,
        4,
        6,
        7,
        8,
        9,
        10,
        11,
        12,
        13
      ],
      [
        0,
        8,
        10
      ],
      [
        0,
        3,
        6,
        7,
        8,
        9,
        10,
        11,
        12,
        13
      ],
      [
        0,
        2,
        3,
        4,
        6,
        7,
        8,
        9,
        10,
        11,
        12,
        13
      ],
      [
        0,
        3,
        7,
        8,
        9,
        10,
        12,
        13
      ],
      [
        0,
        3,
        8,
        10,
        12,
        13
      ],
      [],
      [
        0,
        3,
        7,
        8,
        10,
        12,
        13
      ],
      [
        8
      ],
      [
        0,
        3,
        6,
        7,
        8,
        9,
        10,
        12,
        13
      ],
      [
        0,
        3,
        8,
        10
      ],
      [
        0,
        3,
        8,
        10,
        12
      ],
      [
        0,
        2,
        3,
        4,
        5,
        6,
        7,
        8,
        9,
        10,
        11,
        12,
        13
      ],
      [
        0,
        1,
        2,
        3,
        4,
        5,
        6,
        7,
        8,
        9,
        10,
        11,
        12,
        13,
        14
      ]
    ]
  },
  "objects": [
    {
      "3d_coords": [
        -1.6870124340057373,
        0.3742029666900635,
        0.30000001192092896
      ],
      "rotation": 302.8577990458297,
      "size": "large",
      "pixel_coords": [
        276,
        189,
        12.946895599365234
      ],
      "color": "cyan",
      "shape": "cylinder",
      "material": "rubber"
    },
    {
      "3d_coords": [
        1.6512410640716553,
        -1.4035216569900513,
        0.30000001192092896
      ],
      "rotation": 98.20208366163847,
      "size": "large",
      "pixel_coords": [
        321,
        290,
        9.636736869812012
      ],
      "color": "cyan",
      "shape": "cube",
      "material": "rubber"
    },
    {
      "3d_coords": [
        2.8764755725860596,
        1.7147172689437866,
        0.30000001192092896
      ],
      "rotation": 267.18417725099357,
      "size": "small",