{
  "relationships": {
    "right": [
      [
        1,
        4,
        6,
        7
      ],
      [
        4,
        7
      ],
      [
        0,
        1,
        3,
        4,
        5,
        6,
        7
      ],
      [
        0,
        1,
        4,
        5,
        6,
        7
      ],
      [],
      [
        0,
        1,
        4,
        6,
        7
      ],
      [
        1,
        4,
        7
      ],
      [
        4
      ]
    ],
    "left": [
      [
        2,
        3,
        5
      ],
      [
        0,
        2,
        3,
        5,
        6
      ],
      [],
      [
        2
      ],
      [
        0,
        1,
        2,
        3,
        5,
        6,
        7
      ],
      [
        2,
        3
      ],
      [
        0,
        2,
        3,
        5
      ],
      [
        0,
        1,
        2,
        3,
        5,
        6
      ]
    ],
    "behind": [
      [
        1,
        2,
        3,
        4,
        5,
        6,
        7
      ],
      [
        2,
        3,
        5,
        7
      ],
      [
        3,
        5,
        7
      ],
      [
        7
      ],
      [
        1,
        2,
        3,
        5,
        7
      ],
      [
        3,
        7
      ],
      [
        1,
        2,
        3,
        4,
        5,
        7
      ],
      []
    ],
    "front": [
      [],
      [
        0,
        4,
        6
      ],
      [
        0,
        1,
        4,
        6
      ],
      [
        0,
        1,
        2,
        4,
        5,
        6
      ],
      [
        0,
        6
      ],
      [
        0,
        1,
        2,
        4,
        6
      ],
      [
        0
      ],
      [
        0,
        1,
        2,
        3,
        4,
        5,
        6
      ]
    ]
  },
  "image_index": 822,
  "directions": {
    "below": [
      -0.0,
      -0.0,
      -1.0
    ],
    "left": [
      -0.6563112735748291,
      -0.7544902563095093,
      0.0
    ],
    "above": [
      0.0,
      0.0,
      1.0
    ],
    "front": [
      0.754490315914154,
      -0.6563112735748291,
      -0.0
    ],
    "behind": [
      -0.754490315914154,
      0.6563112735748291,
      0.0
    ],
    "right": [
      0.6563112735748291,
      0.7544902563095093,
      -0.0
    ]
  },
  "objects": [
    {
      "shape": "sphere",
      "pixel_coords": [
        330,
        397,
        7.612852096557617
      ],
      "color": "cyan",
      "rotation": 260.9785512264175,
      "size": "small",
      "material": "rubber",
      "3d_coords": [
        2.8861238956451416,
        -2.3277411460876465,
        0.30000001192092896
      ]
    },
    {
      "shape": "cube",
      "pixel_coords": [
        433,
        235,
        10.465142250061035
      ],
      "color": "yellow",
      "rotation": 141.44127477568958,
      "size": "small",
      "material": "rubber",
      "3d_coords": [
        1.356644868850708,
        1.0591275691986084,
        0.30000001192092896
      ]
    },
    {
      "shape": "cylinder",
      "pixel_coords": [
        248,
        225,
        10.71382999420166
      ],
      "color": "blue",
      "rotation": 261.2029855398318,
      "size": "large",
      "material": "rubber",
      "3d_coords": [
        -0.6833559274673462,
        -0.8742172718048096,
        0.30000001192092896
      ]
    },
    {
      "shape": "cube",
      "pixel_coords": [
        280,
        174,
        12.199216842651367
      ],
      "color": "red",
      "rotation": 262.7532974342213,
      "size": "large",
      "material": "rubber",
      "3d_coords": [
        -1.7489807605743408,
        0.5749956965446472,
        0.30000001192092896
      ]
    },
    {
      "shape": "cube",
      "pixel_coords": [
        514,
        270,
        9.689240455627441
      ],
      "color": "green",
      "rotation": 7.442973376332169,
      "size": "large",
      "material": "rubber",
      "3d_coords": [
        2.702436923980713,
        1.2245510816574097,
        0.30000001192092896
      ]
    },
    {
      "shape": "sphere",
      "pixel_coords": [
        313,
        196,
        11.495088577270508
      ],
      "color": "brown",
      "rotation": 62.584965241898175,
      "size": "small",
      "material": "rubber",
      "3d_coords": [
        -0.7410802841186523,
        0.4756759703159332,
        0.30000001192092896
      ]
    },
    {
      "shape": "cylinder",
      "pixel_coords": [
        350,
        304,
        9.02885913848877
      ],
      "color": "purple",
      "rotation": 156.1148091498149,
      "size": "large",
      "material": "rubber",
      "3d_coords": [
        1.7964836359024048,
        -1.0324686765670776,
        0.30000001192092896
      ]
    },
    {
      "shape": "cube",
      "pixel_coords": [
        442,
        165,
        12.485199928283691
      ],
      "color": "purple",
      "rotation": 35.73648252247,
      "size": "large",
      "material": "rubber",
      "3d_coords": [
        -0.13196961581707,
        2.9839208126068115,
        0.30000001192092896
      ]
    }
  ],
  "image_filename": "CLEVR_new_000822.png",
  "split": "new"
}