{
  "directions": {
    "above": [
      0.0,
      0.0,
      1.0
    ],
    "left": [
      -0.6563112735748291,
      -0.7544902563095093,
      0.0
    ],
    "front": [
      0.754490315914154,
      -0.6563112735748291,
      -0.0
    ],
    "below": [
      -0.0,
      -0.0,
      -1.0
    ],
    "behind": [
      -0.754490315914154,
      0.6563112735748291,
      0.0
    ],
    "right": [
      0.6563112735748291,
      0.7544902563095093,
      -0.0
    ]
  },
  "image_filename": "CLEVR_new_001025.png",
  "image_index": 1025,
  "relationships": {
    "front": [
      [
        1,
        2,
        3,
        6,
        7,
        8
      ],
      [
        2,
        3,
        6,
        7,
        8
      ],
      [
        7,
        8
      ],
      [
        2,
        6,
        7,
        8
      ],
      [
        0,
        1,
        2,
        3,
        6,
        7,
        8,
        9
      ],
      [
        0,
        1,
        2,
        3,
        4,
        6,
        7,
        8,
        9
      ],
      [
        2,
        7,
        8
      ],
      [
        8
      ],
      [],
      [
        0,
        1,
        2,
        3,
        6,
        7,
        8
      ]
    ],
    "left": [
      [
        2,
        6,
        9
      ],
      [
        0,
        2,
        3,
        4,
        5,
        6,
        7,
        8,
        9
      ],
      [
        6,
        9
      ],
      [
        0,
        2,
        6,
        7,
        9
      ],
      [
        0,
        2,
        3,
        5,
        6,
        7,
        9
      ],
      [
        0,
        2,
        3,
        6,
        7,
        9
      ],
      [],
      [
        0,
        2,
        6,
        9
      ],
      [
        0,
        2,
        3,
        4,
        5,
        6,
        7,
        9
      ],
      [
        6
      ]
    ],
    "behind": [
      [
        4,
        5,
        9
      ],
      [
        0,
        4,
        5,
        9
      ],
      [
        0,
        1,
        3,
        4,
        5,
        6,
        9
      ],
      [
        0,
        1,
        4,
        5,
        9
      ],
      [
        5
      ],
      [],
      [
        0,
        1,
        3,
        4,
        5,
        9
      ],
      [
        0,
        1,
        2,
        3,
        4,
        5,
        6,
        9
      ],
      [
        0,
        1,
        2,
        3,
        4,
        5,
        6,
        7,
        9
      ],
      [
        4,
        5
      ]
    ],
    "right": [
      [
        1,
        3,
        4,
        5,
        7,
        8
      ],
      [],
      [
        0,
        1,
        3,
        4,
        5,
        7,
        8
      ],
      [
        1,
        4,
        5,
        8
      ],
      [
        1,
        8
      ],
      [
        1,
        4,
        8
      ],
      [
        0,
        1,
        2,
        3,
        4,
        5,
        7,
        8,
        9
      ],
      [
        1,
        3,
        4,
        5,
        8
      ],
      [
        1
      ],
      [
        0,
        1,
        2,
        3,
        4,
        5,
        7,
        8
      ]
    ]
  },
  "split": "new",
  "objects": [
    {
      "3d_coords": [
        -1.7952922582626343,
        -0.33166974782943726,
        0.30000001192092896
      ],
      "rotation": 336.12754728511277,
      "color": "cyan",
      "shape": "sphere",
      "pixel_coords": [
        234,
        193,
        11.869237899780273
      ],
      "material": "rubber",
      "size": "large"
    },
    {
      "3d_coords": [
        1.364434003829956,
        2.223505735397339,
        0.30000001192092896
      ],
      "rotation": 267.5892988968072,
      "color": "purple",
      "shape": "cube",
      "pixel_coords": [
        478,
        209,
        11.33757209777832
      ],
      "material": "rubber",
      "size": "small"
    },
    {
      "3d_coords": [
        -0.9056710004806519,
        -1.7044695615768433,
        0.30000001192092896
      ],
      "rotation": 84.3369765480769,
      "color": "cyan",
      "shape": "sphere",
      "pixel_coords": [
        195,
        238,
        10.483946800231934
      ],
      "material": "rubber",
      "size": "small"
    },
    {
      "3d_coords": [
        -0.742260217666626,
        -0.6154076457023621,
        0.30000001192092896
      ],
      "rotation": 227.68084370938348,
      "color": "brown",
      "shape": "cylinder",
      "pixel_coords": [
        259,
        219,
        11.021578788757324
      ],
      "material": "rubber",
      "size": "small"
    },
    {
      "3d_coords": [
        -1.151277780532837,
        2.4436914920806885,
        0.30000001192092896
      ],
      "rotation": 182.4641233263071,
      "color": "cyan",
      "shape": "cube",
      "pixel_coords": [
        375,
        161,
        13.092357635498047
      ],
      "material": "rubber",
      "size": "large"
    },
    {
      "3d_coords": [
        -1.9632782936096191,
        2.084286689758301,
        0.30000001192092896
      ],
      "rotation": 30.214691377592192,
      "color": "green",
      "shape": "sphere",
      "pixel_coords": [
        331,
        154,
        13.404525756835938
      ],
      "material": "rubber",
      "size": "large"
    },
    {
      "3d_coords": [
        -2.043619394302368,
        -2.6341452598571777,
        0.30000001192092896
      ],
      "rotation": 358.8799278109936,
      "color": "blue",
      "shape": "cylinder",
      "pixel_coords": [
        102,
        231,
        10.669839859008789
      ],
      "material": "rubber",
      "size": "small"
    },
    {
      "3d_coords": [
        -0.1560947746038437,
        -1.4050085544586182,
        0.30000001192092896
      ],
      "rotation": 339.2718725520155,
      "color": "green",
      "shape": "cube",
      "pixel_coords": [
        241,
        250,
        10.176692962646484
      ],
      "material": "rubber",
      "size": "small"
    },
    {
      "3d_coords": [
        2.723891019821167,
        -0.4671081304550171,
        0.30000001192092896
      ],
      "rotation": 97.95333684352761,
      "color": "brown",
      "shape": "sphere",
      "pixel_coords": [
        438,
        308,
        8.87057876586914
      ],
      "material": "rubber",
      "size": "small"
    },
    {
      "3d_coords": [
        -2.8555402755737305,
        -1.0887974500656128,
        0.30000001192092896
      ],
      "rotation": 59.67494028963357,
      "color": "red",
      "shape": "cube",
      "pixel_coords": [
        162,
        186,
        12.106850624084473
      ],
      "material": "rubber",
      "size": "large"
    }
  ]
}