{
  "directions": {
    "below": [
      -0.0,
      -0.0,
      -1.0
    ],
    "above": [
      0.0,
      0.0,
      1.0
    ],
    "behind": [
      -0.754490315914154,
      0.6563112735748291,
      0.0
    ],
    "left": [
      -0.6563112735748291,
      -0.7544902563095093,
      0.0
    ],
    "right": [
      0.6563112735748291,
      0.7544902563095093,
      -0.0
    ],
    "front": [
      0.754490315914154,
      -0.6563112735748291,
      -0.0
    ]
  },
  "relationships": {
    "left": [
      [
        2,
        3,
        8,
        9,
        10,
        11,
        12
      ],
      [
        0,
        2,
        3,
        4,
        5,
        6,
        7,
        8,
        9,
        10,
        11,
        12,
        13,
        14,
        15
      ],
      [],
      [
        2,
        8,
        11,
        12
      ],
      [
        0,
        2,
        3,
        7,
        8,
        9,
        10,
        11,
        12,
        13
      ],
      [
        0,
        2,
        3,
        4,
        7,
        8,
        9,
        10,
        11,
        12,
        13,
        15
      ],
      [
        0,
        2,
        3,
        4,
        5,
        7,
        8,
        9,
        10,
        11,
        12,
        13,
        14,
        15
      ],
      [
        0,
        2,
        3,
        8,
        9,
        10,
        11,
        12
      ],
      [
        2,
        11
      ],
      [
        2,
        3,
        8,
        10,
        11,
        12
      ],
      [
        2,
        3,
        8,
        11,
        12
      ],
      [
        2
      ],
      [
        2,
        8,
        11
      ],
      [
        0,
        2,
        3,
        7,
        8,
        9,
        10,
        11,
        12
      ],
      [
        0,
        2,
        3,
        4,
        5,
        7,
        8,
        9,
        10,
        11,
        12,
        13,
        15
      ],
      [
        0,
        2,
        3,
        4,
        7,
        8,
        9,
        10,
        11,
        12,
        13
      ]
    ],
    "right": [
      [
        1,
        4,
        5,
        6,
        7,
        13,
        14,
        15
      ],
      [],
      [
        0,
        1,
        3,
        4,
        5,
        6,
        7,
        8,
        9,
        10,
        11,
        12,
        13,
        14,
        15
      ],
      [
        0,
        1,
        4,
        5,
        6,
        7,
        9,
        10,
        13,
        14,
        15
      ],
      [
        1,
        5,
        6,
        14,
        15
      ],
      [
        1,
        6,
        14
      ],
      [
        1
      ],
      [
        1,
        4,
        5,
        6,
        13,
        14,
        15
      ],
      [
        0,
        1,
        3,
        4,
        5,
        6,
        7,
        9,
        10,
        12,
        13,
        14,
        15
      ],
      [
        0,
        1,
        4,
        5,
        6,
        7,
        13,
        14,
        15
      ],
      [
        0,
        1,
        4,
        5,
        6,
        7,
        9,
        13,
        14,
        15
      ],
      [
        0,
        1,
        3,
        4,
        5,
        6,
        7,
        8,
        9,
        10,
        12,
        13,
        14,
        15
      ],
      [
        0,
        1,
        3,
        4,
        5,
        6,
        7,
        9,
        10,
        13,
        14,
        15
      ],
      [
        1,
        4,
        5,
        6,
        14,
        15
      ],
      [
        1,
        6
      ],
      [
        1,
        5,
        6,
        14
      ]
    ],
    "front": [
      [
        1,
        2,
        3,
        4,
        6,
        8,
        9,
        13,
        14
      ],
      [
        2,
        3,
        4,
        6,
        8,
        9,
        13,
        14
      ],
      [
        3,
        4,
        6,
        8,
        9,
        13,
        14
      ],
      [
        9
      ],
      [
        3,
        6,
        8,
        9,
        13
      ],
      [
        0,
        1,
        2,
        3,
        4,
        6,
        8,
        9,
        12,
        13,
        14
      ],
      [
        3,
        8,
        9,
        13
      ],
      [
        0,
        1,
        2,
        3,
        4,
        5,
        6,
        8,
        9,
        10,
        11,
        12,
        13,
        14,
        15
      ],
      [
        3,
        9,
        13
      ],
      [],
      [
        0,
        1,
        2,
        3,
        4,
        5,
        6,
        8,
        9,
        11,
        12,
        13,
        14,
        15
      ],
      [
        0,
        1,
        2,
        3,
        4,
        5,
        6,
        8,
        9,
        12,
        13,
        14
      ],
      [
        0,
        1,
        2,
        3,
        4,
        6,
        8,
        9,
        13,
        14
      ],
      [
        3,
        9
      ],
      [
        3,
        4,
        6,
        8,
        9,
        13
      ],
      [
        0,
        1,
        2,
        3,
        4,
        5,
        6,
        8,
        9,
        11,
        12,
        13,
        14
      ]
    ],
    "behind": [
      [
        5,
        7,
        10,
        11,
        12,
        15
      ],
      [
        0,
        5,
        7,
        10,
        11,
        12,
        15
      ],
      [
        0,
        1,
        5,
        7,
        10,
        11,
        12,
        15
      ],
      [
        0,
        1,
        2,
        4,
        5,
        6,
        7,
        8,
        10,
        11,
        12,
        13,
        14,
        15
      ],
      [
        0,
        1,
        2,
        5,
        7,
        10,
        11,
        12,
        14,
        15
      ],
      [
        7,
        10,
        11,
        15
      ],
      [
        0,
        1,
        2,
        4,
        5,
        7,
        10,
        11,
        12,
        14,
        15
      ],
      [],
      [
        0,
        1,
        2,
        4,
        5,
        6,
        7,
        10,
        11,
        12,
        14,
        15
      ],
      [
        0,
        1,
        2,
        3,
        4,
        5,
        6,
        7,
        8,
        10,
        11,
        12,
        13,
        14,
        15
      ],
      [
        7
      ],
      [
        7,
        10,
        15
      ],
      [
        5,
        7,
        10,
        11,
        15
      ],
      [
        0,
        1,
        2,
        4,
        5,
        6,
        7,
        8,
        10,
        11,
        12,
        14,
        15
      ],
      [
        0,
        1,
        2,
        5,
        7,
        10,
        11,
        12,
        15
      ],
      [
        7,
        10
      ]
    ]
  },
  "objects": [
    {
      "3d_coords": [
        -0.13741633296012878,
        0.5867765545845032,
        0.30000001192092896
      ],
      "rotation": 78.23660896391745,
      "size": "small",
      "pixel_coords": [
        342,
        210,
        11.601227760314941
      ],
      "color": "yellow",
      "shape": "cube",
      "material": "rubber"
    },
    {
      "3d_coords": [
        2.1605865955352783,
        2.8674774169921875,
        0.30000001192092896
      ],
      "rotation": 170.8891821972548,
      "size": "small",
      "pixel_coords": [
        542,
        220,
        11.290736198425293
      ],
      "color": "green",
      "shape": "cube",
      "material": "rubber"
    },
    {
      "3d_coords": [
        -1.850829839706421,
        -2.4048516750335693,
        0.30000001192092896
      ],
      "rotation": 112.09527644284788,
      "size": "large",