{
  "directions": {
    "below": [
      -0.0,
      -0.0,
      -1.0
    ],
    "above": [
      0.0,
      0.0,
      1.0
    ],
    "behind": [
      -0.754490315914154,
      0.6563112735748291,
      0.0
    ],
    "left": [
      -0.6563112735748291,
      -0.7544902563095093,
      0.0
    ],
    "right": [
      0.6563112735748291,
      0.7544902563095093,
      -0.0
    ],
    "front": [
      0.754490315914154,
      -0.6563112735748291,
      -0.0
    ]
  },
  "relationships": {
    "left": [
      [
        2,
        5,
        7,
        8,
        11,
        12,
        13,
        14,
        15
      ],
      [
        0,
        2,
        5,
        7,
        8,
        11,
        12,
        13,
        14,
        15
      ],
      [
        5,
        7,
        8,
        11,
        12,
        13,
        14,
        15
      ],
      [
        0,
        1,
        2,
        5,
        7,
        8,
        9,
        11,
        12,
        13,
        14,
        15
      ],
      [
        0,
        1,
        2,
        3,
        5,
        7,
        8,
        9,
        11,
        12,
        13,
        14,
        15
      ],
      [
        7,
        11,
        13,
        14
      ],
      [
        0,
        1,
        2,
        3,
        4,
        5,
        7,
        8,
        9,
        10,
        11,
        12,
        13,
        14,
        15
      ],
      [
        13,
        14
      ],
      [
        5,
        7,
        11,
        13,
        14
      ],
      [
        0,
        1,
        2,
        5,
        7,
        8,
        11,
        12,
        13,
        14,
        15
      ],
      [
        0,
        1,
        2,
        3,
        4,
        5,
        7,
        8,
        9,
        11,
        12,
        13,
        14,
        15
      ],
      [
        7,
        13,
        14
      ],
      [
        5,
        7,
        8,
        11,
        13,
        14
      ],
      [
        14
      ],
      [],
      [
        5,
        7,
        8,
        11,
        12,
        13,
        14
      ]
    ],
    "right": [
      [
        1,
        3,
        4,
        6,
        9,
        10
      ],
      [
        3,
        4,
        6,
        9,
        10
      ],
      [
        0,
        1,
        3,
        4,
        6,
        9,
        10
      ],
      [
        4,
        6,
        10
      ],
      [
        6,
        10
      ],
      [
        0,
        1,
        2,
        3,
        4,
        6,
        8,
        9,
        10,
        12,
        15
      ],
      [],
      [
        0,
        1,
        2,
        3,
        4,
        5,
        6,
        8,
        9,
        10,
        11,
        12,
        15
      ],
      [
        0,
        1,
        2,
        3,
        4,
        6,
        9,
        10,
        12,
        15
      ],
      [
        3,
        4,
        6,
        10
      ],
      [
        6
      ],
      [
        0,
        1,
        2,
        3,
        4,
        5,
        6,
        8,
        9,
        10,
        12,
        15
      ],
      [
        0,
        1,
        2,
        3,
        4,
        6,
        9,
        10,
        15
      ],
      [
        0,
        1,
        2,
        3,
        4,
        5,
        6,
        7,
        8,
        9,
        10,
        11,
        12,
        15
      ],
      [
        0,
        1,
        2,
        3,
        4,
        5,
        6,
        7,
        8,
        9,
        10,
        11,
        12,
        13,
        15
      ],
      [
        0,
        1,
        2,
        3,
        4,
        6,
        9,
        10
      ]
    ],
    "front": [
      [
        4
      ],
      [
        0,
        2,
        3,
        4,
        5,
        6,
        7,
        8,
        9,
        10,
        11,
        12,
        13,
        14,
        15
      ],
      [
        0,
        3,
        4,
        5,
        6,
        7,
        9,
        10,
        11,
        12,
        13,
        14,
        15
      ],
      [
        0,
        4,
        5,
        10,
        13
      ],
      [],
      [
        0,
        4,
        10,
        13
      ],
      [
        0,
        3,
        4,
        5,
        10,
        13,
        14
      ],
      [
        0,
        3,
        4,
        5,
        6,
        10,
        13,
        14,
        15
      ],
      [
        0,
        2,
        3,
        4,
        5,
        6,
        7,
        9,
        10,
        11,
        12,
        13,
        14,
        15
      ],
      [
        0,
        3,
        4,
        5,
        6,
        7,
        10,
        11,
        12,
        13,
        14,
        15
      ],
      [
        0,
        4
      ],
      [
        0,
        3,
        4,
        5,
        6,
        7,
        10,
        12,
        13,
        14,
        15
      ],
      [
        0,
        3,
        4,
        5,
        6,
        7,
        10,
        13,
        14,
        15
      ],
      [
        0,
        4,
        10
      ],
      [
        0,
        3,
        4,
        5,
        10,
        13
      ],
      [
        0,
        3,
        4,
        5,
        6,
        10,
        13,
        14
      ]
    ],
    "behind": [
      [
        1,
        2,
        3,
        5,
        6,
        7,
        8,
        9,
        10,
        11,
        12,
        13,
        14,
        15
      ],
      [],
      [
        1,
        8
      ],
      [
        1,
        2,
        6,
        7,
        8,
        9,
        11,
        12,
        14,
        15
      ],
      [
        0,
        1,
        2,
        3,
        5,
        6,
        7,
        8,
        9,
        10,
        11,
        12,
        13,
        14,
        15
      ],
      [
        1,
        2,
        3,
        6,
        7,
        8,
        9,
        11,
        12,
        14,
        15
      ],
      [
        1,
        2,
        7,
        8,
        9,
        11,
        12,
        15
      ],
      [
        1,
        2,
        8,
        9,
        11,
        12
      ],
      [
        1
      ],
      [
        1,
        2,
        8
      ],
      [
        1,
        2,
        3,
        5,
        6,
        7,
        8,
        9,
        11,
        12,
        13,
        14,
        15
      ],
      [
        1,
        2,
        8,
        9
      ],
      [
        1,
        2,
        8,
        9,
        11
      ],
      [
        1,
        2,
        3,
        5,
        6,
        7,
        8,
        9,
        11,
        12,
        14,
        15
      ],
      [
        1,
        2,
        6,
        7,
        8,
        9,
        11,
        12,
        15
      ],
      [
        1,
        2,
        7,
        8,
        9,
        11,
        12
      ]
    ]
  },
  "objects": [
    {
      "3d_coords": [
        1.4555201530456543,
        -1.1949036121368408,
        0.30000001192092896
      ],
      "rotation": 343.441581157896,
      "size": "large",
      "pixel_coords": [
        322,
        293,
        9.334750175476074
      ],
      "color": "purple",
      "shape": "cube",
      "material": "rubber"
    },
    {
      "3d_coords": [
        -2.804340362548828,
        2.9742462635040283,
        0.30000001192092896
      ],
      "rotation": 153.0568340383731,
      "size": "large",
      "pixel_coords": [
        342,
        127,
        14.446151733398438
      ],
      "color": "brown",
      "shape": "cube",
      "material": "rubber"
    },
    {
      "3d_coords": [
        -2.2409427165985107,
        1.3350428342819214,
        0.30000001192092896
      ],
      "rotation": 33.28904583297815,
      "size": "small",