{
  "directions": {
    "below": [
      -0.0,
      -0.0,
      -1.0
    ],
    "above": [
      0.0,
      0.0,
      1.0
    ],
    "behind": [
      -0.754490315914154,
      0.6563112735748291,
      0.0
    ],
    "left": [
      -0.6563112735748291,
      -0.7544902563095093,
      0.0
    ],
    "right": [
      0.6563112735748291,
      0.7544902563095093,
      -0.0
    ],
    "front": [
      0.754490315914154,
      -0.6563112735748291,
      -0.0
    ]
  },
  "relationships": {
    "left": [
      [
        1,
        2,
        5,
        6,
        7,
        9,
        10,
        12,
        13,
        14,
        15
      ],
      [
        10,
        12,
        13,
        14,
        15
      ],
      [
        1,
        5,
        6,
        7,
        9,
        10,
        12,
        13,
        14,
        15
      ],
      [
        0,
        1,
        2,
        4,
        5,
        6,
        7,
        8,
        9,
        10,
        11,
        12,
        13,
        14,
        15
      ],
      [
        0,
        1,
        2,
        5,
        6,
        7,
        8,
        9,
        10,
        11,
        12,
        13,
        14,
        15
      ],
      [
        1,
        6,
        7,
        9,
        10,
        12,
        13,
        14,
        15
      ],
      [
        1,
        7,
        10,
        12,
        13,
        14,
        15
      ],
      [
        1,
        10,
        12,
        13,
        14,
        15
      ],
      [
        0,
        1,
        2,
        5,
        6,
        7,
        9,
        10,
        12,
        13,
        14,
        15
      ],
      [
        1,
        6,
        7,
        10,
        12,
        13,
        14,
        15
      ],
      [
        15
      ],
      [
        0,
        1,
        2,
        5,
        6,
        7,
        8,
        9,
        10,
        12,
        13,
        14,
        15
      ],
      [
        10,
        13,
        14,
        15
      ],
      [
        10,
        15
      ],
      [
        10,
        13,
        15
      ],
      []
    ],
    "right": [
      [
        3,
        4,
        8,
        11
      ],
      [
        0,
        2,
        3,
        4,
        5,
        6,
        7,
        8,
        9,
        11
      ],
      [
        0,
        3,
        4,
        8,
        11
      ],
      [],
      [
        3
      ],
      [
        0,
        2,
        3,
        4,
        8,
        11
      ],
      [
        0,
        2,
        3,
        4,
        5,
        8,
        9,
        11
      ],
      [
        0,
        2,
        3,
        4,
        5,
        6,
        8,
        9,
        11
      ],
      [
        3,
        4,
        11
      ],
      [
        0,
        2,
        3,
        4,
        5,
        8,
        11
      ],
      [
        0,
        1,
        2,
        3,
        4,
        5,
        6,
        7,
        8,
        9,
        11,
        12,
        13,
        14
      ],
      [
        3,
        4
      ],
      [
        0,
        1,
        2,
        3,
        4,
        5,
        6,
        7,
        8,
        9,
        11
      ],
      [
        0,
        1,
        2,
        3,
        4,
        5,
        6,
        7,
        8,
        9,
        11,
        12,
        14
      ],
      [
        0,
        1,
        2,
        3,
        4,
        5,
        6,
        7,
        8,
        9,
        11,
        12
      ],
      [
        0,
        1,
        2,
        3,
        4,
        5,
        6,
        7,
        8,
        9,
        10,
        11,
        12,
        13,
        14
      ]
    ],
    "front": [
      [
        2,
        3,
        5,
        6,
        7,
        10
      ],
      [
        0,
        2,
        3,
        4,
        5,
        6,
        7,
        8,
        9,
        10,
        12,
        13,
        14,
        15
      ],
      [],
      [
        2,
        6
      ],
      [
        0,
        2,
        3,
        5,
        6,
        7,
        10,
        14,
        15
      ],
      [
        2,
        3,
        6,
        7
      ],
      [
        2
      ],
      [
        2,
        3,
        6
      ],
      [
        0,
        2,
        3,
        4,
        5,
        6,
        7,
        10,
        13,
        14,
        15
      ],
      [
        0,
        2,
        3,
        4,
        5,
        6,
        7,
        8,
        10,
        12,
        13,
        14,
        15
      ],
      [
        2,
        3,
        5,
        6,
        7
      ],
      [
        0,
        1,
        2,
        3,
        4,
        5,
        6,
        7,
        8,
        9,
        10,
        12,
        13,
        14,
        15
      ],
      [
        0,
        2,
        3,
        4,
        5,
        6,
        7,
        8,
        10,
        13,
        14,
        15
      ],
      [
        0,
        2,
        3,
        4,
        5,
        6,
        7,
        10,
        14,
        15
      ],
      [
        0,
        2,
        3,
        5,
        6,
        7,
        10
      ],
      [
        0,
        2,
        3,
        5,
        6,
        7,
        10,
        14
      ]
    ],
    "behind": [
      [
        1,
        4,
        8,
        9,
        11,
        12,
        13,
        14,
        15
      ],
      [
        11
      ],
      [
        0,
        1,
        3,
        4,
        5,
        6,
        7,
        8,
        9,
        10,
        11,
        12,
        13,
        14,
        15
      ],
      [
        0,
        1,
        4,
        5,
        7,
        8,
        9,
        10,
        11,
        12,
        13,
        14,
        15
      ],
      [
        1,
        8,
        9,
        11,
        12,
        13
      ],
      [
        0,
        1,
        4,
        8,
        9,
        10,
        11,
        12,
        13,
        14,
        15
      ],
      [
        0,
        1,
        3,
        4,
        5,
        7,
        8,
        9,
        10,
        11,
        12,
        13,
        14,
        15
      ],
      [
        0,
        1,
        4,
        5,
        8,
        9,
        10,
        11,
        12,
        13,
        14,
        15
      ],
      [
        1,
        9,
        11,
        12
      ],
      [
        1,
        11
      ],
      [
        0,
        1,
        4,
        8,
        9,
        11,
        12,
        13,
        14,
        15
      ],
      [],
      [
        1,
        9,
        11
      ],
      [
        1,
        8,
        9,
        11,
        12
      ],
      [
        1,
        4,
        8,
        9,
        11,
        12,
        13,
        15
      ],
      [
        1,
        4,
        8,
        9,
        11,
        12,
        13
      ]
    ]
  },
  "objects": [
    {
      "3d_coords": [
        0.7145423293113708,
        0.24946147203445435,
        0.30000001192092896
      ],
      "rotation": 92.85218269652836,
      "size": "small",
      "pixel_coords": [
        361,
        236,
        10.836681365966797
      ],
      "color": "cyan",
      "shape": "cylinder",
      "material": "rubber"
    },
    {
      "3d_coords": [
        -2.8230464458465576,
        -0.043296005576848984,
        0.30000001192092896
      ],
      "rotation": 90.4486808315109,
      "size": "large",
      "pixel_coords": [
        226,
        169,
        13.13691520690918
      ],
      "color": "cyan",
      "shape": "cylinder",
      "material": "rubber"
    },
    {
      "3d_coords": [
        2.9386751651763916,
        -2.2725830078125,
        0.30000001192092896
      ],
      "rotation": 100.0897526799195,
      "size": "small",