{
  "relationships": {
    "right": [
      [
        1,
        5,
        6,
        7
      ],
      [
        7
      ],
      [
        0,
        1,
        5,
        6,
        7
      ],
      [
        0,
        1,
        2,
        5,
        6,
        7
      ],
      [
        0,
        1,
        2,
        3,
        5,
        6,
        7
      ],
      [
        1,
        6,
        7
      ],
      [
        1,
        7
      ],
      []
    ],
    "left": [
      [
        2,
        3,
        4
      ],
      [
        0,
        2,
        3,
        4,
        5,
        6
      ],
      [
        3,
        4
      ],
      [
        4
      ],
      [],
      [
        0,
        2,
        3,
        4
      ],
      [
        0,
        2,
        3,
        4,
        5
      ],
      [
        0,
        1,
        2,
        3,
        4,
        5,
        6
      ]
    ],
    "behind": [
      [
        1,
        3,
        5,
        7
      ],
      [
        3
      ],
      [
        0,
        1,
        3,
        4,
        5,
        6,
        7
      ],
      [],
      [
        0,
        1,
        3,
        5,
        6,
        7
      ],
      [
        1,
        3
      ],
      [
        0,
        1,
        3,
        5,
        7
      ],
      [
        1,
        3,
        5
      ]
    ],
    "front": [
      [
        2,
        4,
        6
      ],
      [
        0,
        2,
        4,
        5,
        6,
        7
      ],
      [],
      [
        0,
        1,
        2,
        4,
        5,
        6,
        7
      ],
      [
        2
      ],
      [
        0,
        2,
        4,
        6,
        7
      ],
      [
        2,
        4
      ],
      [
        0,
        2,
        4,
        6
      ]
    ]
  },
  "image_index": 833,
  "directions": {
    "below": [
      -0.0,
      -0.0,
      -1.0
    ],
    "left": [
      -0.6563112735748291,
      -0.7544902563095093,
      0.0
    ],
    "above": [
      0.0,
      0.0,
      1.0
    ],
    "front": [
      0.754490315914154,
      -0.6563112735748291,
      -0.0
    ],
    "behind": [
      -0.754490315914154,
      0.6563112735748291,
      0.0
    ],
    "right": [
      0.6563112735748291,
      0.7544902563095093,
      -0.0
    ]
  },
  "objects": [
    {
      "shape": "cube",
      "pixel_coords": [
        305,
        222,
        11.140719413757324
      ],
      "color": "green",
      "rotation": 327.58866156331476,
      "size": "small",
      "material": "rubber",
      "3d_coords": [
        -0.17865635454654694,
        -0.16676460206508636,
        0.30000001192092896
      ]
    },
    {
      "shape": "cylinder",
      "pixel_coords": [
        432,
        180,
        12.741288185119629
      ],
      "color": "gray",
      "rotation": 23.440497809676124,
      "size": "small",
      "material": "rubber",
      "3d_coords": [
        -0.07657958567142487,
        2.7322285175323486,
        0.30000001192092896
      ]
    },
    {
      "shape": "sphere",
      "pixel_coords": [
        271,
        352,
        8.022616386413574
      ],
      "color": "green",
      "rotation": 269.6178305638154,
      "size": "small",
      "material": "rubber",
      "3d_coords": [
        2.2820136547088623,
        -2.663102388381958,
        0.30000001192092896
      ]
    },
    {
      "shape": "cylinder",
      "pixel_coords": [
        282,
        160,
        13.690403938293457
      ],
      "color": "green",
      "rotation": 128.34479519356043,
      "size": "large",
      "material": "rubber",
      "3d_coords": [
        -2.6850359439849854,
        1.2888284921646118,
        0.30000001192092896
      ]
    },
    {
      "shape": "sphere",
      "pixel_coords": [
        238,
        262,
        9.958739280700684
      ],
      "color": "red",
      "rotation": 153.6530999364355,
      "size": "large",
      "material": "rubber",
      "3d_coords": [
        0.23655858635902405,
        -1.7262964248657227,
        0.30000001192092896
      ]
    },
    {
      "shape": "cylinder",
      "pixel_coords": [
        325,
        190,
        12.321471214294434
      ],
      "color": "red",
      "rotation": 72.69742573775316,
      "size": "small",
      "material": "rubber",
      "3d_coords": [
        -0.9780434370040894,
        0.9354305267333984,
        0.30000001192092896
      ]
    },
    {
      "shape": "sphere",
      "pixel_coords": [
        352,
        250,
        10.285130500793457
      ],
      "color": "purple",
      "rotation": 283.5296560797888,
      "size": "small",
      "material": "rubber",
      "3d_coords": [
        1.0163257122039795,
        -0.2358505129814148,
        0.30000001192092896
      ]
    },
    {
      "shape": "sphere",
      "pixel_coords": [
        471,
        213,
        11.476082801818848
      ],
      "color": "purple",
      "rotation": 186.88781623492204,
      "size": "large",
      "material": "rubber",
      "3d_coords": [
        1.289478063583374,
        2.1548941135406494,
        0.30000001192092896
      ]
    }
  ],
  "image_filename": "CLEVR_new_000833.png",
  "split": "new"
}