{
  "directions": {
    "below": [
      -0.0,
      -0.0,
      -1.0
    ],
    "above": [
      0.0,
      0.0,
      1.0
    ],
    "behind": [
      -0.754490315914154,
      0.6563112735748291,
      0.0
    ],
    "left": [
      -0.6563112735748291,
      -0.7544902563095093,
      0.0
    ],
    "right": [
      0.6563112735748291,
      0.7544902563095093,
      -0.0
    ],
    "front": [
      0.754490315914154,
      -0.6563112735748291,
      -0.0
    ]
  },
  "relationships": {
    "left": [
      [
        5,
        9,
        14,
        15
      ],
      [
        0,
        3,
        4,
        5,
        6,
        7,
        8,
        9,
        12,
        14,
        15
      ],
      [
        0,
        1,
        3,
        4,
        5,
        6,
        7,
        8,
        9,
        10,
        11,
        12,
        14,
        15
      ],
      [
        0,
        5,
        9,
        14,
        15
      ],
      [
        0,
        3,
        5,
        6,
        7,
        8,
        9,
        12,
        14,
        15
      ],
      [
        9,
        14
      ],
      [
        0,
        3,
        5,
        8,
        9,
        14,
        15
      ],
      [
        0,
        3,
        5,
        6,
        8,
        9,
        14,
        15
      ],
      [
        0,
        3,
        5,
        9,
        14,
        15
      ],
      [
        14
      ],
      [
        0,
        1,
        3,
        4,
        5,
        6,
        7,
        8,
        9,
        12,
        14,
        15
      ],
      [
        0,
        1,
        3,
        4,
        5,
        6,
        7,
        8,
        9,
        10,
        12,
        14,
        15
      ],
      [
        0,
        3,
        5,
        6,
        7,
        8,
        9,
        14,
        15
      ],
      [
        0,
        1,
        2,
        3,
        4,
        5,
        6,
        7,
        8,
        9,
        10,
        11,
        12,
        14,
        15
      ],
      [],
      [
        5,
        9,
        14
      ]
    ],
    "right": [
      [
        1,
        2,
        3,
        4,
        6,
        7,
        8,
        10,
        11,
        12,
        13
      ],
      [
        2,
        10,
        11,
        13
      ],
      [
        13
      ],
      [
        1,
        2,
        4,
        6,
        7,
        8,
        10,
        11,
        12,
        13
      ],
      [
        1,
        2,
        10,
        11,
        13
      ],
      [
        0,
        1,
        2,
        3,
        4,
        6,
        7,
        8,
        10,
        11,
        12,
        13,
        15
      ],
      [
        1,
        2,
        4,
        7,
        10,
        11,
        12,
        13
      ],
      [
        1,
        2,
        4,
        10,
        11,
        12,
        13
      ],
      [
        1,
        2,
        4,
        6,
        7,
        10,
        11,
        12,
        13
      ],
      [
        0,
        1,
        2,
        3,
        4,
        5,
        6,
        7,
        8,
        10,
        11,
        12,
        13,
        15
      ],
      [
        2,
        11,
        13
      ],
      [
        2,
        13
      ],
      [
        1,
        2,
        4,
        10,
        11,
        13
      ],
      [],
      [
        0,
        1,
        2,
        3,
        4,
        5,
        6,
        7,
        8,
        9,
        10,
        11,
        12,
        13,
        15
      ],
      [
        0,
        1,
        2,
        3,
        4,
        6,
        7,
        8,
        10,
        11,
        12,
        13
      ]
    ],
    "front": [
      [
        5,
        6,
        7,
        8,
        10,
        11,
        12,
        13,
        15
      ],
      [
        0,
        2,
        5,
        6,
        7,
        8,
        9,
        10,
        11,
        12,
        13,
        14,
        15
      ],
      [
        0,
        5,
        6,
        7,
        8,
        10,
        11,
        12,
        13,
        14,
        15
      ],
      [
        0,
        1,
        2,
        5,
        6,
        7,
        8,
        9,
        10,
        11,
        12,
        13,
        14,
        15
      ],
      [
        0,
        1,
        2,
        3,
        5,
        6,
        7,
        8,
        9,
        10,
        11,
        12,
        13,
        14,
        15
      ],
      [
        6,
        8,
        10,
        11,
        12
      ],
      [
        8
      ],
      [
        5,
        6,
        8,
        10,
        11,
        12,
        13,
        15
      ],
      [],
      [
        0,
        2,
        5,
        6,
        7,
        8,
        10,
        11,
        12,
        13,
        14,
        15
      ],
      [
        6,
        8
      ],
      [
        6,
        8,
        10,
        12
      ],
      [
        6,
        8,
        10
      ],
      [
        5,
        6,
        8,
        10,
        11,
        12,
        15
      ],
      [
        0,
        5,
        6,
        7,
        8,
        10,
        11,
        12,
        13,
        15
      ],
      [
        5,
        6,
        8,
        10,
        11,
        12
      ]
    ],
    "behind": [
      [
        1,
        2,
        3,
        4,
        9,
        14
      ],
      [
        3,
        4
      ],
      [
        1,
        3,
        4,
        9
      ],
      [
        4
      ],
      [],
      [
        0,
        1,
        2,
        3,
        4,
        7,
        9,
        13,
        14,
        15
      ],
      [
        0,
        1,
        2,
        3,
        4,
        5,
        7,
        9,
        10,
        11,
        12,
        13,
        14,
        15
      ],
      [
        0,
        1,
        2,
        3,
        4,
        9,
        14
      ],
      [
        0,
        1,
        2,
        3,
        4,
        5,
        6,
        7,
        9,
        10,
        11,
        12,
        13,
        14,
        15
      ],
      [
        1,
        3,
        4
      ],
      [
        0,
        1,
        2,
        3,
        4,
        5,
        7,
        9,
        11,
        12,
        13,
        14,
        15
      ],
      [
        0,
        1,
        2,
        3,
        4,
        5,
        7,
        9,
        13,
        14,
        15
      ],
      [
        0,
        1,
        2,
        3,
        4,
        5,
        7,
        9,
        11,
        13,
        14,
        15
      ],
      [
        0,
        1,
        2,
        3,
        4,
        7,
        9,
        14
      ],
      [
        1,
        2,
        3,
        4,
        9
      ],
      [
        0,
        1,
        2,
        3,
        4,
        7,
        9,
        13,
        14
      ]
    ]
  },
  "objects": [
    {
      "3d_coords": [
        -1.066972255706787,
        -0.3793623745441437,
        0.30000001192092896
      ],
      "rotation": 36.92045619733585,
      "size": "large",
      "pixel_coords": [
        259,
        208,
        11.288373947143555
      ],
      "color": "yellow",
      "shape": "cylinder",
      "material": "rubber"
    },
    {
      "3d_coords": [
        -0.6735703945159912,
        2.0823862552642822,
        0.30000001192092896
      ],
      "rotation": 58.97502785247495,
      "size": "small",
      "pixel_coords": [
        384,
        177,
        12.455588340759277
      ],
      "color": "purple",
      "shape": "cube",
      "material": "rubber"
    },
    {
      "3d_coords": [
        0.9085450768470764,
        2.673705577850342,
        0.30000001192092896
      ],
      "rotation": 168.56688506202903,
      "size": "large",