{
  "directions": {
    "below": [
      -0.0,
      -0.0,
      -1.0
    ],
    "above": [
      0.0,
      0.0,
      1.0
    ],
    "behind": [
      -0.754490315914154,
      0.6563112735748291,
      0.0
    ],
    "left": [
      -0.6563112735748291,
      -0.7544902563095093,
      0.0
    ],
    "right": [
      0.6563112735748291,
      0.7544902563095093,
      -0.0
    ],
    "front": [
      0.754490315914154,
      -0.6563112735748291,
      -0.0
    ]
  },
  "relationships": {
    "left": [
      [
        11
      ],
      [
        0,
        2,
        3,
        5,
        6,
        10,
        11,
        13,
        14
      ],
      [
        0,
        3,
        10,
        11,
        13
      ],
      [
        0,
        11,
        13
      ],
      [
        0,
        1,
        2,
        3,
        5,
        6,
        7,
        8,
        9,
        10,
        11,
        12,
        13,
        14,
        15
      ],
      [
        0,
        2,
        3,
        6,
        10,
        11,
        13
      ],
      [
        0,
        2,
        3,
        10,
        11,
        13
      ],
      [
        0,
        1,
        2,
        3,
        5,
        6,
        10,
        11,
        13,
        14
      ],
      [
        0,
        1,
        2,
        3,
        5,
        6,
        7,
        10,
        11,
        12,
        13,
        14
      ],
      [
        0,
        1,
        2,
        3,
        5,
        6,
        7,
        8,
        10,
        11,
        12,
        13,
        14,
        15
      ],
      [
        0,
        3,
        11,
        13
      ],
      [],
      [
        0,
        1,
        2,
        3,
        5,
        6,
        7,
        10,
        11,
        13,
        14
      ],
      [
        0,
        11
      ],
      [
        0,
        2,
        3,
        5,
        6,
        10,
        11,
        13
      ],
      [
        0,
        1,
        2,
        3,
        5,
        6,
        7,
        8,
        10,
        11,
        12,
        13,
        14
      ]
    ],
    "right": [
      [
        1,
        2,
        3,
        4,
        5,
        6,
        7,
        8,
        9,
        10,
        12,
        13,
        14,
        15
      ],
      [
        4,
        7,
        8,
        9,
        12,
        15
      ],
      [
        1,
        4,
        5,
        6,
        7,
        8,
        9,
        12,
        14,
        15
      ],
      [
        1,
        2,
        4,
        5,
        6,
        7,
        8,
        9,
        10,
        12,
        14,
        15
      ],
      [],
      [
        1,
        4,
        7,
        8,
        9,
        12,
        14,
        15
      ],
      [
        1,
        4,
        5,
        7,
        8,
        9,
        12,
        14,
        15
      ],
      [
        4,
        8,
        9,
        12,
        15
      ],
      [
        4,
        9,
        15
      ],
      [
        4
      ],
      [
        1,
        2,
        4,
        5,
        6,
        7,
        8,
        9,
        12,
        14,
        15
      ],
      [
        0,
        1,
        2,
        3,
        4,
        5,
        6,
        7,
        8,
        9,
        10,
        12,
        13,
        14,
        15
      ],
      [
        4,
        8,
        9,
        15
      ],
      [
        1,
        2,
        3,
        4,
        5,
        6,
        7,
        8,
        9,
        10,
        12,
        14,
        15
      ],
      [
        1,
        4,
        7,
        8,
        9,
        12,
        15
      ],
      [
        4,
        9
      ]
    ],
    "front": [
      [
        2,
        3,
        4,
        5,
        6,
        7,
        11,
        15
      ],
      [
        0,
        2,
        3,
        4,
        5,
        6,
        7,
        9,
        10,
        11,
        15
      ],
      [
        5
      ],
      [
        2,
        4,
        5,
        6,
        7,
        15
      ],
      [
        2,
        5,
        15
      ],
      [],
      [
        2,
        4,
        5,
        15
      ],
      [
        2,
        4,
        5,
        6,
        15
      ],
      [
        0,
        1,
        2,
        3,
        4,
        5,
        6,
        7,
        9,
        10,
        11,
        15
      ],
      [
        0,
        2,
        3,
        4,
        5,
        6,
        7,
        11,
        15
      ],
      [
        0,
        2,
        3,
        4,
        5,
        6,
        7,
        9,
        11,
        15
      ],
      [
        2,
        3,
        4,
        5,
        6,
        7,
        15
      ],
      [
        0,
        1,
        2,
        3,
        4,
        5,
        6,
        7,
        8,
        9,
        10,
        11,
        13,
        14,
        15
      ],
      [
        0,
        1,
        2,
        3,
        4,
        5,
        6,
        7,
        8,
        9,
        10,
        11,
        15
      ],
      [
        0,
        1,
        2,
        3,
        4,
        5,
        6,
        7,
        8,
        9,
        10,
        11,
        13,
        15
      ],
      [
        2,
        5
      ]
    ],
    "behind": [
      [
        1,
        8,
        9,
        10,
        12,
        13,
        14
      ],
      [
        8,
        12,
        13,
        14
      ],
      [
        0,
        1,
        3,
        4,
        6,
        7,
        8,
        9,
        10,
        11,
        12,
        13,
        14,
        15
      ],
      [
        0,
        1,
        8,
        9,
        10,
        11,
        12,
        13,
        14
      ],
      [
        0,
        1,
        3,
        6,
        7,
        8,
        9,
        10,
        11,
        12,
        13,
        14
      ],
      [
        0,
        1,
        2,
        3,
        4,
        6,
        7,
        8,
        9,
        10,
        11,
        12,
        13,
        14,
        15
      ],
      [
        0,
        1,
        3,
        7,
        8,
        9,
        10,
        11,
        12,
        13,
        14
      ],
      [
        0,
        1,
        3,
        8,
        9,
        10,
        11,
        12,
        13,
        14
      ],
      [
        12,
        13,
        14
      ],
      [
        1,
        8,
        10,
        12,
        13,
        14
      ],
      [
        1,
        8,
        12,
        13,
        14
      ],
      [
        0,
        1,
        8,
        9,
        10,
        12,
        13,
        14
      ],
      [],
      [
        12,
        14
      ],
      [
        12
      ],
      [
        0,
        1,
        3,
        4,
        6,
        7,
        8,
        9,
        10,
        11,
        12,
        13,
        14
      ]
    ]
  },
  "objects": [
    {
      "3d_coords": [
        -1.5555295944213867,
        -1.6896202564239502,
        0.30000001192092896
      ],
      "rotation": 197.48248300780628,
      "size": "large",
      "pixel_coords": [
        181,
        222,
        11.5883150100708
      ],
      "color": "green",
      "shape": "sphere",
      "material": "rubber"
    },
    {
      "3d_coords": [
        -0.6957685947418213,
        0.9208741188049316,
        0.30000001192092896
      ],
      "rotation": 317.54121760515034,
      "size": "small",
      "pixel_coords": [
        333,
        197,
        12.541036605834961
      ],
      "color": "red",
      "shape": "cylinder",
      "material": "rubber"
    },
    {
      "3d_coords": [
        1.0769093036651611,
        -2.062199115753174,
        0.30000001192092896
      ],
      "rotation": 272.6472483327627,
      "size": "large",