{
  "directions": {
    "above": [
      0.0,
      0.0,
      1.0
    ],
    "left": [
      -0.6563112735748291,
      -0.7544902563095093,
      0.0
    ],
    "front": [
      0.754490315914154,
      -0.6563112735748291,
      -0.0
    ],
    "below": [
      -0.0,
      -0.0,
      -1.0
    ],
    "behind": [
      -0.754490315914154,
      0.6563112735748291,
      0.0
    ],
    "right": [
      0.6563112735748291,
      0.7544902563095093,
      -0.0
    ]
  },
  "image_filename": "CLEVR_new_001001.png",
  "image_index": 1001,
  "relationships": {
    "front": [
      [
        1,
        3,
        4,
        6,
        7,
        8,
        9
      ],
      [
        3,
        4,
        7,
        8,
        9
      ],
      [
        0,
        1,
        3,
        4,
        5,
        6,
        7,
        8,
        9
      ],
      [
        4,
        8,
        9
      ],
      [],
      [
        0,
        1,
        3,
        4,
        6,
        7,
        8,
        9
      ],
      [
        1,
        3,
        4,
        7,
        8,
        9
      ],
      [
        3,
        4,
        8,
        9
      ],
      [
        4
      ],
      [
        4,
        8
      ]
    ],
    "left": [
      [
        1,
        2,
        3,
        5,
        6,
        8
      ],
      [
        2,
        3,
        5,
        6,
        8
      ],
      [
        3,
        5,
        6,
        8
      ],
      [],
      [
        0,
        1,
        2,
        3,
        5,
        6,
        8
      ],
      [
        3,
        6
      ],
      [
        3
      ],
      [
        0,
        1,
        2,
        3,
        4,
        5,
        6,
        8,
        9
      ],
      [
        3,
        5,
        6
      ],
      [
        0,
        1,
        2,
        3,
        4,
        5,
        6,
        8
      ]
    ],
    "behind": [
      [
        2,
        5
      ],
      [
        0,
        2,
        5,
        6
      ],
      [],
      [
        0,
        1,
        2,
        5,
        6,
        7
      ],
      [
        0,
        1,
        2,
        3,
        5,
        6,
        7,
        8,
        9
      ],
      [
        2
      ],
      [
        0,
        2,
        5
      ],
      [
        0,
        1,
        2,
        5,
        6
      ],
      [
        0,
        1,
        2,
        3,
        5,
        6,
        7,
        9
      ],
      [
        0,
        1,
        2,
        3,
        5,
        6,
        7
      ]
    ],
    "right": [
      [
        4,
        7,
        9
      ],
      [
        0,
        4,
        7,
        9
      ],
      [
        0,
        1,
        4,
        7,
        9
      ],
      [
        0,
        1,
        2,
        4,
        5,
        6,
        7,
        8,
        9
      ],
      [
        7,
        9
      ],
      [
        0,
        1,
        2,
        4,
        7,
        8,
        9
      ],
      [
        0,
        1,
        2,
        4,
        5,
        7,
        8,
        9
      ],
      [],
      [
        0,
        1,
        2,
        4,
        7,
        9
      ],
      [
        7
      ]
    ]
  },
  "split": "new",
  "objects": [
    {
      "3d_coords": [
        -0.2582932710647583,
        2.0618114471435547,
        0.30000001192092896
      ],
      "rotation": 90.7173776153144,
      "color": "red",
      "shape": "cylinder",
      "pixel_coords": [
        397,
        180,
        12.244159698486328
      ],
      "material": "rubber",
      "size": "large"
    },
    {
      "3d_coords": [
        0.428070992231369,
        0.3347194194793701,
        0.30000001192092896
      ],
      "rotation": 333.21648908433724,
      "color": "red",
      "shape": "cylinder",
      "pixel_coords": [
        355,
        226,
        10.802225112915039
      ],
      "material": "rubber",
      "size": "large"
    },
    {
      "3d_coords": [
        -2.1958138942718506,
        2.1040589809417725,
        0.30000001192092896
      ],
      "rotation": 334.76094102968807,
      "color": "purple",
      "shape": "cylinder",
      "pixel_coords": [
        324,
        147,
        13.509181022644043
      ],
      "material": "rubber",
      "size": "small"
    },
    {
      "3d_coords": [
        -0.8262802362442017,
        -1.8827217817306519,
        0.30000001192092896
      ],
      "rotation": 342.29794530724774,
      "color": "yellow",
      "shape": "sphere",
      "pixel_coords": [
        188,
        245,
        10.318211555480957
      ],
      "material": "rubber",
      "size": "small"
    },
    {
      "3d_coords": [
        2.7886462211608887,
        -0.0020312569104135036,
        0.30000001192092896
      ],
      "rotation": 155.0117925712591,
      "color": "purple",
      "shape": "cylinder",
      "pixel_coords": [
        464,
        300,
        9.095398902893066
      ],
      "material": "rubber",
      "size": "large"
    },
    {
      "3d_coords": [
        -2.676088571548462,
        1.204437255859375,
        0.30000001192092896
      ],
      "rotation": 292.8316774637793,
      "color": "red",
      "shape": "cube",
      "pixel_coords": [
        272,
        152,
        13.2944917678833
      ],
      "material": "rubber",
      "size": "large"
    },
    {
      "3d_coords": [
        -1.6663448810577393,
        -0.7435075044631958,
        0.30000001192092896
      ],
      "rotation": 326.90541179839977,
      "color": "cyan",
      "shape": "cylinder",
      "pixel_coords": [
        218,
        202,
        11.517319679260254
      ],
      "material": "rubber",
      "size": "large"
    },
    {
      "3d_coords": [
        2.3732101917266846,
        2.144488573074341,
        0.30000001192092896
      ],
      "rotation": 334.2677343581454,
      "color": "purple",
      "shape": "cube",
      "pixel_coords": [
        530,
        233,
        10.607328414916992
      ],
      "material": "rubber",
      "size": "large"
    },
    {
      "3d_coords": [
        1.2979249954223633,
        -1.3264968395233154,
        0.30000001192092896
      ],
      "rotation": 122.66961251218652,
      "color": "purple",
      "shape": "cube",
      "pixel_coords": [
        312,
        291,
        9.281047821044922
      ],
      "material": "rubber",
      "size": "small"
    },
    {
      "3d_coords": [
        2.5974044799804688,
        0.9714280962944031,
        0.30000001192092896
      ],
      "rotation": 272.8447221796559,
      "color": "blue",
      "shape": "sphere",
      "pixel_coords": [
        496,
        267,
        9.782885551452637
      ],
      "material": "rubber",
      "size": "large"
    }
  ]
}