{
  "relationships": {
    "right": [
      [
        1,
        2,
        3,
        5,
        7
      ],
      [
        2,
        3,
        5,
        7
      ],
      [
        7
      ],
      [
        2,
        5,
        7
      ],
      [
        0,
        1,
        2,
        3,
        5,
        7
      ],
      [
        2,
        7
      ],
      [
        0,
        1,
        2,
        3,
        4,
        5,
        7
      ],
      []
    ],
    "left": [
      [
        4,
        6
      ],
      [
        0,
        4,
        6
      ],
      [
        0,
        1,
        3,
        4,
        5,
        6
      ],
      [
        0,
        1,
        4,
        6
      ],
      [
        6
      ],
      [
        0,
        1,
        3,
        4,
        6
      ],
      [],
      [
        0,
        1,
        2,
        3,
        4,
        5,
        6
      ]
    ],
    "behind": [
      [
        1,
        5,
        6
      ],
      [
        5
      ],
      [
        0,
        1,
        5,
        6,
        7
      ],
      [
        0,
        1,
        2,
        5,
        6,
        7
      ],
      [
        0,
        1,
        2,
        3,
        5,
        6,
        7
      ],
      [],
      [
        1,
        5
      ],
      [
        0,
        1,
        5,
        6
      ]
    ],
    "front": [
      [
        2,
        3,
        4,
        7
      ],
      [
        0,
        2,
        3,
        4,
        6,
        7
      ],
      [
        3,
        4
      ],
      [
        4
      ],
      [],
      [
        0,
        1,
        2,
        3,
        4,
        6,
        7
      ],
      [
        0,
        2,
        3,
        4,
        7
      ],
      [
        2,
        3,
        4
      ]
    ]
  },
  "image_index": 841,
  "directions": {
    "below": [
      -0.0,
      -0.0,
      -1.0
    ],
    "left": [
      -0.6563112735748291,
      -0.7544902563095093,
      0.0
    ],
    "above": [
      0.0,
      0.0,
      1.0
    ],
    "front": [
      0.754490315914154,
      -0.6563112735748291,
      -0.0
    ],
    "behind": [
      -0.754490315914154,
      0.6563112735748291,
      0.0
    ],
    "right": [
      0.6563112735748291,
      0.7544902563095093,
      -0.0
    ]
  },
  "objects": [
    {
      "shape": "cylinder",
      "pixel_coords": [
        285,
        213,
        11.506772994995117
      ],
      "color": "brown",
      "rotation": 56.67195041576329,
      "size": "large",
      "material": "rubber",
      "3d_coords": [
        -0.6428356766700745,
        -0.23749162256717682,
        0.30000001192092896
      ]
    },
    {
      "shape": "cylinder",
      "pixel_coords": [
        311,
        186,
        12.419215202331543
      ],
      "color": "red",
      "rotation": 286.38347293559826,
      "size": "small",
      "material": "rubber",
      "3d_coords": [
        -1.220450520515442,
        0.728315532207489,
        0.30000001192092896
      ]
    },
    {
      "shape": "cube",
      "pixel_coords": [
        406,
        249,
        10.491663932800293
      ],
      "color": "red",
      "rotation": 321.5246539470912,
      "size": "small",
      "material": "rubber",
      "3d_coords": [
        1.4144618511199951,
        0.5346509218215942,
        0.30000001192092896
      ]
    },
    {
      "shape": "sphere",
      "pixel_coords": [
        310,
        294,
        9.422954559326172
      ],
      "color": "gray",
      "rotation": 243.19317454967089,
      "size": "small",
      "material": "rubber",
      "3d_coords": [
        1.525626540184021,
        -1.334555983543396,
        0.30000001192092896
      ]
    },
    {
      "shape": "sphere",
      "pixel_coords": [
        204,
        342,
        8.50443172454834
      ],
      "color": "yellow",
      "rotation": 51.01771033535926,
      "size": "large",
      "material": "rubber",
      "3d_coords": [
        1.587862491607666,
        -2.984558343887329,
        0.30000001192092896
      ]
    },
    {
      "shape": "cube",
      "pixel_coords": [
        350,
        149,
        13.942464828491211
      ],
      "color": "cyan",
      "rotation": 199.03428828403472,
      "size": "small",
      "material": "rubber",
      "3d_coords": [
        -2.1403679847717285,
        2.3985650539398193,
        0.30000001192092896
      ]
    },
    {
      "shape": "sphere",
      "pixel_coords": [
        202,
        203,
        11.838327407836914
      ],
      "color": "yellow",
      "rotation": 308.73386899517885,
      "size": "small",
      "material": "rubber",
      "3d_coords": [
        -1.806822419166565,
        -1.1319488286972046,
        0.30000001192092896
      ]
    },
    {
      "shape": "sphere",
      "pixel_coords": [
        533,
        241,
        10.694795608520508
      ],
      "color": "purple",
      "rotation": 142.079863634848,
      "size": "small",
      "material": "rubber",
      "3d_coords": [
        2.4310808181762695,
        2.2445273399353027,
        0.30000001192092896
      ]
    }
  ],
  "image_filename": "CLEVR_new_000841.png",
  "split": "new"
}